{
    "resource_pack_name": "vanilla",
    "texture_name": "atlas.items",
    "texture_data": {
        "sekketsusoujutsu_stock" : {
            "textures" : "textures/items/jujutsu/sekketsusoujutsu_stock"
        },
        "senketsu" : {
            "textures" : "textures/items/jujutsu/senketsu"
        },
        "ketsujin" : {
            "textures" : "textures/items/jujutsu/ketsujin"
        },
        "ti_pack" : {
            "textures" : "textures/items/jujutsu/ti_pack"
        },
        "kikuhuku" : {
            "textures" : "textures/items/jujutsu/kikuhuku"
        },
        "tokyu_ball" : {
            "textures" : "textures/items/jujutsu/tokyu_ball"
        },
        "koryu_ball" : {
            "textures" : "textures/items/jujutsu/koryu_ball"
        },
        "gaikantettisen" : {
            "textures" : "textures/items/jujutsu/gaikantettisen"
        },
        "kioku" : {
            "textures" : "textures/items/jujutsu/kioku"
        },
        "datto" : {
            "textures" : "textures/items/jujutsu/datto"
        },
        "nanami_sunglasses" : {
            "textures" : "textures/items/jujutsu/nanami_sunglasses"
        },
        "bugiugi" : {
            "textures" : "textures/items/jujutsu/bugiugi"
        },
        "megumi_sword" : {
            "textures" : "textures/items/jujutsu/megumi_sword"
        },
        "touji_sword" : {
            "textures" : "textures/items/jujutsu/touji_sword"
        },
        "nue" : {
            "textures" : "textures/items/jujutsu/nue"
        },
        "huga" : {
            "textures" : "textures/items/jujutsu/huga"
        },
        "houki" : {
            "textures" : "textures/items/jujutsu/houki"
        },
        "banri_kusari" : {
            "textures" : "textures/items/jujutsu/banri_kusari"
        },
        "ziheiendonka" : {
            "textures" : "textures/items/jujutsu/ziheiendonka"
        },
        "hati" : {
            "textures" : "textures/items/jujutsu/hati"
        },
        "makora" : {
            "textures" : "textures/items/jujutsu/makora"
        },
        "jurei_ball" : {
            "textures" : "textures/items/jujutsu/jurei_ball"
        },
        "oriduki" : {
            "textures" : "textures/items/jujutsu/oriduki"
        },
        "mahito_hand" : {
            "textures" : "textures/items/jujutsu/mahito_hand"
        },
        "muryokusho" : {
            "textures" : "textures/items/jujutsu/muryokusho"
        },
        "guitar" : {
            "textures" : "textures/items/jujutsu/guitar"
        },
        "kasukuto" : {
            "textures" : "textures/items/jujutsu/kasukuto"
        },
        "nanami_sword" : {
            "textures" : "textures/items/jujutsu/nanami_sword"
        },
        "ito" : {
            "textures" : "textures/items/jujutsu/ito"
        },
        "jujutsu_egg" : {
            "textures" : [
                "textures/spawn_egg/jurei",
                "textures/spawn_egg/jogo",
                "textures/spawn_egg/jugai",
                "textures/spawn_egg/gojo",
                "textures/spawn_egg/shigemo",
                "textures/spawn_egg/sukuna",
                "textures/spawn_egg/tokyu",
                "textures/spawn_egg/okkotsu",
                "textures/spawn_egg/miwa",
                "textures/spawn_egg/fish",
                "textures/spawn_egg/touji",
                "textures/spawn_egg/inumaki",
                "textures/spawn_egg/oriduki",
                "textures/spawn_egg/gyokuken",
                "textures/spawn_egg/gyokuken2",
                "textures/spawn_egg/nue",
                "textures/spawn_egg/jurei2"
            ]
        },
        "shinsan" : {
            "textures" : "textures/items/jujutsu/shinsan"
        },
        "chijoku" : {
            "textures" : "textures/items/jujutsu/chijoku"
        },
        "koukai" : {
            "textures" : "textures/items/jujutsu/koukai"
        },
        "hantenjutsushiki" : {
            "textures" : "textures/items/jujutsu/hantenjutsushiki"
        },
        "gama" : {
            "textures" : "textures/items/jujutsu/gama"
        },
        "keiteiken" : {
            "textures" : "textures/items/jujutsu/keiteiken"
        },
        "okkotsu_body" : {
            "textures" : "textures/items/jujutsu/okkotsu_body"
        },
        "okkotsu_legs" : {
            "textures" : "textures/items/jujutsu/okkotsu_legs"
        },
        "seihuku_body" : {
            "textures" : "textures/items/jujutsu/seihuku_body"
        },
        "seihuku_legs" : {
            "textures" : "textures/items/jujutsu/seihuku_legs"
        },
        "hukumamidushi" : {
            "textures" : "textures/items/jujutsu/hukumamidushi"
        },
        "touji_jurei" : {
            "textures" : "textures/items/jujutsu/touji_jurei"
        },
        "tenyojubaku" : {
            "textures" : "textures/items/jujutsu/tenyojubaku"
        },
        "getou_noumiso" : {
            "textures" : "textures/items/jujutsu/getou_noumiso"
        },
        "meimei_axe" : {
            "textures" : "textures/items/jujutsu/meimei_axe"
        },
        "jogo_gokunoban" : {
            "textures" : "textures/items/jujutsu/jogo_gokunoban"
        },
        "gyokuken" : {
            "textures" : "textures/items/jujutsu/gyokuken"
        },
        "gyokuken2" : {
            "textures" : "textures/items/jujutsu/gyokuken2"
        },
        "jutaikusouzu" : {
            "textures" : "textures/items/jujutsu/jutaikusouzu"
        },
        "jutaikusouzu2" : {
            "textures" : "textures/items/jujutsu/jutaikusouzu2"
        },
        "jutaikusouzu3" : {
            "textures" : "textures/items/jujutsu/jutaikusouzu3"
        },
        "naginata" : {
            "textures" : "textures/items/jujutsu/naginata"
        },
        "amanosakahoko" : {
            "textures" : "textures/items/jujutsu/amanosakahoko"
        },
        "nodonaoru" : {
            "textures" : "textures/items/jujutsu/nodonaoru"
        },
        "yuun" : {
            "textures" : "textures/items/jujutsu/yuun"
        },
        "inumaki_megaphone" : {
            "textures" : "textures/items/jujutsu/inumaki_megaphone"
        },
        "jugon" : {
            "textures" : "textures/items/jujutsu/jugon"
        },
        "jugon2" : {
            "textures" : "textures/items/jujutsu/jugon2"
        },
        "hunokanjou" : {
            "textures" : "textures/items/jujutsu/hunokanjou"
        },
        "okkotsu_sword2" : {
            "textures" : "textures/items/jujutsu/okkotsu_sword2"
        },
        "sword2" : {
            "textures" : "textures/items/jujutsu/sword/sword"
        },
        "sword3" : {
            "textures" : "textures/items/jujutsu/sword/sword2"
        },
        "sword4" : {
            "textures" : "textures/items/jujutsu/sword/sword3"
        },
        "nail" : {
            "textures" : "textures/items/jujutsu/nail"
        },
        "nail2" : {
            "textures" : "textures/items/jujutsu/nail2"
        },
        "hammer" : {
            "textures" : "textures/items/jujutsu/hammer"
        },
        "rikugan" : {
            "textures" : "textures/items/jujutsu/rikugan"
        },
        "tozama" : {
            "textures" : "textures/items/jujutsu/tozama"
        },
        "aka" : {
            "textures" : "textures/items/jujutsu/aka"
        },
        "ao" : {
            "textures" : "textures/items/jujutsu/ao"
        },
        "murasaki" : {
            "textures" : "textures/items/jujutsu/murasaki"
        },
        "gokumonkyou" : {
            "textures" : "textures/items/jujutsu/gokumonkyou"
        },
        "gokumonkyou2" : {
            "textures" : "textures/items/jujutsu/gokumonkyou2"
        },
        "sukuna_finger" : {
            "textures" : "textures/items/jujutsu/finger"
        },
        "okkotsu_sword" : {
            "textures" : "textures/items/jujutsu/okkotsu_sword"
        },
        "shigemo_sword" : {
            "textures" : "textures/items/jujutsu/shigemo_sword"
        },
        "miwa_sword" : {
            "textures" : "textures/items/jujutsu/miwa_sword"
        },
        "tobari" : {
            "textures" : "textures/entity/jujutsu/tobari"
        }
    }
}
