{
   "format_version": "1.10.0",
   "minecraft:entity": {
      "description": {
         "identifier": "che:death",
         "is_spawnable": false,
         "is_summonable": true,
         "is_experimental": false,
         "runtime_identifier": "minecraft:snowball",
         "scripts": {
            "animate": [
               "death"
            ]
         },
         "animations": {
            "death": "controller.animation.death"
         }
      },
      "component_groups": {
         "exploding": {
            "minecraft:explode": {
               "fuseLength": 4,
               "power": 0,
               "fuseLit": true,
               "causesFire": false
            }
         }
      },
      "components": {
         "minecraft:collision_box": {
            "width": 0.1,
            "height": 0.1
         },
         "minecraft:projectile": {
            "onHit": {
               "impact_damage": {
                  "damage": 99999,
                  "knockback": true,
                  "semi_random_diff_damage": false,
                  "destroy_on_hit": false
               },
               "arrow_effect": {}
            },
            "power": 3,
            "gravity": 0,
            "angleoffset": 0,
            "stopOnHurt": false,
            "anchor": 1,
            "shouldbounce": false,
            "offset": [
               0,
               0,
               -0.1
            ]
         },
         "minecraft:explode": {
            "fuseLength": 7,
            "power": 0,
            "fuseLit": true,
            "causesFire": true
         },
         "minecraft:scale": {
            "value": 2
         }
      }
   }
}