{
   "format_version": "1.16.0",
   "minecraft:entity": {
      "description": {
         "identifier": "che:jump",
         "is_spawnable": false,
         "is_summonable": true,
         "is_experimental": false,
         "runtime_identifier": "minecraft:snowball",
         "scripts": {
            "animate": [
               "ride"
            ]
         },
         "animations": {
            "ride": "controller.animation.saitama.ride"
         }
      },
      "components": {
         "minecraft:collision_box": {
            "width": 0.25,
            "height": 0.25
         },
         "minecraft:projectile": {
            "on_hit": {
               "impact_damage": {
                  "damage": 10,
                  "knockback": true
               },
               "definition_event": {
                  "event_trigger": {
                     "event": "exploding",
                     "target": "self"
                  }
               }
            },
            "anchor": 1,
            "power": 3,
            "gravity": 0.02,
            "angle_offset": 0,
            "offset": [
               0,
               0,
               0
            ],
            "shoot_target": true
         },
         "minecraft:physics": {},
         "minecraft:pushable": {
            "is_pushable": false,
            "is_pushable_by_piston": true
         },
         "minecraft:rideable": {
            "seat_count": 1,
            "pull_in_entities": true,
            "seats": [
               {
                  "position": [
                     0,
                     0,
                     0
                  ],
                  "rotate_rider_by": 0,
                  "lock_rider_rotation": 0
               }
            ]
         },
         "minecraft:explode": {
            "fuse_length": 2,
            "fuse_lit": true,
            "power": 1,
            "causes_fire": false,
            "destroy_affected_by_griefing": true
         }
      },
      "component_groups": {
         "exploding": {
            "minecraft:explode": {
               "fuseLength": 0,
               "fuseLit": true,
               "power": 1,
               "causesFire": false,
               "destroyAffectedByGriefing": true
            }
         }
      },
      "events": {
         "exploding": {
            "add": {
               "component_groups": [
                  "exploding"
               ]
            }
         }
      }
   }
}