{
   "format_version": "1.16.0",
   "minecraft:entity": {
      "description": {
         "identifier": "che:saitama",
         "is_experimental": false,
         "is_spawnable": true,
         "is_summonable": true,
         "scripts": {
            "animate": [
               "death",
               "down",
               "punch",
               {
                  "bam": "query.is_casting && query.mark_variant == 1"
               },
               {
                  "kill": "query.is_delayed_attacking && query.mark_variant == 1"
               }
            ]
         },
         "animations": {
            "death": "controller.animation.saitama.death",
            "down": "controller.animation.saitama.down",
            "punch": "controller.animation.saitama.punch",
            "bam": "animation.bam",
            "kill": "animation.kill"
         }
      },
      "component_groups": {
         "np": {
            "minecraft:attack": {
               "damage": 999999
            },
            "minecraft:timer": {
               "looping": false,
               "time": 10,
               "time_down_event": {
                  "event": "power",
                  "target": "self"
               }
            },
            "minecraft:mark_variant": {
               "value": 0
            },
            "minecraft:behavior.delayed_attack": {
               "speed_multiplier": 1,
               "priority": 1,
               "reach_multiplier": 1,
               "attack_duration": 0.48,
               "hit_delay_pct": 0.12,
               "track_target": true,
               "attack_once": true
            }
         },
         "sp": {
            "minecraft:timer": {
               "looping": false,
               "time": 2,
               "time_down_event": {
                  "event": "power4",
                  "target": "self"
               }
            },
            "minecraft:behavior.summon_entity": {
               "priority": 1,
               "summon_choices": [
                  {
                     "cast_duration": 0.8,
                     "cooldown_time": 10,
                     "max_activation_range": 3,
                     "min_activation_range": 0,
                     "sequence": [
                        {
                           "base_delay": 0.52,
                           "delay_per_summon": 0,
                           "entity_lifespan": 1,
                           "entity_type": "che:power",
                           "num_entities_spawned": 1,
                           "shape": "circle",
                           "size": 0,
                           "sound_event": "poweer",
                           "target": "self"
                        }
                     ],
                     "start_sound_event": "power",
                     "weight": 3
                  }
               ]
            },
            "minecraft:mark_variant": {
               "value": 0
            }
         },
         "death": {
            "minecraft:shooter": {
               "def": "che:death"
            },
            "minecraft:behavior.ranged_attack": {
               "attack_interval_max": 10,
               "attack_interval_min": 10,
               "attack_radius": 35,
               "speed_multiplier": 1,
               "charge_shoot_trigger": 0.84,
               "priority": 1,
               "charge_charged_trigger": 0
            },
            "minecraft:timer": {
               "looping": false,
               "time": 2,
               "time_down_event": {
                  "event": "power3",
                  "target": "self"
               }
            },
            "minecraft:mark_variant": {
               "value": 0
            }
         },
         "down": {
            "minecraft:behavior.summon_entity": {
               "priority": 1,
               "summon_choices": [
                  {
                     "cast_duration": 0.68,
                     "cooldown_time": 10,
                     "max_activation_range": 4,
                     "min_activation_range": 0,
                     "sequence": [
                        {
                           "base_delay": 0,
                           "delay_per_summon": 0,
                           "entity_lifespan": 0,
                           "entity_type": {},
                           "num_entities_spawned": 0,
                           "shape": "circle",
                           "size": 0,
                           "sound_event": "Bom",
                           "target": "self"
                        }
                     ],
                     "start_sound_event": "Krr",
                     "weight": 3
                  }
               ]
            },
            "minecraft:timer": {
               "looping": false,
               "time": 2,
               "time_down_event": {
                  "event": "power5",
                  "target": "self"
               }
            },
            "minecraft:mark_variant": {
               "value": 1
            }
         },
         "ssp": {
            "minecraft:attack": {
               "damage": 999999
            },
            "minecraft:timer": {
               "looping": false,
               "time": 2,
               "time_down_event": {
                  "event": "power2",
                  "target": "self"
               }
            },
            "minecraft:mark_variant": {
               "value": 1
            },
            "minecraft:behavior.delayed_attack": {
               "speed_multiplier": 1,
               "priority": 1,
               "reach_multiplier": 1,
               "attack_duration": 0.68,
               "hit_delay_pct": 0.48,
               "track_target": true,
               "attack_once": true
            }
         },
         "jump": {
            "minecraft:shooter": {
               "def": "che:jump"
            },
            "minecraft:behavior.ranged_attack": {
               "attack_interval_max": 10,
               "attack_interval_min": 10,
               "attack_radius": 100,
               "speed_multiplier": 0.5,
               "charge_shoot_trigger": 0.2,
               "priority": 1,
               "charge_charged_trigger": 0
            },
            "minecraft:timer": {
               "looping": false,
               "time": 3,
               "time_down_event": {
                  "event": "power3",
                  "target": "self"
               }
            },
            "minecraft:mark_variant": {
               "value": 1
            }
         }
      },
      "components": {
         "minecraft:behavior.hurt_by_target": {
            "priority": 1
         },
         "minecraft:behavior.look_at_player": {
            "look_distance": 6,
            "priority": 8,
            "probability": 0.02
         },
         "minecraft:behavior.move_towards_restriction": {
            "priority": 7,
            "speed_multiplier": 2
         },
         "minecraft:behavior.random_look_around": {
            "priority": 9
         },
         "minecraft:behavior.random_stroll": {
            "priority": 7,
            "speed_multiplier": 1
         },
         "minecraft:breathable": {
            "breathes_air": true,
            "breathes_water": true,
            "suffocate_time": 0,
            "total_supply": 9999
         },
         "minecraft:can_climb": {},
         "minecraft:fire_immune": false,
         "minecraft:follow_range": {
            "max": 300,
            "value": 300
         },
         "minecraft:jump.static": {},
         "minecraft:movement.basic": {},
         "minecraft:nameable": {},
         "minecraft:navigation.walk": {
            "can_break_doors": true,
            "can_pass_doors": true,
            "can_walk": true,
            "is_amphibious": true
         },
         "minecraft:physics": {},
         "minecraft:pushable": {
            "is_pushable": false,
            "is_pushable_by_piston": true
         },
         "minecraft:type_family": {
            "family": [
               "saitama",
               "villager",
               "player"
            ]
         },
         "minecraft:collision_box": {
            "height": 3.5,
            "width": 0.8
         },
         "minecraft:health": {
            "max": 999999,
            "value": 999999,
            "min": 999999
         },
         "minecraft:knockback_resistance": {
            "value": 100
         },
         "minecraft:behavior.nearest_attackable_target": {
            "entity_types": [
               {
                  "filters": {
                     "any_of": [
                        {
                           "subject": "other",
                           "test": "is_family",
                           "value": "monster"
                        },
                        {
                           "subject": "other",
                           "test": "is_family",
                           "value": "creeper"
                        },
                        {
                           "subject": "other",
                           "test": "is_family",
                           "value": "cartoon"
                        },
                        {
                           "subject": "other",
                           "test": "is_family",
                           "value": "illager"
                        }
                     ]
                  },
                  "max_dist": 200,
                  "must_see": false
               },
               {
                  "filters": {
                     "any_of": [
                        {
                           "subject": "other",
                           "test": "is_family",
                           "value": "cc"
                        },
                        {
                           "subject": "other",
                           "test": "is_family",
                           "value": "boss"
                        },
                        {
                           "subject": "other",
                           "test": "is_family",
                           "value": "cartoon_cat"
                        },
                        {
                           "subject": "other",
                           "test": "is_family",
                           "value": "sans"
                        },
                        {
                           "subject": "other",
                           "test": "is_family",
                           "value": "th"
                        },
                        {
                           "subject": "other",
                           "test": "is_family",
                           "value": "siren_head"
                        },
                        {
                           "subject": "other",
                           "test": "is_family",
                           "value": "scp"
                        },
                        {
                           "subject": "other",
                           "test": "is_family",
                           "value": "scp096"
                        },
                        {
                           "subject": "other",
                           "test": "is_family",
                           "value": "bendy"
                        },
                        {
                           "subject": "other",
                           "test": "is_family",
                           "value": "betty"
                        },
                        {
                           "subject": "other",
                           "test": "is_family",
                           "value": "saness"
                        },
                        {
                           "subject": "other",
                           "test": "is_family",
                           "value": "monster"
                        },
                        {
                           "subject": "other",
                           "test": "is_family",
                           "value": "godzilla"
                        },
                        {
                           "subject": "other",
                           "test": "is_family",
                           "value": "pain"
                        },
                        {
                           "subject": "other",
                           "test": "is_family",
                           "value": "janitor"
                        },
                        {
                           "subject": "other",
                           "test": "is_family",
                           "value": "lady"
                        },
                        {
                           "subject": "other",
                           "test": "is_family",
                           "value": "chef_ln"
                        }
                     ]
                  },
                  "max_dist": 200,
                  "must_see": false
               }
            ],
            "must_see": true,
            "must_see_forget_duration": 10000,
            "priority": 2,
            "reselect_targets": true,
            "within_radius": 200
         },
         "minecraft:target_nearby_sensor": {
            "inside_range": 14,
            "on_inside_range": {
               "event": "power",
               "target": "self"
            },
            "outside_range": 15,
            "on_outside_range": {
               "event": "jump",
               "target": "self"
            }
         },
         "minecraft:scale": {
            "value": 0.6
         },
         "minecraft:behavior.float": {
            "priority": 0
         },
         "minecraft:movement": {
            "value": 0.22
         }
      },
      "events": {
         "power": {
            "randomize": [
               {
                  "weight": 80,
                  "add": {
                     "component_groups": [
                        "sp"
                     ]
                  },
                  "remove": {
                     "component_groups": [
                        "np",
                        "death",
                        "down",
                        "ssp"
                     ]
                  }
               },
               {
                  "weight": 10,
                  "add": {
                     "component_groups": [
                        "death"
                     ]
                  },
                  "remove": {
                     "component_groups": [
                        "np",
                        "sp",
                        "down",
                        "ssp"
                     ]
                  }
               },
               {
                  "weight": 50,
                  "add": {
                     "component_groups": [
                        "down"
                     ]
                  },
                  "remove": {
                     "component_groups": [
                        "np",
                        "sp",
                        "death",
                        "ssp"
                     ]
                  }
               },
               {
                  "weight": 60,
                  "add": {
                     "component_groups": [
                        "ssp"
                     ]
                  },
                  "remove": {
                     "component_groups": [
                        "np",
                        "sp",
                        "death",
                        "down"
                     ]
                  }
               }
            ]
         },
         "power2": {
            "randomize": [
               {
                  "weight": 140,
                  "add": {
                     "component_groups": [
                        "np"
                     ]
                  },
                  "remove": {
                     "component_groups": [
                        "sp",
                        "death",
                        "down",
                        "ssp"
                     ]
                  }
               },
               {
                  "weight": 80,
                  "add": {
                     "component_groups": [
                        "sp"
                     ]
                  },
                  "remove": {
                     "component_groups": [
                        "np",
                        "death",
                        "down",
                        "ssp"
                     ]
                  }
               },
               {
                  "weight": 10,
                  "add": {
                     "component_groups": [
                        "death"
                     ]
                  },
                  "remove": {
                     "component_groups": [
                        "np",
                        "sp",
                        "down",
                        "ssp"
                     ]
                  }
               },
               {
                  "weight": 50,
                  "add": {
                     "component_groups": [
                        "down"
                     ]
                  },
                  "remove": {
                     "component_groups": [
                        "np",
                        "sp",
                        "death",
                        "ssp"
                     ]
                  }
               }
            ]
         },
         "power3": {
            "randomize": [
               {
                  "weight": 140,
                  "add": {
                     "component_groups": [
                        "np"
                     ]
                  },
                  "remove": {
                     "component_groups": [
                        "sp",
                        "death",
                        "down",
                        "ssp"
                     ]
                  }
               },
               {
                  "weight": 80,
                  "add": {
                     "component_groups": [
                        "sp"
                     ]
                  },
                  "remove": {
                     "component_groups": [
                        "np",
                        "death",
                        "down",
                        "ssp"
                     ]
                  }
               },
               {
                  "weight": 50,
                  "add": {
                     "component_groups": [
                        "down"
                     ]
                  },
                  "remove": {
                     "component_groups": [
                        "np",
                        "sp",
                        "death",
                        "ssp"
                     ]
                  }
               },
               {
                  "weight": 60,
                  "add": {
                     "component_groups": [
                        "ssp"
                     ]
                  },
                  "remove": {
                     "component_groups": [
                        "np",
                        "sp",
                        "death",
                        "down"
                     ]
                  }
               }
            ]
         },
         "power4": {
            "randomize": [
               {
                  "weight": 140,
                  "add": {
                     "component_groups": [
                        "np"
                     ]
                  },
                  "remove": {
                     "component_groups": [
                        "sp",
                        "death",
                        "down",
                        "ssp"
                     ]
                  }
               },
               {
                  "weight": 10,
                  "add": {
                     "component_groups": [
                        "death"
                     ]
                  },
                  "remove": {
                     "component_groups": [
                        "np",
                        "sp",
                        "down",
                        "ssp"
                     ]
                  }
               },
               {
                  "weight": 50,
                  "add": {
                     "component_groups": [
                        "down"
                     ]
                  },
                  "remove": {
                     "component_groups": [
                        "np",
                        "sp",
                        "death",
                        "ssp"
                     ]
                  }
               },
               {
                  "weight": 60,
                  "add": {
                     "component_groups": [
                        "ssp"
                     ]
                  },
                  "remove": {
                     "component_groups": [
                        "np",
                        "sp",
                        "death",
                        "down"
                     ]
                  }
               }
            ]
         },
         "power5": {
            "randomize": [
               {
                  "weight": 140,
                  "add": {
                     "component_groups": [
                        "np"
                     ]
                  },
                  "remove": {
                     "component_groups": [
                        "sp",
                        "death",
                        "down",
                        "ssp"
                     ]
                  }
               },
               {
                  "weight": 80,
                  "add": {
                     "component_groups": [
                        "sp"
                     ]
                  },
                  "remove": {
                     "component_groups": [
                        "np",
                        "death",
                        "down",
                        "ssp"
                     ]
                  }
               },
               {
                  "weight": 10,
                  "add": {
                     "component_groups": [
                        "death"
                     ]
                  },
                  "remove": {
                     "component_groups": [
                        "np",
                        "sp",
                        "down",
                        "ssp"
                     ]
                  }
               },
               {
                  "weight": 60,
                  "add": {
                     "component_groups": [
                        "ssp"
                     ]
                  },
                  "remove": {
                     "component_groups": [
                        "np",
                        "sp",
                        "death",
                        "down"
                     ]
                  }
               }
            ]
         },
         "jump": {
            "add": {
               "component_groups": [
                  "jump"
               ]
            }
         }
      }
   }
}