{
   "format_version": "1.10.0",
   "minecraft:client_entity": {
      "description": {
         "identifier": "che:kh",
         "materials": {
            "default": "charged_creeper",
            "bdama1": "npc"
         },
         "textures": {
            "default": "textures/entity/kh",
            "bdama": "textures/entity/bdama"
         },
         "geometry": {
            "default": "geometry.kh",
            "bdama1": "geometry.bdama1"
         },
         "animations": {
            "kh_general": "animation.kh.general",
            "bdama": "animation.kh.bdama",
            "attack1": "animation.kh.attack1",
            "look_at_target": "animation.common.look_at_target",
            "general": "controller.animation.kh.general",
            "attack": "controller.animation.kh.attack",
            "bd": "controller.animation.kh.bdama"
         },
         "scripts": {
            "animate": [
               "attack",
               "general",
               "bd"
            ],
            "pre_animation": [
               "variable.attack = Math.sin(variable.attack_time * 30.0);",
               "variable.random = math.round(math.random(0,2));",
               "variable.random1 = math.round(math.random(0,2));"
            ]
         },
         "render_controllers": [
            "controller.render.naruto",
            "controller.render.naruto4"
         ],
         "spawn_egg": {
            "texture": "",
            "texture_index": 2
         }
      }
   }
}