{
 "format_version": "1.10.0",
 "minecraft:client_entity": {
  "description": {
   "identifier": "che:naruto",
   "materials": {
    "default": "npc",
    "rasenshuriken1": "charged_creeper",
    "rasengan1": "charged_creeper"
   },
   "textures": {
    "default": "textures/entity/naruto",
    "rasenshuriken": "textures/entity/rasenshuriken",
    "rasengan": "textures/entity/rasengan"
   },
   "geometry": {
    "default": "geometry.naruto",
    "rasenshuriken1": "geometry.rasenshuriken1",
    "rasengan1": "geometry.rasengan1"
   },
   "animations": {
    "moving": "animation.naruto.moving",
    "running": "animation.naruto.running",
    "naruto_general": "animation.naruto.general",
    "attack2": "animation.naruto.attack2",
    "attack3": "animation.naruto.attack3",
    "attack1": "animation.naruto.attack1",
    "attack4": "animation.naruto.attack4",
    "attack5": "animation.naruto.attack5",
    "clone": "animation.naruto.clone",
    "rasenshuriken": "animation.naruto.rasenshuriken",
    "rasengan": "animation.naruto.rasengan",
    "prepare": "animation.naruto.prepare",
    "look_at_target": "animation.common.look_at_target",
    "move": "controller.animation.naruto.move",
    "general": "controller.animation.naruto.general",
    "attack": "controller.animation.naruto.attack"
   },
   "scripts": {
    "animate": [
     "move",
     "attack",
     "general"
    ],
    "pre_animation": [
     "variable.attack = Math.sin(variable.attack_time * 30.0);",
     "variable.random = math.round(math.random(0,4));",
     "variable.random1 = math.round(math.random(0,2));"
    ]
   },
   "render_controllers": [
    "controller.render.naruto",
    "controller.render.naruto2",
    "controller.render.naruto3"
   ],
   "spawn_egg": {
    "texture": "naruto",
    "texture_index": 2
   }
  }
 }
}