{
   "format_version": "1.10.0",
   "minecraft:client_entity": {
      "description": {
         "identifier": "che:pain",
         "materials": {
            "default": "npc"
         },
         "textures": {
            "default": "textures/entity/pain"
         },
         "geometry": {
            "default": "geometry.pain"
         },
         "animations": {
            "moving": "animation.pain.moving",
            "running": "animation.pain.running",
            "pain_general": "animation.pain.general",
            "attack2": "animation.pain.attack2",
            "attack3": "animation.pain.attack3",
            "attack1": "animation.pain.attack1",
            "push": "animation.pain.push",
            "pull": "animation.pain.pull",
            "drain": "animation.pain.drain",
            "allmightypush": "animation.pain.allmightypush",
            "prepare2": "animation.pain.prepare2",
            "look_at_target": "animation.common.look_at_target",
            "move": "controller.animation.pain.move",
            "general": "controller.animation.pain.general",
            "attack": "controller.animation.pain.attack"
         },
         "scripts": {
            "animate": [
               "move",
               "attack",
               "general"
            ],
            "pre_animation": [
               "variable.attack = Math.sin(variable.attack_time * 30.0);",
               "variable.random = math.round(math.random(0,2));",
               "variable.random1 = math.round(math.random(0,2));"
            ]
         },
         "render_controllers": [
            "controller.render.naruto"
         ],
         "spawn_egg": {
            "texture": "pain",
            "texture_index": 2
         }
      }
   }
}