{
  "format_version": "1.10.0",
  "minecraft:client_entity": {
    "description": {
      "identifier": "che:rasengan",
      "materials": {
        "default": "charged_creeper"
      },
      "textures": {
        "default": "textures/entity/rasengan"
      },
      "geometry": {
        "default": "geometry.rasengan"
      },
      "animations": {
        "moving": "animation.rasengan.moving",

        "move": "controller.animation.rasengan.move"
      },
      "scripts": {
        "animate": [
          "move"
        ],
        "pre_animation": [
          "variable.attack = Math.sin(variable.attack_time * 30.0);"
        ]
      },
      "render_controllers": [
        "controller.render.naruto"
      ],
      "spawn_egg": {
        "texture": "",
        "texture_index": 2
      }
    }
  }
}