{"format_version":"1.10","minecraft:entity":{"component_groups":{"ammo:1":{"minecraft:mark_variant":{"value":1}},"base":{"minecraft:mark_variant":{"value":0}},"decay":{"minecraft:health":{"max":40,"value":40},"minecraft:is_stunned":{},"minecraft:movement":{"value":0.1},"minecraft:spell_effects":{"add_effects":[{"amplifier":255,"display_on_screen_animation":false,"duration":60000,"effect":"saturation"},{"amplifier":1,"display_on_screen_animation":false,"duration":60000,"effect":"regeneration"}]}},"denki":{"minecraft:health":{"max":28,"value":28},"minecraft:movement":{"value":0.1},"minecraft:spell_effects":{"add_effects":[{"amplifier":4,"display_on_screen_animation":false,"duration":8888888888,"effect":"jump_boost"},{"amplifier":1,"display_on_screen_animation":false,"duration":88888888888,"effect":"night_vision"},{"amplifier":251,"display_on_screen_animation":false,"duration":88888888888,"effect":"saturation"}]}},"eln:ahead_fire":{"minecraft:spawn_entity":[{"max_wait_time":0,"min_wait_time":0,"num_to_spawn":1,"single_use":true,"spawn_entity":"eln:ahead"}]},"eln:ap_shoot_fire":{"minecraft:spawn_entity":[{"max_wait_time":0,"min_wait_time":0,"num_to_spawn":1,"single_use":true,"spawn_entity":"eln:ap_shoot"}]},"eln:armor_event_play":{"minecraft:health":{"max":36,"value":36},"minecraft:movement":{"value":0.1},"minecraft:spell_effects":{"add_effects":[{"amplifier":3,"display_on_screen_animation":false,"duration":60000,"effect":"jump_boost"},{"amplifier":1,"display_on_screen_animation":false,"duration":60000,"effect":"resistance"},{"amplifier":1,"display_on_screen_animation":false,"duration":60000,"effect":"strength"}]}},"eln:mode_fire":{"minecraft:spawn_entity":[{"max_wait_time":0,"min_wait_time":0,"num_to_spawn":1,"single_use":true,"spawn_entity":"eln:mode"}]},"eln:up_fire":{"minecraft:spawn_entity":[{"max_wait_time":0,"min_wait_time":0,"num_to_spawn":1,"single_use":true,"spawn_entity":"eln:up"}]},"hif:armor_event_play":{"minecraft:health":{"max":20,"value":20},"minecraft:movement":{"value":0.1},"minecraft:spell_effects":{"add_effects":[{"amplifier":3,"display_on_screen_animation":false,"duration":60000,"effect":"jump_boost"},{"amplifier":1,"display_on_screen_animation":false,"duration":60000,"effect":"night_vision"},{"amplifier":251,"display_on_screen_animation":false,"duration":60000,"effect":"saturation"}]}},"ofa:armor_event_play":{"minecraft:health":{"max":24,"value":24},"minecraft:movement":{"value":0.1},"minecraft:spell_effects":{"add_effects":[{"amplifier":1,"display_on_screen_animation":false,"duration":60000,"effect":"jump_boost"},{"amplifier":1,"display_on_screen_animation":false,"duration":60000,"effect":"resistance"},{"amplifier":1,"display_on_screen_animation":false,"duration":60000,"effect":"saturation"},{"amplifier":1,"display_on_screen_animation":false,"duration":60000,"effect":"speed"},{"amplifier":1,"display_on_screen_animation":false,"duration":60000,"effect":"strength"}]}},"ofa:oh_fire":{"minecraft:spawn_entity":[{"max_wait_time":0,"min_wait_time":0,"num_to_spawn":1,"single_use":true,"spawn_entity":"ofa:oh"}]},"ofa:removea_fire":{"minecraft:spawn_entity":[{"max_wait_time":0,"min_wait_time":0,"num_to_spawn":1,"single_use":true,"spawn_entity":"ofa:remove"}]},"ofa:shoot_style_fire":{"minecraft:spawn_entity":[{"max_wait_time":0,"min_wait_time":0,"num_to_spawn":1,"single_use":true,"spawn_entity":"ofa:shoot_style"}]},"ofa:smash_fire":{"minecraft:spawn_entity":[{"max_wait_time":0,"min_wait_time":0,"num_to_spawn":1,"single_use":true,"spawn_entity":"ofa:smash"}]},"pamobile:respawn":{"minecraft:attack":{"damage":1},"minecraft:health":{"max":20,"value":20},"minecraft:mark_variant":{"value":99999},"minecraft:movement":{"value":0.1},"minecraft:spell_effects":{"remove_effects":[]}}},"components":{"minecraft:breathable":{"generatesBubbles":false,"inhaleTime":3.75,"suffocateTime":-1,"totalSupply":15},"minecraft:can_climb":{},"minecraft:collision_box":{"height":1.8,"width":0.6},"minecraft:environment_sensor":[{"on_environment":{"event":"pamobile:refresh_player","filters":{"any_of":[{"subject":"self","test":"is_family","value":"player"}]}}},{"on_environment":{"event":"ammo:1","filters":{"all_of":[{"domain":"hand","subject":"self","test":"has_equipment","value":"ofa:shoot_style"},{"subject":"self","test":"is_family","value":"player"}]}}},{"on_environment":{"event":"ammo:1","filters":{"all_of":[{"domain":"hand","subject":"self","test":"has_equipment","value":"ofa:smash"},{"subject":"self","test":"is_family","value":"player"}]}}},{"on_environment":{"event":"ammo:1","filters":{"all_of":[{"domain":"hand","subject":"self","test":"has_equipment","value":"ofa:remove"},{"subject":"self","test":"is_family","value":"player"}]}}},{"on_environment":{"event":"ammo:1","filters":{"all_of":[{"domain":"hand","subject":"self","test":"has_equipment","value":"ofa:oh"},{"subject":"self","test":"is_family","value":"player"}]}}},{"on_environment":{"event":"ammo:1","filters":{"all_of":[{"domain":"hand","subject":"self","test":"has_equipment","value":"eln:ahead"},{"subject":"self","test":"is_family","value":"player"}]}}},{"on_environment":{"event":"ammo:1","filters":{"all_of":[{"domain":"hand","subject":"self","test":"has_equipment","value":"eln:up"},{"subject":"self","test":"is_family","value":"player"}]}}},{"on_environment":{"event":"ammo:1","filters":{"all_of":[{"domain":"hand","subject":"self","test":"has_equipment","value":"eln:mode"},{"subject":"self","test":"is_family","value":"player"}]}}},{"on_environment":{"event":"hif:armor_event_hold","filters":{"all_of":[{"domain":"hand","subject":"self","test":"has_equipment","value":"hif:armor"}]}}},{"on_environment":{"event":"hif:armor_event_play","filters":{"all_of":[{"domain":"head","subject":"self","test":"has_equipment","value":"hif:armor"}]}}},{"on_environment":{"event":"ofa:armor_event_hold","filters":{"all_of":[{"domain":"hand","subject":"self","test":"has_equipment","value":"ofa:armor"}]}}},{"on_environment":{"event":"ofa:armor_event_play","filters":{"all_of":[{"domain":"head","subject":"self","test":"has_equipment","value":"ofa:armor"}]}}},{"on_environment":{"event":"eln:armor_event_hold","filters":{"all_of":[{"domain":"hand","subject":"self","test":"has_equipment","value":"eln:armor"}]}}},{"on_environment":{"event":"eln:armor_event_play","filters":{"all_of":[{"domain":"head","subject":"self","test":"has_equipment","value":"eln:armor"}]}}},{"on_environment":{"event":"decay","filters":{"all_of":[{"operator":"==","subject":"self","test":"has_tag","value":"decay"}]}}},{"on_environment":{"event":"denki","filters":{"all_of":[{"domain":"head","subject":"self","test":"has_equipment","value":"armor:denki"}]}}}],"minecraft:insomnia":{"days_until_insomnia":3},"minecraft:loot":{"table":"loot_tables/empty.json"},"minecraft:movement":{"value":0.1},"minecraft:nameable":{"allowNameTagRenaming":false,"alwaysShow":true},"minecraft:physics":{},"minecraft:player.exhaustion":{"max":4,"value":0},"minecraft:player.experience":{"max":1,"value":0},"minecraft:player.level":{"max":24791,"value":0},"minecraft:player.saturation":{"value":20},"minecraft:rideable":{"family_types":["parrot_tame"],"pull_in_entities":true,"seat_count":2,"seats":[{"lock_rider_rotation":0,"max_rider_count":0,"min_rider_count":0,"position":[0.4,-0.15,0.04]},{"lock_rider_rotation":0,"max_rider_count":2,"min_rider_count":1,"position":[-0.4,-0.15,0.04]}]},"minecraft:scaffolding_climber":{},"minecraft:type_family":{"family":["player"]}},"description":{"animations":{"decay":"controller.animation.decay","denki":"controller.animation.armor_denki","elec_a":"controller.animation.skill_elec_a","elec_b":"controller.animation.skill_elec_b","electric":"controller.animation.quick_electric","electricc":"controller.animation.remove_quick_electric","eln:ahead":"controller.animation.eln_ahead","eln:ap_shoot":"controller.animation.eln_ap_shoot","eln:armor":"controller.animation.eln_armor","eln:mode":"controller.animation.eln_mode","eln:remove":"controller.animation.eln_remove","eln:up":"controller.animation.eln_up","hif:armor":"controller.animation.hif_armor","hif:fire":"controller.animation.hif_fire","hif:ice":"controller.animation.hif_ice","hif:mode":"controller.animation.hif_mode","hif:removeb":"controller.animation.hif_removeb","ofa:armor":"controller.animation.ofa_armor","ofa:last_hit":"controller.animation.ofa_last_hit","ofa:oh":"controller.animation.ofa_oh","ofa:removea":"controller.animation.ofa_removea","ofa:shoot_style":"controller.animation.ofa_shoot_style","ofa:smash":"controller.animation.ofa_smash","quirk_decay":"controller.animation.quirk_decay","remove_decay":"controller.animation.remove_quirk_decay","walk":"controller.animation.walk"},"identifier":"minecraft:player","is_experimental":false,"is_spawnable":false,"is_summonable":false,"scripts":{"animate":["walk","ofa:shoot_style","ofa:smash","ofa:removea","ofa:oh","eln:ahead","eln:up","eln:mode","hif:mode","hif:removeb","hif:ice","hif:fire","eln:remove","hif:armor","ofa:armor","eln:armor","eln:ap_shoot","ofa:last_hit","electric","electricc","elec_a","elec_b","denki","decay","quirk_decay","remove_decay"]}},"events":{"ammo:1":{"add":{"component_groups":["ammo:1"]},"remove":{"component_groups":["ammo:1"]}},"ammo:2":{"add":{"component_groups":["ammo:2"]},"remove":{"component_groups":["ammo:2"]}},"base":{"add":{"component_groups":["base"]},"remove":{"component_groups":[]}},"decay":{"add":{"component_groups":["decay"]}},"denki":{"add":{"component_groups":["denki"]}},"eln:ahead_fire":{"add":{"component_groups":["eln:ahead_fire"]}},"eln:ap_shoot_fire":{"add":{"component_groups":["eln:ap_shoot_fire"]}},"eln:armor_event_hold":{"add":{"component_groups":["eln:armor_event_hold"]}},"eln:armor_event_play":{"add":{"component_groups":["eln:armor_event_play"]}},"eln:mode_fire":{"add":{"component_groups":["eln:mode_fire"]}},"eln:up_fire":{"add":{"component_groups":["eln:up_fire"]}},"hif:armor_event_hold":{"add":{"component_groups":["hif:armor_event_hold"]}},"hif:armor_event_play":{"add":{"component_groups":["hif:armor_event_play"]}},"minecraft:entity_spawned":{"add":{"component_groups":["pamobile:respawn"]},"remove":{}},"ofa:armor_event_hold":{"add":{"component_groups":["ofa:armor_event_hold"]}},"ofa:armor_event_play":{"add":{"component_groups":["ofa:armor_event_play"]}},"ofa:oh_fire":{"add":{"component_groups":["ofa:oh_fire"]}},"ofa:removea_fire":{"add":{"component_groups":["ofa:removea_fire"]}},"ofa:shoot_style_fire":{"add":{"component_groups":["ofa:shoot_style_fire"]}},"ofa:smash_fire":{"add":{"component_groups":["ofa:smash_fire"]}},"pamobile:refresh_player":{"add":{"component_groups":["pamobile:respawn"]},"remove":{"component_groups":[]}},"remove:decay":{"remove":{"component_groups":["decay"]}}}}}