{
   "format_version": "1.10.0",
   "animation_controllers": {
      "controller.animation.saitama.death": {
         "states": {
            "default": {
               "transitions": [
                  {
                     "death": "query.is_charged && query.mark_variant == 0"
                  }
               ],
               "on_entry": [
                  "/effect @s slowness 1 255 true",
                  "/tp @s @s"
               ]
            },
            "death": {
               "transitions": [
                  {
                     "default": "query.is_charged && query.mark_variant == 0"
                  }
               ],
               "on_entry": [
                  "/effect @s slowness 1 255 true",
                  "/tp @s @s"
               ]
            }
         }
      },
      "controller.animation.saitama.down": {
         "states": {
            "default": {
               "transitions": [
                  {
                     "down": "query.is_casting && query.mark_variant == 1"
                  }
               ],
               "on_entry": [
                  "/effect @s slowness 1 255 true",
                  "/tp @s @s"
               ]
            },
            "down": {
               "transitions": [
                  {
                     "default": "query.is_casting && query.mark_variant == 1"
                  }
               ],
               "on_entry": [
                  "/effect @s slowness 1 255 true",
                  "/tp @s @s"
               ]
            }
         }
      },
      "controller.animation.saitama.punch": {
         "states": {
            "default": {
               "transitions": [
                  {
                     "punch": "query.is_delayed_attacking && query.mark_variant == 0"
                  }
               ],
               "on_entry": [
                  "/tp @s @s"
               ]
            },
            "punch": {
               "transitions": [
                  {
                     "default": "query.is_delayed_attacking && query.mark_variant == 0"
                  }
               ],
               "on_entry": [
                  "/tp @s @s"
               ]
            }
         }
      }
   }
}