{
   "format_version": "1.8.0",
   "animations": {
      "animation.kh.general": {
         "loop": true,
         "animation_length": 1.36,
         "bones": {
            "bone": {
               "rotation": {
                  "0.0": [
                     0,
                     0,
                     25.5
                  ],
                  "0.52": [
                     -12.5,
                     0,
                     25.5
                  ],
                  "1.36": [
                     0,
                     0,
                     25.5
                  ]
               }
            },
            "bone2": {
               "rotation": {
                  "0.0": [
                     9,
                     0,
                     0
                  ],
                  "0.16": [
                     16.88,
                     0,
                     0
                  ],
                  "0.52": [
                     -6,
                     0,
                     0
                  ],
                  "1.36": [
                     9,
                     0,
                     0
                  ]
               }
            },
            "bone3": {
               "rotation": {
                  "0.0": [
                     15,
                     0,
                     0
                  ],
                  "0.16": [
                     18.85,
                     0,
                     0
                  ],
                  "0.52": [
                     -5,
                     0,
                     0
                  ],
                  "1.36": [
                     15,
                     0,
                     0
                  ]
               }
            },
            "bone4": {
               "rotation": {
                  "0.0": [
                     18,
                     0,
                     0
                  ],
                  "0.52": [
                     -14.5,
                     0,
                     0
                  ],
                  "1.36": [
                     18,
                     0,
                     0
                  ]
               }
            },
            "bone5": {
               "rotation": {
                  "0.0": [
                     56,
                     0,
                     0
                  ],
                  "0.52": [
                     -24,
                     0,
                     0
                  ],
                  "0.76": [
                     56,
                     0,
                     0
                  ]
               }
            },
            "bone6": {
               "rotation": {
                  "0.0": [
                     42.5,
                     0,
                     0
                  ],
                  "0.52": [
                     35,
                     0,
                     0
                  ],
                  "1.36": [
                     42.5,
                     0,
                     0
                  ]
               }
            },
            "bone7": {
               "rotation": {
                  "0.0": [
                     55.5,
                     0,
                     0
                  ],
                  "0.52": [
                     -32,
                     0,
                     0
                  ],
                  "1.0": [
                     55.5,
                     0,
                     0
                  ]
               }
            },
            "bone8": {
               "rotation": {
                  "0.0": [
                     45,
                     0,
                     0
                  ],
                  "0.52": [
                     27.5,
                     0,
                     0
                  ],
                  "1.36": [
                     45,
                     0,
                     0
                  ]
               }
            },
            "bone9": {
               "rotation": {
                  "0.0": [
                     62,
                     0,
                     0
                  ],
                  "0.52": [
                     -40.5,
                     0,
                     0
                  ],
                  "1.36": [
                     62,
                     0,
                     0
                  ]
               }
            },
            "bone10": {
               "rotation": {
                  "0.0": [
                     35,
                     0,
                     0
                  ],
                  "0.52": [
                     27.5,
                     0,
                     0
                  ],
                  "1.36": [
                     35,
                     0,
                     0
                  ]
               }
            },
            "bone11": {
               "rotation": {
                  "0.0": [
                     69,
                     -16,
                     0
                  ],
                  "0.52": [
                     54,
                     29,
                     0
                  ],
                  "1.36": [
                     69,
                     -16,
                     0
                  ]
               }
            },
            "bone12": {
               "rotation": {
                  "0.0": [
                     0,
                     0,
                     23.5
                  ],
                  "0.52": [
                     0,
                     0,
                     16
                  ],
                  "1.36": [
                     0,
                     0,
                     23.5
                  ]
               }
            }
         }
      },
      "animation.kh.attack1": {
         "animation_length": 0.72,
         "bones": {
            "bone": {
               "rotation": {
                  "0.0": [
                     -32.5,
                     0,
                     22
                  ],
                  "0.28": [
                     -78.5,
                     0,
                     22
                  ],
                  "0.36": [
                     61.5,
                     0,
                     22
                  ],
                  "0.56": [
                     72.5,
                     0,
                     22
                  ],
                  "0.72": [
                     15,
                     0,
                     22
                  ]
               },
               "scale": {
                  "0.0": [
                     1,
                     1.5,
                     1
                  ],
                  "0.56": [
                     1,
                     2,
                     1
                  ]
               }
            },
            "bone2": {
               "rotation": [
                  17.5,
                  0,
                  0
               ]
            },
            "bone3": {
               "rotation": {
                  "0.0": [
                     55,
                     0,
                     0
                  ],
                  "0.28": [
                     88.5,
                     0,
                     0
                  ],
                  "0.36": [
                     3.5,
                     0,
                     0
                  ],
                  "0.72": [
                     58.5,
                     0,
                     0
                  ]
               }
            },
            "bone5": {
               "rotation": [
                  90,
                  0,
                  0
               ]
            },
            "bone6": {
               "rotation": [
                  82.5,
                  0,
                  0
               ]
            },
            "bone7": {
               "rotation": [
                  90,
                  0,
                  0
               ]
            },
            "bone8": {
               "rotation": [
                  82.5,
                  0,
                  0
               ]
            },
            "bone9": {
               "rotation": [
                  95,
                  0,
                  0
               ]
            },
            "bone10": {
               "rotation": [
                  75,
                  0,
                  0
               ]
            },
            "bone11": {
               "rotation": [
                  51,
                  -2.5,
                  0
               ]
            },
            "bone12": {
               "rotation": [
                  0,
                  0,
                  65
               ]
            }
         }
      },
      "animation.kh.bdama": {
         "animation_length": 0.4,
         "bones": {
            "bone": {
               "rotation": {
                  "0.0": [
                     53.5,
                     0,
                     22.5
                  ],
                  "0.32": [
                     53.5,
                     0,
                     22.5
                  ],
                  "0.36": [
                     37.5,
                     0,
                     22.5
                  ],
                  "0.52": [
                     12.5,
                     0,
                     22.5
                  ]
               }
            },
            "bone2": {
               "rotation": {
                  "0.0": [
                     5,
                     0,
                     0
                  ],
                  "0.32": [
                     4,
                     0,
                     0
                  ],
                  "0.36": [
                     -20,
                     0,
                     0
                  ]
               }
            },
            "bone3": {
               "rotation": {
                  "0.0": [
                     15,
                     0,
                     0
                  ],
                  "0.32": [
                     15,
                     0,
                     0
                  ],
                  "0.36": [
                     0.6,
                     0,
                     0
                  ],
                  "0.52": [
                     -32,
                     0,
                     0
                  ]
               }
            },
            "bone4": {
               "rotation": {
                  "0.0": [
                     -69.5,
                     0,
                     0
                  ],
                  "0.32": [
                     -74.5,
                     0,
                     0
                  ],
                  "0.36": [
                     -78.5,
                     0,
                     0
                  ]
               },
               "position": [
                  0,
                  0,
                  -3.3
               ]
            },
            "bone5": {
               "rotation": {
                  "0.0": [
                     21,
                     0,
                     0
                  ],
                  "0.32": [
                     13.5,
                     0,
                     0
                  ],
                  "0.36": [
                     -9,
                     0,
                     0
                  ]
               }
            },
            "bone6": {
               "rotation": [
                  34,
                  0,
                  0
               ]
            },
            "bone7": {
               "rotation": {
                  "0.0": [
                     23,
                     0,
                     0
                  ],
                  "0.32": [
                     13,
                     0,
                     0
                  ],
                  "0.36": [
                     -17,
                     0,
                     0
                  ]
               }
            },
            "bone8": {
               "rotation": [
                  35,
                  0,
                  0
               ]
            },
            "bone9": {
               "rotation": {
                  "0.0": [
                     27,
                     0,
                     0
                  ],
                  "0.32": [
                     19.5,
                     0,
                     0
                  ],
                  "0.36": [
                     -10.5,
                     0,
                     0
                  ]
               }
            },
            "bone10": {
               "rotation": [
                  22,
                  0,
                  0
               ]
            },
            "bone11": {
               "rotation": {
                  "0.0": [
                     67,
                     15,
                     0
                  ],
                  "0.32": [
                     67,
                     27.5,
                     0
                  ],
                  "0.36": [
                     67,
                     41.5,
                     0
                  ]
               }
            },
            "bone12": {
               "rotation": [
                  0,
                  0,
                  17
               ]
            },
            "bdama": {
               "rotation": {
                  "0.0": [
                     0,
                     0,
                     0
                  ],
                  "0.32": [
                     0,
                     360,
                     0
                  ]
               },
               "position": {
                  "0.0": [
                     4,
                     12,
                     -31
                  ],
                  "0.32": [
                     3.8,
                     11.8,
                     -29.2
                  ]
               },
               "scale": {
                  "0.0": [
                     0,
                     0,
                     0
                  ],
                  "0.04": [
                     0.5,
                     0.5,
                     0.5
                  ],
                  "0.28": [
                     0.5,
                     0.5,
                     0.5
                  ],
                  "0.32": [
                     0,
                     0,
                     0
                  ]
               }
            }
         }
      }
   }
}