{
   "format_version": "1.8.0",
   "animations": {
      "animation.pain.general": {
         "loop": true,
         "animation_length": 5.72,
         "bones": {
            "RightArm": {
               "rotation": {
                  "0.0": [
                     0,
                     0,
                     0
                  ],
                  "3.16": [
                     0,
                     0,
                     5
                  ],
                  "5.72": [
                     0,
                     0,
                     0
                  ]
               }
            },
            "LeftArm": {
               "rotation": {
                  "0.0": [
                     0,
                     0,
                     0
                  ],
                  "3.16": [
                     0,
                     0,
                     -5
                  ],
                  "5.72": [
                     0,
                     0,
                     0
                  ]
               },
               "position": [
                  0,
                  0,
                  0
               ]
            }
         }
      },
      "animation.pain.moving": {
         "loop": true,
         "animation_length": 4.16,
         "bones": {
            "all": {
               "position": {
                  "0.0": [
                     0,
                     -2,
                     0
                  ],
                  "1.04": [
                     0,
                     0,
                     0
                  ],
                  "2.08": [
                     0,
                     -2.2,
                     0
                  ],
                  "3.12": [
                     0,
                     0,
                     0
                  ],
                  "4.16": [
                     0,
                     -2,
                     0
                  ]
               }
            },
            "bone6": {
               "rotation": {
                  "0.0": [
                     0,
                     5,
                     0
                  ],
                  "1.04": [
                     0,
                     0,
                     0
                  ],
                  "2.08": [
                     0,
                     -7.5,
                     0
                  ],
                  "3.12": [
                     0,
                     0,
                     0
                  ],
                  "4.16": [
                     0,
                     5,
                     0
                  ]
               }
            },
            "bone7": {
               "rotation": {
                  "0.0": [
                     0,
                     5,
                     0
                  ],
                  "1.04": [
                     0,
                     0,
                     0
                  ],
                  "2.08": [
                     0,
                     -5,
                     0
                  ],
                  "3.12": [
                     0,
                     0,
                     0
                  ],
                  "4.16": [
                     0,
                     5,
                     0
                  ]
               }
            },
            "RightArm": {
               "rotation": {
                  "0.0": [
                     30,
                     0,
                     0
                  ],
                  "1.04": [
                     0,
                     0,
                     0
                  ],
                  "2.08": [
                     -22.5,
                     0,
                     0
                  ],
                  "3.12": [
                     12.5,
                     0,
                     0
                  ],
                  "4.16": [
                     30,
                     0,
                     0
                  ]
               }
            },
            "bone2": {
               "rotation": {
                  "0.0": [
                     -17.5,
                     0,
                     0
                  ],
                  "1.04": [
                     -22.5,
                     0,
                     0
                  ],
                  "2.08": [
                     -27.5,
                     0,
                     0
                  ],
                  "3.12": [
                     -5,
                     0,
                     0
                  ],
                  "4.16": [
                     -17.5,
                     0,
                     0
                  ]
               }
            },
            "LeftArm": {
               "rotation": {
                  "0.0": [
                     -20,
                     0,
                     0
                  ],
                  "1.04": [
                     5,
                     0,
                     0
                  ],
                  "2.08": [
                     45,
                     0,
                     0
                  ],
                  "3.12": [
                     0,
                     0,
                     0
                  ],
                  "4.16": [
                     -20,
                     0,
                     0
                  ]
               }
            },
            "bone3": {
               "rotation": {
                  "0.0": [
                     -10,
                     0,
                     0
                  ],
                  "1.04": [
                     -5,
                     0,
                     0
                  ],
                  "2.08": [
                     -2.5,
                     0,
                     0
                  ],
                  "3.12": [
                     -17.5,
                     0,
                     0
                  ],
                  "4.16": [
                     -10,
                     0,
                     0
                  ]
               }
            },
            "Head": {
               "rotation": {
                  "0.0": [
                     0,
                     -7.5,
                     0
                  ],
                  "1.04": [
                     0,
                     0,
                     0
                  ],
                  "2.08": [
                     0,
                     10,
                     0
                  ],
                  "3.12": [
                     0,
                     0,
                     0
                  ],
                  "4.16": [
                     0,
                     -7.5,
                     0
                  ]
               }
            },
            "RightLeg": {
               "rotation": {
                  "0.0": [
                     -45,
                     0,
                     0
                  ],
                  "1.04": [
                     -2.5,
                     0,
                     0
                  ],
                  "2.08": [
                     27.5,
                     0,
                     0
                  ],
                  "3.12": [
                     -5,
                     0,
                     0
                  ],
                  "4.16": [
                     -45,
                     0,
                     0
                  ]
               }
            },
            "bone5": {
               "rotation": {
                  "0.0": [
                     17.5,
                     0,
                     0
                  ],
                  "1.04": [
                     2.5,
                     0,
                     0
                  ],
                  "2.08": [
                     25,
                     0,
                     0
                  ],
                  "3.12": [
                     70,
                     0,
                     0
                  ],
                  "4.16": [
                     17.5,
                     0,
                     0
                  ]
               }
            },
            "LeftLeg": {
               "rotation": {
                  "0.0": [
                     40,
                     0,
                     0
                  ],
                  "1.04": [
                     -5,
                     0,
                     0
                  ],
                  "2.08": [
                     -35,
                     0,
                     0
                  ],
                  "3.12": [
                     7.5,
                     0,
                     0
                  ],
                  "4.16": [
                     40,
                     0,
                     0
                  ]
               }
            },
            "bone4": {
               "rotation": {
                  "0.0": [
                     7.5,
                     0,
                     0
                  ],
                  "1.04": [
                     52.5,
                     0,
                     0
                  ],
                  "2.08": [
                     17.5,
                     0,
                     0
                  ],
                  "3.12": [
                     2.5,
                     0,
                     0
                  ],
                  "4.16": [
                     7.5,
                     0,
                     0
                  ]
               }
            }
         }
      },
      "animation.pain.running": {
         "loop": true,
         "animation_length": 0.32,
         "bones": {
            "all": {
               "position": {
                  "0.0": [
                     0,
                     -2.7,
                     0
                  ],
                  "0.08": [
                     0,
                     -0.7,
                     0
                  ],
                  "0.16": [
                     0,
                     -3.7,
                     0
                  ],
                  "0.24": [
                     0,
                     -0.7,
                     0
                  ],
                  "0.32": [
                     0,
                     -2.7,
                     0
                  ]
               }
            },
            "bone6": {
               "rotation": {
                  "0.0": [
                     17.5,
                     0,
                     0
                  ],
                  "0.08": [
                     27.5,
                     0,
                     0
                  ],
                  "0.16": [
                     17.5,
                     0,
                     0
                  ],
                  "0.24": [
                     27.5,
                     0,
                     0
                  ],
                  "0.32": [
                     17.5,
                     0,
                     0
                  ]
               }
            },
            "bone7": {
               "rotation": {
                  "0.0": [
                     10,
                     0,
                     0
                  ],
                  "0.08": [
                     25,
                     0,
                     0
                  ],
                  "0.16": [
                     17.5,
                     0,
                     0
                  ],
                  "0.24": [
                     25,
                     0,
                     0
                  ],
                  "0.32": [
                     10,
                     0,
                     0
                  ]
               }
            },
            "RightArm": {
               "rotation": {
                  "0.0": [
                     47.5,
                     0,
                     0
                  ],
                  "0.08": [
                     42.5,
                     0,
                     0
                  ],
                  "0.16": [
                     47.5,
                     0,
                     0
                  ],
                  "0.24": [
                     40,
                     0,
                     0
                  ],
                  "0.32": [
                     47.5,
                     0,
                     0
                  ]
               }
            },
            "bone2": {
               "rotation": [
                  0,
                  0,
                  0
               ]
            },
            "LeftArm": {
               "rotation": {
                  "0.0": [
                     55,
                     0,
                     0
                  ],
                  "0.08": [
                     42.5,
                     0,
                     0
                  ],
                  "0.16": [
                     47.5,
                     0,
                     0
                  ],
                  "0.24": [
                     40,
                     0,
                     0
                  ],
                  "0.32": [
                     55,
                     0,
                     0
                  ]
               }
            },
            "Head": {
               "rotation": {
                  "0.0": [
                     -27.5,
                     0,
                     0
                  ],
                  "0.08": [
                     -45,
                     0,
                     0
                  ],
                  "0.16": [
                     -32.5,
                     0,
                     0
                  ],
                  "0.24": [
                     -47.5,
                     0,
                     0
                  ],
                  "0.32": [
                     -27.5,
                     0,
                     0
                  ]
               }
            },
            "RightLeg": {
               "rotation": {
                  "0.0": [
                     47.5,
                     0,
                     0
                  ],
                  "0.08": [
                     -12.5,
                     0,
                     0
                  ],
                  "0.16": [
                     -50,
                     0,
                     0
                  ],
                  "0.24": [
                     -5,
                     0,
                     0
                  ],
                  "0.32": [
                     47.5,
                     0,
                     0
                  ]
               }
            },
            "bone5": {
               "rotation": {
                  "0.0": [
                     0,
                     0,
                     0
                  ],
                  "0.08": [
                     65,
                     0,
                     0
                  ],
                  "0.16": [
                     12.5,
                     0,
                     0
                  ],
                  "0.24": [
                     5,
                     0,
                     0
                  ],
                  "0.32": [
                     0,
                     0,
                     0
                  ]
               }
            },
            "LeftLeg": {
               "rotation": {
                  "0.0": [
                     -47.5,
                     0,
                     0
                  ],
                  "0.08": [
                     -5,
                     0,
                     0
                  ],
                  "0.16": [
                     42.5,
                     0,
                     0
                  ],
                  "0.24": [
                     -5,
                     0,
                     0
                  ],
                  "0.32": [
                     -47.5,
                     0,
                     0
                  ]
               }
            },
            "bone4": {
               "rotation": {
                  "0.0": [
                     40,
                     0,
                     0
                  ],
                  "0.08": [
                     5,
                     0,
                     0
                  ],
                  "0.16": [
                     15,
                     0,
                     0
                  ],
                  "0.24": [
                     50,
                     0,
                     0
                  ],
                  "0.32": [
                     40,
                     0,
                     0
                  ]
               }
            }
         }
      },
      "animation.pain.pull": {
         "animation_length": 4,
         "bones": {
            "all": {
               "position": [
                  0,
                  -0.5,
                  0
               ]
            },
            "bone6": {
               "rotation": {
                  "0.0": [
                     0,
                     -12.5,
                     0
                  ],
                  "0.04": [
                     0,
                     -17.5,
                     0
                  ],
                  "0.12": [
                     0,
                     32.5,
                     0
                  ],
                  "0.32": [
                     0,
                     47.5,
                     0
                  ],
                  "0.44": [
                     0,
                     51.5,
                     0
                  ]
               }
            },
            "bone7": {
               "rotation": {
                  "0.0": [
                     0,
                     -7.5,
                     0
                  ],
                  "0.04": [
                     0,
                     -10,
                     0
                  ],
                  "0.12": [
                     0,
                     15,
                     0
                  ],
                  "0.32": [
                     0,
                     20,
                     0
                  ],
                  "0.44": [
                     0,
                     29,
                     0
                  ]
               }
            },
            "RightArm": {
               "rotation": {
                  "0.0": [
                     -75,
                     0,
                     0
                  ],
                  "0.04": [
                     -82.5,
                     17.5,
                     0
                  ],
                  "0.12": [
                     -82.5,
                     67.5,
                     0
                  ],
                  "0.32": [
                     -82.5,
                     75,
                     0
                  ],
                  "0.44": [
                     -82.5,
                     81,
                     0
                  ]
               }
            },
            "bone2": {
               "rotation": {
                  "0.0": [
                     0,
                     0,
                     -2.5
                  ],
                  "0.12": [
                     0,
                     0,
                     -57.5
                  ],
                  "0.32": [
                     0,
                     0,
                     -72.5
                  ]
               }
            },
            "LeftArm": {
               "rotation": {
                  "0.0": [
                     22.5,
                     0,
                     -30
                  ],
                  "0.12": [
                     -60,
                     0,
                     -27.5
                  ],
                  "0.32": [
                     -80,
                     0,
                     -40
                  ],
                  "0.44": [
                     -83,
                     3,
                     -40
                  ]
               }
            },
            "bone3": {
               "rotation": {
                  "0.0": [
                     -20,
                     0,
                     0
                  ],
                  "0.12": [
                     -27.5,
                     0,
                     0
                  ],
                  "0.32": [
                     -32.5,
                     0,
                     0
                  ]
               }
            },
            "Head": {
               "rotation": {
                  "0.0": [
                     0,
                     17.5,
                     0
                  ],
                  "0.04": [
                     0,
                     22.5,
                     0
                  ],
                  "0.12": [
                     0,
                     -50,
                     0
                  ],
                  "0.2": [
                     0,
                     -55,
                     0
                  ]
               }
            },
            "RightLeg": {
               "rotation": [
                  12.5,
                  0,
                  0
               ]
            },
            "bone5": {
               "rotation": [
                  15,
                  0,
                  0
               ]
            },
            "LeftLeg": {
               "rotation": [
                  -15,
                  0,
                  0
               ]
            },
            "bone4": {
               "rotation": [
                  12.5,
                  0,
                  0
               ]
            }
         }
      },
      "animation.pain.allmightypush": {
         "animation_length": 5,
         "bones": {
            "bone6": {
               "rotation": {
                  "0.0": [
                     14,
                     0,
                     0
                  ],
                  "0.08": [
                     -3.5,
                     0,
                     0
                  ],
                  "0.24": [
                     -6.5,
                     0,
                     0
                  ],
                  "0.44": [
                     -13.5,
                     0,
                     0
                  ]
               }
            },
            "bone7": {
               "rotation": {
                  "0.0": [
                     19,
                     0,
                     0
                  ],
                  "0.08": [
                     -3.5,
                     0,
                     0
                  ],
                  "0.24": [
                     -6.5,
                     0,
                     0
                  ],
                  "0.44": [
                     -13.5,
                     0,
                     0
                  ]
               }
            },
            "RightArm": {
               "rotation": {
                  "0.0": [
                     -96,
                     0,
                     92.5
                  ],
                  "0.08": [
                     1.5,
                     0,
                     92.5
                  ]
               }
            },
            "bone2": {
               "rotation": {
                  "0.0": [
                     -41,
                     0,
                     0
                  ],
                  "0.08": [
                     -6,
                     0,
                     0
                  ]
               }
            },
            "LeftArm": {
               "rotation": {
                  "0.0": [
                     -86,
                     -4,
                     -88
                  ],
                  "0.08": [
                     11.5,
                     -4,
                     -95.5
                  ]
               }
            },
            "bone3": {
               "rotation": {
                  "0.0": [
                     -36,
                     0,
                     0
                  ],
                  "0.08": [
                     -8.5,
                     0,
                     0
                  ]
               }
            },
            "Head": {
               "rotation": {
                  "0.0": [
                     -1,
                     0,
                     0
                  ],
                  "0.24": [
                     -7,
                     0,
                     0
                  ]
               }
            },
            "RightLeg": {
               "rotation": [
                  0,
                  0,
                  5
               ]
            },
            "LeftLeg": {
               "rotation": [
                  0,
                  0,
                  -10
               ]
            }
         }
      },
      "animation.pain.attack1": {
         "animation_length": 0.28,
         "bones": {
            "bone6": {
               "rotation": {
                  "0.0": [
                     0,
                     15,
                     0
                  ],
                  "0.08": [
                     0,
                     -19,
                     0
                  ],
                  "0.28": [
                     0,
                     -38,
                     0
                  ]
               }
            },
            "bone7": {
               "rotation": {
                  "0.0": [
                     0,
                     20,
                     0
                  ],
                  "0.08": [
                     0,
                     -12,
                     0
                  ],
                  "0.28": [
                     0,
                     -21,
                     0
                  ]
               }
            },
            "RightArm": {
               "rotation": {
                  "0.0": [
                     0,
                     0,
                     50
                  ],
                  "0.08": [
                     -90,
                     0,
                     50
                  ],
                  "0.28": [
                     -112,
                     0,
                     50
                  ]
               }
            },
            "bone2": {
               "rotation": [
                  -30,
                  0,
                  0
               ]
            },
            "LeftArm": {
               "rotation": {
                  "0.0": [
                     -47.5,
                     15,
                     -27.5
                  ],
                  "0.08": [
                     4.5,
                     15,
                     -20.5
                  ],
                  "0.28": [
                     19.5,
                     15,
                     -20.5
                  ]
               }
            },
            "bone3": {
               "rotation": [
                  -27.5,
                  0,
                  0
               ]
            },
            "Head": {
               "rotation": {
                  "0.0": [
                     0,
                     -25,
                     0
                  ],
                  "0.28": [
                     0,
                     -35,
                     0
                  ]
               }
            }
         }
      },
      "animation.pain.attack2": {
         "animation_length": 0.56,
         "bones": {
            "all": {
               "position": {
                  "0.0": [
                     0,
                     4.3,
                     0
                  ],
                  "0.28": [
                     0,
                     6.6,
                     0
                  ],
                  "0.36": [
                     0,
                     -0.9,
                     0
                  ],
                  "0.56": [
                     0,
                     -2.2,
                     0
                  ]
               }
            },
            "bone6": {
               "rotation": {
                  "0.0": [
                     -1,
                     0,
                     0
                  ],
                  "0.28": [
                     -13,
                     0,
                     0
                  ],
                  "0.36": [
                     32,
                     0,
                     0
                  ],
                  "0.56": [
                     42,
                     0,
                     0
                  ]
               }
            },
            "bone7": {
               "rotation": {
                  "0.0": [
                     -5,
                     0,
                     0
                  ],
                  "0.28": [
                     -12,
                     0,
                     0
                  ],
                  "0.36": [
                     31,
                     0,
                     0
                  ],
                  "0.56": [
                     38,
                     0,
                     0
                  ]
               }
            },
            "RightArm": {
               "rotation": {
                  "0.0": [
                     -106,
                     -10,
                     0
                  ],
                  "0.28": [
                     -127,
                     -18,
                     0
                  ],
                  "0.36": [
                     -39,
                     -18,
                     0
                  ],
                  "0.56": [
                     -6,
                     -18,
                     0
                  ]
               }
            },
            "bone2": {
               "rotation": {
                  "0.0": [
                     -32,
                     0,
                     0
                  ],
                  "0.28": [
                     -39.56,
                     0,
                     0
                  ],
                  "0.36": [
                     -16,
                     0,
                     0
                  ]
               }
            },
            "LeftArm": {
               "rotation": {
                  "0.0": [
                     -99,
                     10,
                     0
                  ],
                  "0.28": [
                     -117,
                     23,
                     0
                  ],
                  "0.36": [
                     -26,
                     23,
                     0
                  ],
                  "0.56": [
                     -13,
                     23,
                     0
                  ]
               }
            },
            "bone3": {
               "rotation": {
                  "0.0": [
                     -28,
                     0,
                     0
                  ],
                  "0.28": [
                     -23.44,
                     0,
                     0
                  ],
                  "0.36": [
                     -8,
                     0,
                     0
                  ]
               }
            },
            "Head": {
               "rotation": {
                  "0.0": [
                     11,
                     0,
                     0
                  ],
                  "0.28": [
                     4,
                     0,
                     0
                  ]
               }
            },
            "RightLeg": {
               "rotation": {
                  "0.0": [
                     0,
                     0,
                     1
                  ],
                  "0.28": [
                     0,
                     0,
                     6
                  ],
                  "0.36": [
                     2.5,
                     0,
                     6
                  ],
                  "0.56": [
                     14.5,
                     0,
                     6
                  ]
               }
            },
            "bone5": {
               "rotation": {
                  "0.0": [
                     8.5,
                     0,
                     0
                  ],
                  "0.28": [
                     13.5,
                     0,
                     0
                  ],
                  "0.36": [
                     18.5,
                     0,
                     0
                  ],
                  "0.56": [
                     28.5,
                     0,
                     0
                  ]
               }
            },
            "LeftLeg": {
               "rotation": {
                  "0.0": [
                     0,
                     0,
                     -3
                  ],
                  "0.28": [
                     0,
                     0,
                     -5
                  ],
                  "0.36": [
                     2.5,
                     0,
                     -5
                  ],
                  "0.56": [
                     -9.5,
                     0,
                     -5
                  ]
               }
            },
            "bone4": {
               "rotation": {
                  "0.0": [
                     11,
                     0,
                     0
                  ],
                  "0.28": [
                     13,
                     0,
                     0
                  ],
                  "0.36": [
                     18,
                     0,
                     0
                  ],
                  "0.56": [
                     30,
                     0,
                     0
                  ]
               }
            }
         }
      },
      "animation.pain.attack3": {
         "animation_length": 0.4,
         "bones": {
            "all": {
               "rotation": {
                  "0.0": [
                     0,
                     239.5,
                     0
                  ],
                  "0.08": [
                     0,
                     258.5,
                     0
                  ],
                  "0.28": [
                     0,
                     289.5,
                     0
                  ],
                  "0.4": [
                     0,
                     304.5,
                     0
                  ]
               }
            },
            "Body": {
               "rotation": {
                  "0.0": [
                     0,
                     0,
                     47.5
                  ],
                  "0.08": [
                     0,
                     0,
                     59.9
                  ],
                  "0.28": [
                     0,
                     0,
                     51.21
                  ],
                  "0.4": [
                     0,
                     0,
                     22
                  ]
               }
            },
            "bone6": {
               "rotation": {
                  "0.0": [
                     4,
                     0,
                     0
                  ],
                  "0.28": [
                     10.5,
                     0,
                     0
                  ],
                  "0.4": [
                     16.5,
                     0,
                     0
                  ]
               }
            },
            "bone7": {
               "rotation": {
                  "0.0": [
                     6,
                     0,
                     0
                  ],
                  "0.28": [
                     18,
                     0,
                     0
                  ],
                  "0.4": [
                     27,
                     0,
                     0
                  ]
               }
            },
            "RightArm": {
               "rotation": {
                  "0.0": [
                     -52,
                     -24,
                     73
                  ],
                  "0.28": [
                     10,
                     -13,
                     84
                  ],
                  "0.4": [
                     14,
                     -10,
                     84
                  ]
               }
            },
            "bone2": {
               "rotation": {
                  "0.0": [
                     -50,
                     0,
                     0
                  ],
                  "0.28": [
                     -43,
                     0,
                     0
                  ],
                  "0.4": [
                     -29,
                     0,
                     0
                  ]
               }
            },
            "LeftArm": {
               "rotation": {
                  "0.0": [
                     -45,
                     12,
                     -37
                  ],
                  "0.28": [
                     -65,
                     26,
                     -42
                  ],
                  "0.4": [
                     -72,
                     26,
                     -42
                  ]
               }
            },
            "bone3": {
               "rotation": {
                  "0.0": [
                     -23,
                     0,
                     0
                  ],
                  "0.28": [
                     -39,
                     0,
                     0
                  ],
                  "0.4": [
                     -47,
                     0,
                     0
                  ]
               }
            },
            "RightLeg": {
               "rotation": {
                  "0.0": [
                     -64,
                     -4,
                     69
                  ],
                  "0.08": [
                     -3,
                     4,
                     75
                  ],
                  "0.4": [
                     36,
                     6,
                     75
                  ]
               },
               "position": [
                  0.6,
                  1.5,
                  0
               ]
            },
            "bone5": {
               "rotation": {
                  "0.0": [
                     62,
                     0,
                     0
                  ],
                  "0.08": [
                     8,
                     0,
                     0
                  ],
                  "0.28": [
                     57,
                     0,
                     0
                  ],
                  "0.4": [
                     68,
                     0,
                     0
                  ]
               }
            }
         }
      },
      "animation.pain.prepare2": {
         "loop": true,
         "animation_length": 0.8,
         "bones": {
            "all": {
               "rotation": [
                  17.5,
                  0,
                  0
               ],
               "position": [
                  0,
                  -2,
                  0
               ]
            },
            "Body": {
               "rotation": [
                  12.5,
                  0,
                  0
               ]
            },
            "RightArm": {
               "rotation": [
                  -90,
                  -15,
                  70
               ]
            },
            "bone2": {
               "rotation": [
                  -40,
                  0,
                  0
               ]
            },
            "LeftArm": {
               "rotation": [
                  0,
                  0,
                  -12.5
               ]
            },
            "bone3": {
               "rotation": [
                  -12.5,
                  0,
                  0
               ]
            },
            "Head": {
               "rotation": [
                  -22.5,
                  0,
                  0
               ]
            },
            "RightLeg": {
               "rotation": [
                  -52.5,
                  0,
                  0
               ]
            },
            "bone5": {
               "rotation": [
                  52.5,
                  0,
                  0
               ]
            },
            "LeftLeg": {
               "rotation": [
                  30,
                  0,
                  0
               ]
            }
         }
      },
      "animation.pain.drain": {
         "animation_length": 3,
         "bones": {
            "bone6": {
               "rotation": [
                  2,
                  0,
                  0
               ]
            },
            "bone7": {
               "rotation": [
                  2,
                  0,
                  0
               ]
            },
            "RightArm": {
               "rotation": [
                  -84.5,
                  0,
                  90
               ]
            },
            "bone2": {
               "rotation": [
                  -45,
                  0,
                  0
               ]
            },
            "LeftArm": {
               "rotation": [
                  -81,
                  0,
                  -86
               ]
            },
            "bone3": {
               "rotation": [
                  -36,
                  0,
                  0
               ]
            },
            "RightLeg": {
               "rotation": [
                  0,
                  0,
                  4
               ]
            },
            "LeftLeg": {
               "rotation": [
                  0,
                  0,
                  -5
               ]
            }
         }
      }
   }
}