{
	"format_version": "1.8.0",
	"animations": {
		"animation.tail.general": {
			"loop": true,
			"animation_length": 2.64,
			"bones": {
				"bone": {
					"rotation": {
						"0.0": [0, 0, 0],
						"0.44": [62.5, 0, 0],
						"0.88": [77.5, 0, 0],
						"1.4": [-32.5, 0, 0],
						"2.0": [-45, 0, 0],
						"2.64": [0, 0, 0]
					}
				},
				"bone2": {
					"rotation": {
						"0.0": [0, 0, 0],
						"0.44": [-10, 0, 0],
						"0.88": [-5, 0, 0],
						"1.4": [20, 0, 0],
						"2.0": [-7.5, 0, 0],
						"2.64": [0, 0, 0]
					}
				},
				"bone3": {
					"rotation": {
						"0.0": [-2.5, 0, 0],
						"0.44": [-7.5, 0, 0],
						"0.88": [2.5, 0, 0],
						"1.4": [15, 0, 0],
						"2.0": [-7.5, 0, 0],
						"2.64": [-2.5, 0, 0]
					}
				},
				"bone4": {
					"rotation": {
						"0.0": [-2.5, 0, 0],
						"0.44": [-10, 0, 0],
						"0.88": [0, 0, 0],
						"1.4": [17.5, 0, 0],
						"2.0": [-5, 0, 0],
						"2.64": [-2.5, 0, 0]
					}
				}
			}
		},
		"animation.tail.attack1": {
			"animation_length": 0.36,
			"bones": {
				"bone2": {
					"rotation": {
						"0.0": [0, 0, -30],
						"0.12": [0, 0, 82.5],
						"0.24": [0, 0, 105],
						"0.36": [0, 0, 30]
					}
				},
				"bone3": {
					"rotation": {
						"0.0": [0, 0, -17.5],
						"0.12": [0, 0, -10],
						"0.24": [0, 0, 7.5],
						"0.36": [0, 0, 17.5]
					}
				},
				"bone4": {
					"rotation": {
						"0.0": [0, 0, -20],
						"0.12": [0, 0, -12.5],
						"0.24": [0, 0, 17.5],
						"0.36": [0, 0, 20]
					}
				}
			}
		},
		"animation.tail.attack2": {
			"animation_length": 0.28,
			"bones": {
				"bone2": {
					"rotation": {
						"0.0": [0, 0, -35],
						"0.12": [0, 0, 80],
						"0.28": [0, 0, -12.5]
					}
				},
				"bone3": {
					"rotation": {
						"0.0": [0, 0, 67.5],
						"0.12": [0, 0, 7.5],
						"0.28": [0, 0, 50]
					}
				},
				"bone4": {
					"rotation": {
						"0.0": [0, 0, 45],
						"0.12": [0, 0, 7.5],
						"0.28": [0, 0, 32.5]
					}
				}
			}
		},
		"animation.tail.attacj3": {
			"animation_length": 0.52,
			"bones": {
				"bone2": {
					"rotation": {
						"0.0": [0, 0, -70],
						"0.08": [0, 0, 95],
						"0.24": [0, 0, 62.5],
						"0.52": [0, 0, 15]
					}
				},
				"bone3": {
					"rotation": {
						"0.0": [0, 0, -67.5],
						"0.08": [0, 0, 35],
						"0.24": [0, 0, 17.5],
						"0.52": [0, 0, 15]
					}
				},
				"bone4": {
					"rotation": {
						"0.0": [0, 0, -50],
						"0.08": [0, 0, 37.5],
						"0.24": [0, 0, 22.5],
						"0.52": [0, 0, 15]
					}
				}
			}
		}
	}
}