{
    "format_version": "1.12.0",
    "minecraft:entity": {
        "description": {
            "identifier": "rai:aka",
            "is_spawnable": false,
            "is_summonable": false,
            "is_experimental": false
        },
        "component_groups": {
            "despawn": {
                "minecraft:instant_despawn": {
                    "remove_child_entities": true
                }
            }
        },
        "components": {
            "minecraft:type_family": {
                "family": [
                    "damage",
                    "jurei_hit"
                ]
            },
            "minecraft:timer": {
                "looping": true,
                "time": 1,
                "time_down_event": {
                    "event": "despawn"
                }
            },
            "minecraft:behavior.knockback_roar": {
                "priority": 1,
                "duration": 0.2,
                "attack_time": 0.1,
                "knockback_damage": 20,
                "knockback_strength": 15,
                "knockback_range": 20,
                "knockback_filters": {
                    "all_of": [
                        {
                            "test": "has_tag",
                            "operator": "not",
                            "value": "aka"
                        },
                        {
                            "test": "has_tag",
                            "operator": "not",
                            "value": "creative"
                        }
                    ]
                },
                "damage_filters": {
                    "all_of": [
                        {
                            "test": "has_tag",
                            "operator": "not",
                            "value": "aka"
                        },
                        {
                            "test": "has_tag",
                            "operator": "not",
                            "value": "creative"
                        }
                    ]
                },
                "on_roar_end": {
                    "event": "despawn"
                },
                "cooldown_time": 100
            },
            "minecraft:damage_sensor": [
                    {
                        "cause": "all",
                        "deals_damage": false
                    }
                ],
            "minecraft:scale": 0,
            "minecraft:collision_box": {
                "width": 0,
                "height": 0
            },
            "minecraft:pushable": {
                "is_pushable": false,
                "is_pushable_by_piston": false
            }
        },
        "events": {
            "despawn": {
                "add": {
                    "component_groups": [
                        "despawn"
                    ]
                }
            }
        }
    }
}