{
    "format_version": "1.12.0",
    "minecraft:entity": {
        "description": {
            "identifier": "rai:battai",
            "is_spawnable": false,
            "is_summonable": false,
            "is_experimental": false,
            "runtime_identifier" : "minecraft:snowball"
        },
        "component_groups": {
            "explode": {
                "minecraft:explode": {
                    "fuse_lit": true,
                    "power": 1,
                    "destroy_affected_by_griefing": true
                }
            }
        },
        "components": {
            "minecraft:fire_immune": {
            },
            "minecraft:timer": {
                "looping": true,
                "time": 2,
                "time_down_event": {
                    "event": "explode"
                }
            },
            "minecraft:type_family": {
                "family": [
                    "battai",
                    "damage",
                    "jurei_hit"
                ]
            },
            "minecraft:scale": {
                "value": 3
            },
            "minecraft:area_attack": {
                "entity_filter": {
                    "test": "is_family",
                    "operator": "not",
                    "subject": "other",
                    "value": "mahito"
                },
                "cause": "entity_explosion",
                "damage_per_tick": 10,
                "damage_range": 2
            },
            "minecraft:projectile": {
                "on_hit": {
                    "definition_event": {
                        "affect_projectile": true,
                        "event_trigger": {
                            "event": "explode",
                            "target": "self"
                        }
                    }
                },
                "power": 1,
                "gravity": 0,
                "anchor": 0,
                "uncertainty_base": 0,
                "uncertainty_multiplier": 0,
                "should_bounce": true,
                "offset": [
                    0,
                    0,
                    0
                ]
            },
            "minecraft:damage_sensor": [
                {
                    "cause": "all",
                    "deals_damage": false
                }
            ],
            "minecraft:pushable": {
                "is_pushable": false,
                "is_pushable_by_piston": false
            },
            "minecraft:collision_box": {
                "width": 0,
                "height": 0
            }
        },
        "events": {
            "explode": {
                "add": {
                    "component_groups": [
                        "explode"
                    ]
                }
            }
        }
    }
}