{
    "format_version": "1.8.0",
    "minecraft:entity": {
        "description": {
            "identifier": "rai:guitar_damage",
            "is_spawnable": false,
            "is_summonable": false,
            "is_experimental": false,
            "runtime_identifier" : "minecraft:snowball"
        },
        "component_groups": {
            "despawn": {
                "minecraft:instant_despawn": {
                }
            }
        },
        "components": {
            "minecraft:type_family": {
                "family": [
                    "guitar_damage",
                    "damage",
                    "jurei_hit"
                ]
            },
            "minecraft:timer": {
                "looping": true,
                "time": 2,
                "time_down_event": {
                    "event": "despawn"
                }
            },
            "minecraft:area_attack": {
                "entity_filter": {
                    "test": "has_tag",
                    "operator": "not",
                    "subject": "other",
                    "value": "guitar"
                },
                "cause": "entity_explosion",
                "damage_per_tick": 8,
                "damage_range": 2.5
            },
            "minecraft:projectile": {
                "on_hit": {
                    "impact_damage": {
                        "damage": 8,
                        "knockback": true
                    }
                },
                "power": 2,
                "gravity": 0,
                "offset": [
                    0,
                    0,
                    0
                ]
            },
            "minecraft:damage_sensor": [
                {
                    "cause": "all",
                    "deals_damage": false
                }
            ]
        },
        "events": {
            "despawn": {
                "add": {
                    "component_groups": [
                        "despawn"
                    ]
                }
            }
        }
    }
}
