{
  "format_version": "1.12.0",
  "minecraft:entity": {
    "description": {
      "identifier": "rai:houki",
      "is_spawnable": false,
      "is_summonable": false,
      "is_experimental": false,
      "scripts": {
        "animate": [
          "has_rider",
          "has_rider2"
        ]
      },
      "animations": {
        "has_rider": "controller.animation.has_rider",
        "has_rider2": "controller.animation.has_rider2"
      }
    },
    "component_groups": {
      "reset_speed": {
        "minecraft:movement": {
          "value": 0.45
        }
      },
      "speed": {
        "minecraft:movement": {
          "value": 0.05
        }
      },
      "despawn": {
        "minecraft:spawn_entity": {
          "entities": {
            "min_wait_time": 0,
            "max_wait_time": 0,
            "spawn_item": "rai:houki"
          }
        },
        "minecraft:instant_despawn": {
        }
      }
    },
    "components": {
      "minecraft:behavior.player_ride_tamed": {},
      "minecraft:can_power_jump": {},
      "minecraft:horse.jump_strength": {
        "value": 0
      },
      "minecraft:fall_damage": {
        "value": 0
      },
      "minecraft:input_ground_controlled": {
      },
      "minecraft:rideable": {
        "seat_count": 1,
        "family_types": [
          "player"
        ],
        "interact_text": "action.interact.ride.horse",
        "seats": {
          "position": [ 0, 0, 0 ]
        }
      },
      "minecraft:damage_sensor": {
        "triggers": [
          {
            "on_damage": {
                "event": "despawn"
              },
            "deals_damage": false
          }
        ]
      },
      "minecraft:type_family": {
        "family": [
          "inanimate"
        ]
      },
      "minecraft:collision_box": {
        "width": 0.5,
        "height": 0.25
      },
      "minecraft:movement.basic": {
      },
      "minecraft:navigation.walk": {
        "is_amphibious": true,
        "can_walk": true
      },
      "minecraft:jump.static": {
      },
      "minecraft:health": {
        "min": 1,
        "value": 1
      },
      "minecraft:breathable": {
        "breathesWater": true,
        "breathesLava": true,
        "breathesSolids": true
      },
      "minecraft:behavior.float": {
        "priority": 0
      },
      "minecraft:physics": {
      },
      "minecraft:pushable": {
        "is_pushable": false,
        "is_pushable_by_piston": false
      }
    },
    "events": {
      "loop": {
        "run_command": {
          "command": [
            "event entity @s[y=200,dy=1000] despawn"
          ]
        }
      },
      "reset_speed": {
        "add": {
          "component_groups": [
            "reset_speed"
          ]
        }
      },
      "speed": {
        "add": {
          "component_groups": [
            "speed"
          ]
        }
      },
      "despawn": {
        "add": {
          "component_groups": [
            "despawn"
          ]
        }
      }
    }
  }
}