{
  "format_version": "1.12.0",
  "minecraft:entity": {
    "description": {
      "identifier": "rai:jogo",
      "is_spawnable": true,
      "is_summonable": true,
      "is_experimental": false
    },
    "component_groups": {
      "death": {
        "minecraft:damage_sensor": {}
      },
      "jogo_gokunoban": {
        "minecraft:spawn_entity": [
          {
              "min_wait_time": 0,
              "max_wait_time": 0,
              "spawn_entity": "rai:jogo_gokunoban",
              "num_to_spawn": 1,
              "spawn_event": "gojo",
              "single_use": true
          }
        ]
      }
    },
    "components": {
      "minecraft:boss": {
          "name": "entity.rai:jogo.name",
          "hud_range": 5
      },
      "minecraft:on_target_acquired": {
          "event": "target"
      },
      "minecraft:on_target_escape": {
          "event": "target2"
      },
      "minecraft:despawn": {
        "despawn_from_distance": {}
      },
      "minecraft:experience_reward": {
        "on_death": "query.last_hit_by_player ? 5 + (query.equipment_count * Math.Random(1,3)) : 0"
      },
      "minecraft:damage_sensor": {
        "triggers": [
          {
            "on_damage": {
                "filters": {
                  "all_of": [
                    {
                      "test" :  "is_family",
                      "subject": "other",
                      "value" :  "jurei_hit"
                    },
                    {
                      "test" :  "is_family",
                      "subject": "other",
                      "value" :  "player"
                    },
                    {
                      "test" :  "has_damage",
                      "value" :  "fatal"
                    }
                  ]
                },
                "event": "level"
              },
            "deals_damage": true
          },
          {
            "on_damage": {
                "filters": {
                  "test" :  "is_family",
                  "subject": "other",
                  "value" :  "jogo_gokunoban3"
                }
              },
            "deals_damage": false
          },
          {
            "on_damage": {
              "filters": {
                "test" :  "is_family",
                "subject": "other",
                "value" :  "jurei_hit"
              }
            },
            "deals_damage": true
          },
          {
            "on_damage": {
                "filters": {
                  "test" :  "has_damage",
                  "value" :  "attack"
                }
              },
              "deals_damage": false
          },
          {
            "on_damage": {
                "filters": {
                  "test" :  "has_damage",
                  "value" :  "projectile"
                }
              },
              "deals_damage": false
          }
        ]
      },
      "minecraft:nameable": {
      },
      "minecraft:type_family": {
        "family": [
          "jurei",
          "jurei_hit"
        ]
      },
      "minecraft:knockback_resistance": {
          "value": 0.25
      },
      "minecraft:collision_box": {
        "width": 0.6,
        "height": 1.8
      },
      "minecraft:movement.basic": {
      },
      "minecraft:navigation.walk": {
        "is_amphibious": true,
        "can_pass_doors": true,
        "can_walk": true,
        "can_break_doors": true
      },
      "minecraft:annotation.break_door": {
      },
      "minecraft:jump.static": {
      },
      "minecraft:can_climb": {
      },
      "minecraft:health": {
        "value": 800
      },
      "minecraft:movement": {
        "value": 0.35
      },
      "minecraft:fire_immune": {
      },
      "minecraft:breathable": {
        "total_supply": 15,
        "suffocate_time": 0,
        "breathes_air": true,
        "breathes_water": true
      },
      "minecraft:attack": {
        "damage": 30
      },
      "minecraft:loot": {
        "table": "loot_tables/jujutsu/jogo.json"
      },
      "minecraft:behavior.float": {
          "priority": 0
      },
     "minecraft:behavior.nearest_attackable_target": {
      "priority": 2,
      "must_see": true,
      "within_radius": 64,
      "entity_types": [
        {
          "filters": {
            "any_of": [
              { "test": "is_family", "subject": "other", "value": "player" },
              { "test": "is_family", "subject": "other", "value": "villager" },
              { "test": "is_family", "subject": "other", "value": "jujutsushi" },
              { "test": "is_family", "subject": "other", "value": "jusoshi" }
            ]
          },
          "max_dist": 35
        }
      ]
    },
    "minecraft:follow_range": {
        "value": 100
    },
    "minecraft:behavior.hurt_by_target": {
      "priority": 1,
      "entity_types": {
          "filters": {
              "test" :  "is_family", "subject" : "other", "operator": "!=", "value" :  "damage"
          }
      }
    },
      "minecraft:behavior.melee_attack": {
        "priority": 3
      },
      "minecraft:behavior.random_stroll": {
        "priority": 4,
        "speed_multiplier": 1
      },
      "minecraft:behavior.look_at_player": {
        "priority": 5,
        "look_distance": 6,
        "probability": 0.02
      },
      "minecraft:behavior.random_look_around": {
        "priority": 6
      },
      "minecraft:physics": {
      },
      "minecraft:pushable": {
        "is_pushable": true,
        "is_pushable_by_piston": true
      }
    },
    "events": {
      "target": {
          "run_command": {
              "command": [
                  "tag @s add target"
              ]
          }
      },
      "target2": {
          "run_command": {
              "command": [
                  "tag @s remove target"
              ]
          }
      },
      "attack": {
          "run_command": {
              "command": [
                  "scoreboard objectives add attack dummy",
                  "tag @s[scores={muryokusho2=1..2}] add muryokusho_attack",
                  "scoreboard players random @s attack 1 100",
                  "execute @s[scores={attack=96..100},tag=!muryokusho_attack] ~~~ tellraw @a[r=8] {\"rawtext\":[{\"text\":\"<\"},{\"text\":\"> \"},{\"translate\":\"item.rai:jogo_gokunoban\"}]}",
                  "execute @s[scores={attack=96..100},tag=!muryokusho_attack] ~~~ playsound mob.blaze.shoot @a ~~~",
                  "event entity @s[scores={attack=96..100},tag=!muryokusho_attack] jogo_gokunoban",
                  "tag @s remove muryokusho_attack"
              ]
          }
      },
      "jogo_gokunoban": {
        "add": {
          "component_groups": [
            "jogo_gokunoban"
          ]
        }
      },
      "level": {
        "add": {
          "component_groups": [
            "death"
          ]
        },
        "run_command": {
          "command": "scoreboard players add @s jujutsushi_level 20",
          "target": "other"
        }
      }
    }
  }
}