{
  "format_version": "1.12.0",
  "minecraft:entity": {
    "description": {
      "identifier": "rai:jugai",
      "is_spawnable": true,
      "is_summonable": true,
      "is_experimental": false
    },
    "component_groups": {
      "jugai": {
        "minecraft:behavior.random_stroll": {
          "priority": 4,
          "speed_multiplier": 1
        },
        "minecraft:behavior.look_at_player": {
          "priority": 5,
          "look_distance": 6,
          "probability": 0.02
        },
        "minecraft:behavior.random_look_around": {
          "priority": 6
        },
        "minecraft:variant": {
          "value": 1
        },
        "minecraft:health": {
          "min": 0,
          "max": 20
        },
        "minecraft:behavior.float": {
            "priority": 0
        },
        "minecraft:type_family": {
          "family": [
            "jugai",
            "jurei",
            "jurei_hit"
          ]
        },
        "minecraft:behavior.nearest_attackable_target": {
         "priority": 2,
         "must_see": true,
         "within_radius": 64,
         "entity_types": [
           {
             "filters": {
               "any_of": [
                 { "test": "is_family", "subject": "other", "value": "player" },
                 { "test": "is_family", "subject": "other", "value": "villager" },
                 { "test": "is_family", "subject": "other", "value": "jujutsushi" },
                 { "test": "is_family", "subject": "other", "value": "jusoshi" }
               ]
             },
             "max_dist": 35
           }
         ]
       }
      }
    },
    "components": {
      "minecraft:variant": {
        "value": 0
      },
      "minecraft:despawn": {
        "despawn_from_distance": {}
      },
      "minecraft:damage_sensor": {
        "triggers": {
            "on_damage": {
              "event": "jugai"
            },
          "deals_damage": true
        }
      },
      "minecraft:nameable": {
      },
      "minecraft:type_family": {
        "family": [
          "jugai",
          "jurei_hit"
        ]
      },
      "minecraft:collision_box": {
          "width": 0.6,
          "height": 2
      },
      "minecraft:movement.basic": {
      },
      "minecraft:navigation.walk": {
        "is_amphibious": true,
        "can_pass_doors": true,
        "can_walk": true,
        "can_break_doors": true
      },
      "minecraft:annotation.break_door": {
      },
      "minecraft:jump.static": {
      },
      "minecraft:can_climb": {
      },
      "minecraft:health": {
        "min" : 1,
        "value": 20,
        "max": 20
      },
      "minecraft:movement": {
        "value": 0.3
      },
      "minecraft:breathable": {
        "total_supply": 15,
        "suffocate_time": 0,
        "breathes_air": true,
        "breathes_water": true
      },
      "minecraft:attack": {
        "damage": 3
      },
      "minecraft:loot": {
        "table": "loot_tables/jujutsu/hunokanjou.json"
      },
    "minecraft:follow_range": {
        "value": 100
    },
    "minecraft:behavior.hurt_by_target": {
      "priority": 1,
      "entity_types": {
          "filters": {
            "test" :  "is_family", "subject" : "other", "operator": "!=", "value" :  "damage"
          }
      }
    },
      "minecraft:behavior.melee_attack": {
        "priority": 3
      },
      "minecraft:physics": {
      },
      "minecraft:pushable": {
        "is_pushable": true,
        "is_pushable_by_piston": true
      }
    },
    "events": {
      "jugai": {
        "add": {
          "component_groups": [
            "jugai"
          ]
        }
      },
      "level": {
        "run_command": {
          "command": "scoreboard players add @s jujutsushi_level 1",
          "target": "other"
        }
      }
    }
  }
}