{
  "format_version": "1.16.0",
  "minecraft:entity": {
    "description": {
      "identifier": "rai:jurei3",
      "is_spawnable": true,
      "is_summonable": true,
      "is_experimental": false,
      "scripts": {
          "animate": [
            "jurei_soujutsu"
          ]
      },
      "animations": {
        "jurei_soujutsu": "controller.animation.jurei_soujutsu"
      }
    },
    "component_groups": {
      "loot": {
        "minecraft:loot": {
          "table": "loot_tables/empty.json"
        }
      },
      "jurei_soujutsu": {
        "minecraft:interact": {
          "interactions": [
              {
                  "on_interact": {
                    "filters": {
                      "all_of": [
                        { "test": "is_family", "subject": "other", "value": "player" },
                        { "test": "has_tag", "subject": "other", "value": "jurei_soujutsu" }
                      ]
                    },
                    "event": "despawn"
                  },
                  "add_items": {
                    "table": "loot_tables/jujutsu/jurei_ball.json"
                  },
                  "interact_text": "action.interact.torikomu"
                }
            ]
        }
      },
      "despawn": {
          "minecraft:instant_despawn": {
            "remove_child_entities": true
          }
      },
      "death": {
        "minecraft:damage_sensor": {}
      }
    },
    "components": {
      "minecraft:interact": {
        "interactions": [
            {
                "on_interact": {
                  "filters": {
                    "all_of": [
                      { "test": "is_family", "subject": "other", "value": "player" },
                      { "test": "has_tag", "subject": "other", "value": "jurei_soujutsu" },
                      { "test": "has_tag", "subject": "other", "value": "1kyujutsushi" }
                    ]
                  },
                  "event": "despawn"
                },
                "add_items": {
                  "table": "loot_tables/jujutsu/jurei_ball3.json"
                },
                "interact_text": "action.interact.torikomu"
              }
          ]
      },
      "minecraft:navigation.float": {
        "can_path_over_water": true
      },
      "minecraft:can_fly": {
      },
      "minecraft:despawn": {
        "despawn_from_distance": {}
      },
      "minecraft:damage_sensor": {
        "triggers": [
          {
            "on_damage": {
                "filters": {
                  "any_of": [
                    {
                      "test" :  "is_family",
                      "subject": "other",
                      "value" :  "jujutsushi"
                    },
                    {
                      "test" :  "is_family",
                      "subject": "other",
                      "value" :  "jusoshi"
                    },
                    {
                      "test" :  "is_family",
                      "subject": "other",
                      "value" :  "jurei"
                    },
                    {
                      "test" :  "is_family",
                      "subject": "other",
                      "value" :  "shikigami"
                    }
                  ]
                },
                "event": "loot"
              },
              "deals_damage": true
          },
          {
            "on_damage": {
                "filters": {
                  "all_of": [
                    {
                      "test" :  "is_family",
                      "subject": "other",
                      "value" :  "player"
                    },
                    {
                      "test" :  "is_family",
                      "subject": "other",
                      "value" :  "jurei_hit"
                    },
                    {
                      "test" :  "has_damage",
                      "value" :  "fatal"
                    }
                  ]
                },
                "event": "level"
              },
              "deals_damage": true
          },
          {
            "on_damage": {
                "filters": {
                  "test" :  "is_family",
                  "subject": "other",
                  "value" :  "jurei_hit"
                }
              },
              "deals_damage": true
            },
          {
            "on_damage": {
                "filters": {
                  "test" :  "has_damage",
                  "value" :  "attack"
                }
              },
              "deals_damage": false
          },
          {
            "on_damage": {
                "filters": {
                  "test" :  "has_damage",
                  "value" :  "projectile"
                }
              },
              "deals_damage": false
          }
        ]
      },
      "minecraft:nameable": {
      },
      "minecraft:type_family": {
        "family": [
          "mob",
          "jurei",
          "jurei_hit"
        ]
      },
      "minecraft:collision_box": {
        "width": 1,
        "height": 0.4
      },
      "minecraft:movement.basic": {
      },
      "minecraft:health": {
        "value": 10
      },
      "minecraft:movement": {
        "value": 0.04
      },
      "minecraft:breathable": {
        "total_supply": 15,
        "suffocate_time": 0,
        "breathes_air": true,
        "breathes_water": true
      },
      "minecraft:attack": {
        "damage": 1
      },
      "minecraft:loot": {
        "table": "loot_tables/jujutsu/hunokanjou.json"
      },
      "minecraft:behavior.float": {
        "priority": 0
      },
     "minecraft:behavior.nearest_attackable_target": {
      "priority": 2,
      "must_see": true,
      "within_radius": 64,
      "entity_types": [
        {
          "filters": {
            "any_of": [
              { "test": "is_family", "subject": "other", "value": "player" },
              { "test": "is_family", "subject": "other", "value": "villager" },
              { "test": "is_family", "subject": "other", "value": "jujutsushi" },
              { "test": "is_family", "subject": "other", "value": "jusoshi" }
            ]
          },
          "max_dist": 35
        }
      ]
    },
    "minecraft:follow_range": {
        "value": 100
    },
    "minecraft:behavior.hurt_by_target": {
      "priority": 1,
      "entity_types": {
          "filters": {
            "test" :  "is_family", "subject" : "other", "operator": "!=", "value" :  "damage"
          }
        }
      },
      "minecraft:behavior.melee_attack": {
        "priority": 3
      },
      "minecraft:behavior.float_wander": {
        "priority": 4,
        "xz_dist": 10,
        "y_dist": 2,
        "y_offset": 0,
        "float_duration": [
          0,
          0.2
        ],
        "must_reach": true
      },
      "minecraft:behavior.random_fly": {
        "priority": 5
      },
      "minecraft:behavior.look_at_player": {
        "priority": 6,
        "look_distance": 6,
        "probability": 0.02
      },
      "minecraft:behavior.random_look_around": {
        "priority": 7
      },
      "minecraft:physics": {
        "has_gravity": false
      },
      "minecraft:pushable": {
        "is_pushable": true,
        "is_pushable_by_piston": true
      }
    },
    "events": {
      "loot": {
        "add": {
          "component_groups": [
              "loot"
            ]
          }
        },
      "jurei_soujutsu": {
        "add": {
          "component_groups": [
              "jurei_soujutsu"
            ]
          }
        },
      "despawn": {
        "add": {
          "component_groups": [
            "despawn"
          ]
        }
      },
      "level": {
        "add": {
          "component_groups": [
            "death"
          ]
        },
        "run_command": {
          "command": "scoreboard players add @s jujutsushi_level 1",
          "target": "other"
        }
      }
    }
  }
}