{
    "format_version": "1.12.0",
    "minecraft:entity": {
        "description": {
            "identifier": "rai:kikoniseitai",
            "is_spawnable": true,
            "is_summonable": true,
            "is_experimental": false
        },
        "component_groups": {
            "death": {
              "minecraft:damage_sensor": {}
            }
        },
        "components": {
            "minecraft:boss": {
                "name": "entity.rai:kikoniseitai.name",
                "hud_range": 5
            },
            "minecraft:experience_reward": {
              "on_death": "query.last_hit_by_player ? 5 + (query.equipment_count * Math.Random(1,3)) : 0"
            },
            "minecraft:damage_sensor": {
              "triggers": [
                {
                  "on_damage": {
                      "filters": {
                        "all_of": [
                          {
                            "test" :  "is_family",
                            "subject": "other",
                            "value" :  "jurei_hit"
                          },
                          {
                            "test" :  "is_family",
                            "subject": "other",
                            "value" :  "player"
                          },
                          {
                            "test" :  "has_damage",
                            "value" :  "fatal"
                          }
                        ]
                      },
                      "event": "level"
                    },
                  "deals_damage": true
                },
                {
                "on_damage": {
                    "filters": {
                      "test" :  "is_family",
                      "subject": "other",
                      "value" :  "jurei_hit"
                    }
                  },
                  "deals_damage": true
                },
                {
                  "on_damage": {
                      "filters": {
                        "test" :  "has_damage",
                        "value" :  "attack"
                      }
                    },
                    "deals_damage": false
                },
                {
                  "on_damage": {
                      "filters": {
                        "test" :  "has_damage",
                        "value" :  "projectile"
                      }
                    },
                    "deals_damage": false
                }
              ]
            },
            "minecraft:despawn": {
              "despawn_from_distance": {}
            },
            "minecraft:behavior.float": {
                "priority": 0
            },
            "minecraft:behavior.melee_attack": {
                "priority": 1
            },
            "minecraft:behavior.hurt_by_target": {
                "priority": 2,
                "entity_types": {
                    "filters": {
                      "all_of": [
                        {
                          "test" :  "is_family", "subject" : "other", "operator": "!=", "value" :  "damage"
                        },
                        {
                          "test" :  "is_family", "subject" : "other", "operator": "!=", "value" :  "mahito"
                        }
                      ]
                    }
                }
            },
            "minecraft:behavior.nearest_attackable_target": {
                "priority": 3,
                "must_see": true,
                "entity_types": {
                    "filters": {
                        "any_of": [
                            { "test": "is_family", "subject": "other", "value": "player" },
                            { "test": "is_family", "subject": "other", "value": "villager" },
                            { "test": "is_family", "subject": "other", "value": "jujutsushi" },
                            { "test": "is_family", "subject": "other", "value": "jusoshi" }
                        ]
                    },
                    "max_dist": 64
                }
            },
            "minecraft:follow_range": {
                "value": 100
            },
            "minecraft:behavior.random_stroll": {
                "priority": 4,
                "speed_multiplier": 0.5
            },
            "minecraft:behavior.look_at_player": {
                "priority": 5,
                "look_distance": 6,
                "probability": 0.2
            },
            "minecraft:behavior.random_look_around": {
                "priority": 6
            },
            "minecraft:navigation.walk": {
                "can_path_over_water": true
            },
            "minecraft:breathable": {
                "total_supply": 15,
                "suffocate_time": 0
            },
            "minecraft:nameable": {},
            "minecraft:knockback_resistance": {
                "value": 0.5
            },
            "minecraft:type_family": {
                "family": [
                    "mahito",
                    "jurei",
                    "jurei_hit"
                ]
            },
            "minecraft:collision_box": {
                "width": 0.6,
                "height": 1.8
            },
            "minecraft:health": {
                "value": 50
            },
            "minecraft:attack": {
                "damage": 8
            },
            "minecraft:movement": {
                "value": 0.35
            },
            "minecraft:movement.basic": {},
            "minecraft:jump.static": {},
            "minecraft:physics": {}
        },
        "events": {
            "level": {
              "add": {
                "component_groups": [
                  "death"
                ]
              },
              "run_command": {
                "command": "scoreboard players add @s jujutsushi_level 10",
                "target": "other"
              }
            }
        }
    }
}