{
    "format_version": "1.12.0",
    "minecraft:entity": {
        "description": {
            "identifier": "rai:mahito",
            "is_spawnable": true,
            "is_summonable": true,
            "is_experimental": false,
            "scripts": {
                "animate": [
                    "kokusen"
                ]
            },
            "animations": {
                "kokusen": "controller.animation.kokusen"
            }
        },
        "component_groups": {
            "kikoniseitai": {
                "minecraft:spawn_entity": [
                    {
                        "min_wait_time": 0,
                        "max_wait_time": 0,
                        "spawn_entity": "rai:kikoniseitai",
                        "num_to_spawn": 2,
                        "single_use": true
                    }
                ]
            },
            "battai": {
                "minecraft:spawn_entity": [
                    {
                        "min_wait_time": 0,
                        "max_wait_time": 0,
                        "spawn_entity": "rai:battai",
                        "num_to_spawn": 1,
                        "single_use": true
                    }
                ]
            },
            "death": {
              "minecraft:damage_sensor": {}
            }
        },
        "components": {
            "minecraft:boss": {
                "name": "entity.rai:mahito.name",
                "hud_range": 5
            },
            "minecraft:on_target_acquired": {
                "event": "target"
            },
            "minecraft:on_target_escape": {
                "event": "target2"
            },
            "minecraft:experience_reward": {
              "on_death": "query.last_hit_by_player ? 5 + (query.equipment_count * Math.Random(1,3)) : 0"
            },
            "minecraft:damage_sensor": {
              "triggers": [
                {
                  "on_damage": {
                      "filters": {
                        "all_of": [
                          {
                            "test" :  "is_family",
                            "subject": "other",
                            "value" :  "jurei_hit"
                          },
                          {
                            "test" :  "is_family",
                            "subject": "other",
                            "value" :  "player"
                          },
                          {
                            "test" :  "has_damage",
                            "value" :  "fatal"
                          }
                        ]
                      },
                      "event": "level"
                    },
                  "deals_damage": true
                },
                {
                "on_damage": {
                    "filters": {
                      "test" :  "is_family",
                      "subject": "other",
                      "value" :  "jurei_hit"
                    }
                  },
                  "deals_damage": true
                },
                {
                  "on_damage": {
                      "filters": {
                        "test" :  "has_damage",
                        "value" :  "attack"
                      }
                    },
                    "deals_damage": false
                },
                {
                  "on_damage": {
                      "filters": {
                        "test" :  "has_damage",
                        "value" :  "projectile"
                      }
                    },
                    "deals_damage": false
                }
              ]
            },
            "minecraft:despawn": {
              "despawn_from_distance": {}
            },
            "minecraft:behavior.float": {
                "priority": 0
            },
            "minecraft:behavior.melee_attack": {
                "priority": 1
            },
            "minecraft:behavior.hurt_by_target": {
                "priority": 2,
                "entity_types": {
                    "filters": {
                        "test" :  "is_family", "subject" : "other", "operator": "!=", "value" :  "damage"
                    }
                }
            },
            "minecraft:behavior.nearest_attackable_target": {
                "priority": 3,
                "must_see": true,
                "entity_types": {
                    "filters": {
                        "any_of": [
                            { "test": "is_family", "subject": "other", "value": "player" },
                            { "test": "is_family", "subject": "other", "value": "villager" },
                            { "test": "is_family", "subject": "other", "value": "jujutsushi" },
                            { "test": "is_family", "subject": "other", "value": "jusoshi" }
                        ]
                    },
                    "max_dist": 64
                }
            },
            "minecraft:follow_range": {
                "value": 100
            },
            "minecraft:behavior.random_stroll": {
                "priority": 4,
                "speed_multiplier": 0.5
            },
            "minecraft:behavior.look_at_player": {
                "priority": 5,
                "look_distance": 6,
                "probability": 0.2
            },
            "minecraft:behavior.random_look_around": {
                "priority": 6
            },
            "minecraft:loot": {
              "table": "loot_tables/jujutsu/mahito_hand.json"
            },
            "minecraft:navigation.walk": {
                "can_path_over_water": true
            },
            "minecraft:breathable": {
                "total_supply": 15,
                "suffocate_time": 0
            },
            "minecraft:nameable": {},
            "minecraft:knockback_resistance": {
                "value": 0.5
            },
            "minecraft:type_family": {
                "family": [
                    "mahito",
                    "jurei",
                    "jurei_hit"
                ]
            },
            "minecraft:collision_box": {
                "width": 0.6,
                "height": 1.8
            },
            "minecraft:health": {
                "value": 800
            },
            "minecraft:attack": {
                "damage": 10
            },
            "minecraft:movement": {
                "value": 0.35
            },
            "minecraft:movement.basic": {},
            "minecraft:jump.static": {},
            "minecraft:physics": {}
        },
        "events": {
            "target": {
                "run_command": {
                    "command": [
                        "tag @s add target"
                    ]
                }
            },
            "target2": {
                "run_command": {
                    "command": [
                        "tag @s remove target"
                    ]
                }
            },
            "attack": {
                "run_command": {
                    "command": [
                        "scoreboard objectives add attack dummy",
                        "tag @s[scores={muryokusho2=1..2}] add muryokusho_attack",
                        "scoreboard players random @s attack 1 50",
                        "execute @s[scores={attack=1..10},tag=!muryokusho_attack] ~~~ tellraw @a[r=8] {\"rawtext\":[{\"text\":\"<\"},{\"selector\":\"@s\"},{\"text\":\"> \"},{\"translate\":\"entity.rai:battai.name\"}]}",
                        "event entity @s[scores={attack=1..10},tag=!muryokusho_attack] battai",
                        "execute @s[scores={attack=50},tag=!muryokusho_attack] ~~~ tellraw @a[r=8] {\"rawtext\":[{\"text\":\"<\"},{\"selector\":\"@s\"},{\"text\":\"> \"},{\"translate\":\"entity.rai:kikoniseitai.name\"}]}",
                        "event entity @s[scores={attack=50},tag=!muryokusho_attack] kikoniseitai",
                        "scoreboard players reset @s attack",
                        "tag @s remove muryokusho_attack"
                    ]
                }
            },
            "kikoniseitai": {
                "add": {
                    "component_groups": [
                        "kikoniseitai"
                    ]
                }
            },
            "battai": {
                "add": {
                    "component_groups": [
                        "battai"
                    ]
                }
            },
            "level": {
              "add": {
                "component_groups": [
                  "death"
                ]
              },
              "run_command": {
                "command": "scoreboard players add @s jujutsushi_level 10",
                "target": "other"
              }
            }
        }
    }
}