{
  "format_version": "1.12.0",
  "minecraft:entity": {
    "description": {
      "identifier": "rai:makora",
      "is_spawnable": true,
      "is_summonable": true,
      "is_experimental": false
    },
    "component_groups": {
      "tame_chance": {
        "minecraft:type_family": {
          "family": [
            "tame_chance",
            "shikigami",
            "jurei_hit"
          ]
        },
        "minecraft:movement": {
          "value": 0
        },
        "minecraft:damage_sensor": [
          {
            "cause": "all",
            "deals_damage": false
          }
        ],
        "minecraft:timer": {
          "looping": true,
          "time": 1,
          "time_down_event": {
            "event": "particle"
          }
        },
        "minecraft:pushable": {
          "is_pushable": false,
          "is_pushable_by_piston": false
        },
        "minecraft:behavior.nearest_attackable_target": {
         "priority": 3,
         "within_radius": 64,
         "entity_types": [
           {
             "filters": {
               "all_of": [
                 { "test": "is_family", "subject": "other", "operator": "not", "value": "player" }
               ],
               "any_of": [
                 { "test": "is_family", "subject": "other", "value": "jurei" },
                 { "test": "is_family", "subject": "other", "value": "jusoshi" }
               ]
             },
             "max_dist": 35
           }
         ]
       },
        "minecraft:tameable": {
          "probability": 1,
          "tame_items": "rai:makora2",
          "tame_event": {
            "event": "minecraft:on_tame",
            "target": "self"
          }
        }
      },
      "on_tame": {
        "minecraft:type_family": {
          "family": [
            "shikigami",
            "jurei_hit"
          ]
        },
        "minecraft:movement": {
          "value": 0.35
        },
        "minecraft:attack": {
          "damage": 16
        },
        "minecraft:damage_sensor": {
          "triggers": [
            {
              "on_damage": {
                "filters": {
                    "test" :  "has_damage",
                    "value" :  "fatal"
                  },
                  "event": "despawn"
                },
              "deals_damage": false
            },
            {
              "on_damage": {
                "filters": {
                    "test" :  "has_tag",
                    "subject": "other",
                    "value" :  "jutsushiki_kaijo"
                  },
                  "event": "despawn"
                },
              "deals_damage": true
            }
          ]
        },
        "minecraft:timer": {
          "looping": false,
          "time": 0
        },
        "minecraft:pushable": {
          "is_pushable": true,
          "is_pushable_by_piston": true
        },
        "minecraft:follow_range": {
          "value": 100
        },
        "minecraft:behavior.owner_hurt_by_target": {
          "priority": 1
        },
        "minecraft:behavior.owner_hurt_target": {
          "priority": 2
        },
        "minecraft:is_tamed": {
        },
        "minecraft:behavior.follow_owner": {
          "priority": 6,
          "speed_multiplier": 1.0,
          "start_distance": 10,
          "stop_distance": 2
        },
        "minecraft:behavior.random_stroll": {
          "priority": 7,
          "speed_multiplier": 1
        },
        "minecraft:behavior.look_at_player": {
          "priority": 8,
          "look_distance": 6,
          "probability": 0.02
        },
        "minecraft:behavior.random_look_around": {
          "priority": 9
        }
      },
      "despawn": {
        "minecraft:instant_despawn": {
          "remove_child_entities": true
        }
      }
    },
    "components": {
      "minecraft:boss": {
          "name": "entity.rai:makora.name",
          "hud_range": 5
      },
      "minecraft:despawn": {
        "despawn_from_distance": {}
      },
      "minecraft:damage_sensor": {
        "triggers": [
          {
            "on_damage": {
              "filters": {
                  "test" :  "has_damage",
                  "value" :  "fatal"
                },
                "event": "tame_chance"
              },
            "deals_damage": false
          }
        ]
      },
      "minecraft:nameable": {
      },
      "minecraft:type_family": {
        "family": [
          "shikigami",
          "jurei_hit"
        ]
      },
      "minecraft:knockback_resistance": {
          "value": 0.25
      },
      "minecraft:collision_box": {
        "width": 1.25,
        "height": 3.2
      },
      "minecraft:movement.basic": {
      },
      "minecraft:navigation.walk": {
        "is_amphibious": true,
        "can_pass_doors": true,
        "can_walk": true,
        "can_break_doors": true
      },
      "minecraft:annotation.break_door": {
      },
      "minecraft:jump.static": {
      },
      "minecraft:can_climb": {
      },
      "minecraft:health": {
        "value": 1200
      },
      "minecraft:movement": {
        "value": 0.4
      },
      "minecraft:breathable": {
        "total_supply": 15,
        "suffocate_time": 0,
        "breathes_air": true,
        "breathes_water": true
      },
      "minecraft:attack": {
        "damage": 40
      },
      "minecraft:behavior.float": {
        "priority": 0
      },
     "minecraft:behavior.nearest_attackable_target": {
      "priority": 2,
      "must_see": true,
      "within_radius": 64,
      "entity_types": [
        {
          "filters": {
            "any_of": [
              { "test": "is_family", "subject": "other", "value": "player" },
              { "test": "is_family", "subject": "other", "value": "jurei" },
              { "test": "is_family", "subject": "other", "value": "jujutsushi" },
              { "test": "is_family", "subject": "other", "value": "jusoshi" }
            ]
          },
          "max_dist": 35
        }
      ]
    },
    "minecraft:follow_range": {
        "value": 100
    },
    "minecraft:behavior.hurt_by_target": {
      "priority": 1,
      "entity_types": {
          "filters": {
            "test" :  "is_family", "subject" : "other", "operator": "!=", "value" :  "damage"
          }
        }
      },
      "minecraft:behavior.melee_attack": {
        "priority": 3
      },
      "minecraft:behavior.random_stroll": {
        "priority": 4,
        "speed_multiplier": 1
      },
      "minecraft:behavior.look_at_player": {
        "priority": 5,
        "look_distance": 6,
        "probability": 0.02
      },
      "minecraft:behavior.random_look_around": {
        "priority": 6
      },
      "minecraft:physics": {
      },
      "minecraft:pushable": {
        "is_pushable": true,
        "is_pushable_by_piston": true
      }
    },
    "events": {
      "tame_chance": {
        "add": {
          "component_groups": [
            "tame_chance"
          ]
        }
      },
      "particle": {
        "run_command": {
          "command": [
            "particle jujutsu:shikigami2 ~~1~"
          ]
        }
      },
      "minecraft:on_tame": {
        "run_command": {
          "command": "effect @s instant_health 2 255 true"
        },
        "add": {
          "component_groups": [
            "on_tame"
          ]
        }
      },
      "despawn": {
        "run_command": {
          "command": "particle jujutsu:shikigami ~~~"
        },
        "add": {
          "component_groups": [
            "despawn"
          ]
        }
      }
    }
  }
}