{
    "format_version": "1.12.0",
    "minecraft:entity": {
        "description": {
            "identifier": "rai:murasaki_particle",
            "is_spawnable": false,
            "is_summonable": false,
            "is_experimental": false
        },
        "component_groups": {
            "murasaki": {
                "minecraft:variant": {
                    "value": 0
                }
            },
            "gojo": {
                "minecraft:variant": {
                    "value": 1
                }
            },
            "despawn": {
                "minecraft:instant_despawn": {
                    "remove_child_entities": true
                }
            }
        },
        "components": {
            "minecraft:fire_immune": {
            },
            "minecraft:timer": {
                "looping": false,
                "time": 1.5,
                "time_down_event": {
                    "event": "despawn"
                }
            },
            "minecraft:knockback_resistance": {
                "value": 1
            },
            "minecraft:damage_sensor": [
                {
                    "cause": "all",
                    "deals_damage": false
                }
            ],
            "minecraft:collision_box": {
                "width": 0,
                "height": 0
            },
            "minecraft:health": {
                "value": 1,
                "min": 1
            },
            "minecraft:pushable": {
                "is_pushable": false,
                "is_pushable_by_piston": false
            }
        },
        "events": {
            "murasaki": {
                "add": {
                    "component_groups": [
                        "murasaki"
                    ]
                }
            },
            "gojo": {
                "add": {
                    "component_groups": [
                        "gojo"
                    ]
                }
            },
            "despawn": {
                "add": {
                    "component_groups": [
                        "despawn"
                    ]
                }
            }
        }
    }
}