{
    "format_version": "1.12.0",
    "minecraft:entity": {
        "description": {
            "identifier": "rai:shigemo",
            "is_spawnable": true,
            "is_summonable": true,
            "is_experimental": false,
            "scripts": {
                "animate": [
                    "shigemo",
                    "hp_1"
                ]
            },
            "animations": {
                "shigemo": "controller.animation.shigemo",
                "hp_1": "controller.animation.hp_1"
            }
        },
        "component_groups": {
            "lucky_set": {
                "minecraft:behavior.avoid_mob_type": {
                  "priority": 1,
                  "max_flee": 100,
                  "max_dist": 100,
                  "entity_types": [
                    {
                      "filters": {
                        "test" :  "is_target", "subject" : "other"
                      },
                      "sprint_speed_multiplier": 1.5
                    }
                  ]
                },
                "minecraft:damage_sensor": {
                    "triggers": [
                        {
                            "on_damage": {
                                "filters": {
                                    "all_of": [
                                        {
                                            "test" :  "has_tag",
                                            "operator": "not",
                                            "value" :  "hp_1"
                                        },
                                        {
                                            "test" :  "has_damage",
                                            "value" :  "fatal"
                                        },
                                        {
                                            "test" :  "has_tag",
                                            "value" :  "lucky"
                                        },
                                        {
                                            "test" :  "has_tag",
                                            "subject": "other",
                                            "operator": "not",
                                            "value" :  "jutsushiki_kaijo"
                                        },
                                        {
                                            "test" :  "is_family",
                                            "subject": "other",
                                            "operator": "not",
                                            "value" :  "touji"
                                        }
                                    ]
                                },
                                "event": "lucky"
                            },
                            "damage_multiplier": 0
                        },
                        {
                            "on_damage": {
                                "filters": {
                                    "all_of": [
                                        {
                                            "test" :  "has_tag",
                                            "value" :  "hp_1"
                                        },
                                        {
                                            "test" :  "has_damage",
                                            "value" :  "fatal"
                                        },
                                        {
                                            "test" :  "has_tag",
                                            "value" :  "lucky"
                                        },
                                        {
                                            "test" :  "has_tag",
                                            "subject": "other",
                                            "operator": "not",
                                            "value" :  "jutsushiki_kaijo"
                                        },
                                        {
                                            "test" :  "is_family",
                                            "subject": "other",
                                            "operator": "not",
                                            "value" :  "touji"
                                        }
                                    ]
                                },
                                "event": "lucky"
                            },
                            "deals_damage": false
                        }
                    ]
                }
            },
            "lucky5": {
                "minecraft:behavior.avoid_mob_type": {
                  "priority": 1,
                  "max_flee": 100,
                  "max_dist": 100,
                  "entity_types": [
                    {
                      "filters": {
                        "test" :  "is_target", "subject" : "other"
                      },
                      "sprint_speed_multiplier": 1.5
                    }
                  ]
                },
                "minecraft:variant": {
                    "value": 1
                }
            },
            "lucky4": {
                "minecraft:behavior.avoid_mob_type": {
                  "priority": 1,
                  "max_flee": 100,
                  "max_dist": 100,
                  "entity_types": [
                    {
                      "filters": {
                        "test" :  "is_target", "subject" : "other"
                      },
                      "sprint_speed_multiplier": 1.5
                    }
                  ]
                },
                "minecraft:variant": {
                    "value": 2
                }
            },
            "lucky3": {
                "minecraft:behavior.avoid_mob_type": {
                  "priority": 1,
                  "max_flee": 100,
                  "max_dist": 100,
                  "entity_types": [
                    {
                      "filters": {
                        "test" :  "is_target", "subject" : "other"
                      },
                      "sprint_speed_multiplier": 1.5
                    }
                  ]
                },
                "minecraft:variant": {
                    "value": 3
                }
            },
            "lucky2": {
                "minecraft:behavior.avoid_mob_type": {
                  "priority": 1,
                  "max_flee": 100,
                  "max_dist": 100,
                  "entity_types": [
                    {
                      "filters": {
                        "test" :  "is_target", "subject" : "other"
                      },
                      "sprint_speed_multiplier": 1.5
                    }
                  ]
                },
                "minecraft:variant": {
                    "value": 4
                }
            },
            "lucky1": {
                "minecraft:behavior.avoid_mob_type": {
                  "priority": 1,
                  "max_flee": 100,
                  "max_dist": 100,
                  "entity_types": [
                    {
                      "filters": {
                        "test" :  "is_target", "subject" : "other"
                      },
                      "sprint_speed_multiplier": 1.5
                    }
                  ]
                },
                "minecraft:variant": {
                    "value": 5
                }
            },
            "lucky0": {
                "minecraft:behavior.avoid_mob_type": {
                  "priority": 1,
                  "max_flee": 100,
                  "max_dist": 100,
                  "entity_types": [
                    {
                      "filters": {
                        "test" :  "is_target", "subject" : "other"
                      },
                      "sprint_speed_multiplier": 1.5
                    }
                  ]
                },
                "minecraft:variant": {
                    "value": 6
                }
            }
        },
        "components": {
            "minecraft:boss": {
                "name": "entity.rai:shigemo.name",
                "hud_range": 5
            },
            "minecraft:variant": {
                "value": 0
            },
            "minecraft:despawn": {
              "despawn_from_distance": {}
            },
            "minecraft:behavior.float": {
                "priority": 0
            },
            "minecraft:behavior.melee_attack": {
                "priority": 2
            },
            "minecraft:behavior.hurt_by_target": {
                "priority": 3,
                "entity_types": {
                    "filters": {
                        "test" :  "is_family", "subject" : "other", "operator": "!=", "value" :  "damage"
                    }
                }
            },
            "minecraft:behavior.nearest_attackable_target": {
                "priority": 4,
                "must_see": true,
                "within_radius": 64,
                "entity_types": {
                    "filters": {
                        "any_of": [
                            {
                                "test": "is_family",
                                "subject": "other",
                                "operator": "==",
                                "value": "villager"
                            },
                            {
                                "test": "is_family",
                                "subject": "other",
                                "operator": "==",
                                "value": "jujutsushi"
                            },
                            {
                                "test": "is_family",
                                "subject": "other",
                                "operator": "==",
                                "value": "jurei"
                            },
                            {
                                "test": "is_family",
                                "subject": "other",
                                "operator": "==",
                                "value": "player"
                            }
                        ]
                    }
                }
            },
            "minecraft:follow_range": {
                "value": 100
            },
            "minecraft:behavior.random_stroll": {
                "priority": 5,
                "speed_multiplier": 0.5
            },
            "minecraft:behavior.look_at_player": {
                "priority": 6,
                "look_distance": 6,
                "probability": 0.2
            },
            "minecraft:behavior.random_look_around": {
                "priority": 7
            },
            "minecraft:equipment": {
              "table": "loot_tables/jujutsu/equipment/shigemo.json"
            },
            "minecraft:loot": {
              "table": "loot_tables/jujutsu/hunokanjou2.json"
            },
            "minecraft:navigation.walk": {
                "can_path_over_water": true
            },
            "minecraft:breathable": {
                "total_supply": 15,
                "suffocate_time": 0
            },
            "minecraft:nameable": {},
            "minecraft:knockback_resistance": {
                "value": -1
            },
            "minecraft:type_family": {
                "family": [
                    "jusoshi",
                    "jurei_hit"
                ]
            },
            "minecraft:collision_box": {
                "width": 0.6,
                "height": 1.8
            },
            "minecraft:health": {
                "value": 200
            },
            "minecraft:attack": {
                "damage": 1
            },
            "minecraft:movement": {
                "value": 0.3
            },
            "minecraft:movement.basic": {},
            "minecraft:jump.static": {},
            "minecraft:physics": {}
        },
        "events": {
            "lucky_set": {
                "add": {
                    "component_groups": [
                        "lucky_set"
                    ]
                }
            },
            "lucky": {
                "run_command": {
                    "command": [
                        "execute @s[scores={lucky=1..}] ~~~ particle jujutsu:lucky ~~1.5~",
                        "execute @s[scores={lucky=1..}] ~~~ particle minecraft:critical_hit_emitter ~~1~",
                        "scoreboard players remove @s[scores={lucky=1..}] lucky 1",
                        "tag @s[scores={lucky=..0}] remove lucky",
                        "event entity @s[scores={lucky=5}] lucky5",
                        "event entity @s[scores={lucky=4}] lucky4",
                        "event entity @s[scores={lucky=3}] lucky3",
                        "event entity @s[scores={lucky=2}] lucky2",
                        "event entity @s[scores={lucky=1}] lucky1",
                        "event entity @s[scores={lucky=0}] lucky0"
                    ]
                }
            },
            "lucky5": {
                "add": {
                    "component_groups": [
                        "lucky5"
                    ]
                }
            },
            "lucky4": {
                "add": {
                    "component_groups": [
                        "lucky4"
                    ]
                }
            },
            "lucky3": {
                "add": {
                    "component_groups": [
                        "lucky3"
                    ]
                }
            },
            "lucky2": {
                "add": {
                    "component_groups": [
                        "lucky2"
                    ]
                }
            },
            "lucky1": {
                "add": {
                    "component_groups": [
                        "lucky1"
                    ]
                }
            },
            "lucky0": {
                "add": {
                    "component_groups": [
                        "lucky0"
                    ]
                }
            }
        }
    }
}