{
    "format_version": "1.16.0",
    "minecraft:entity": {
        "description": {
            "identifier": "rai:sukuna",
            "is_spawnable": true,
            "is_summonable": true,
            "is_experimental": false,
            "scripts": {
                "animate": [
                    "attack"
                ]
            },
            "animations": {
                "attack": "controller.animation.attack"
            }
        },
        "component_groups": {
            "sukuna_1": {
                "minecraft:health": {
                    "value": 500,
                    "max": 500
                },
                "minecraft:attack": {
                    "damage": 8
                },
                "minecraft:knockback_resistance": {
                    "value": 0.525
                },
                "minecraft:movement": {
                    "value": 0.525
                },
                "minecraft:interact": {
                  "interactions": [
                      {
                          "on_interact": {
                            "filters": {
                              "all_of": [
                                { "test": "has_equipment", "subject": "other", "domain": "hand", "value": "rai:sukuna"},
                                { "test" :  "is_family", "subject" : "other", "value" :  "player"}
                              ]
                            },
                            "event": "sukuna_2"
                          },
                          "use_item": true,
                          "interact_text": "action.interact.juniku"
                        }
                    ]
                },
                "minecraft:on_target_acquired": {
                    "event": "target"
                },
                "minecraft:on_target_escape": {
                    "event": "target2"
                }
            },
            "sukuna_2": {
                "minecraft:health": {
                    "value": 525,
                    "max": 525
                },
                "minecraft:attack": {
                    "damage": 9
                },
                "minecraft:knockback_resistance": {
                    "value": 0.55
                },
                "minecraft:movement": {
                    "value": 0.55
                },
                "minecraft:interact": {
                  "interactions": [
                      {
                          "on_interact": {
                            "filters": {
                              "all_of": [
                                { "test": "has_equipment", "subject": "other", "domain": "hand", "value": "rai:sukuna"},
                                { "test" :  "is_family", "subject" : "other", "value" :  "player"}
                              ]
                            },
                            "event": "sukuna_3"
                          },
                          "use_item": true,
                          "interact_text": "action.interact.juniku"
                        }
                    ]
                }
            },
            "sukuna_3": {
                "minecraft:health": {
                    "value": 550,
                    "max": 550
                },
                "minecraft:attack": {
                    "damage": 10
                },
                "minecraft:knockback_resistance": {
                    "value": 0.575
                },
                "minecraft:movement": {
                    "value": 0.575
                },
                "minecraft:interact": {
                  "interactions": [
                      {
                          "on_interact": {
                            "filters": {
                              "all_of": [
                                { "test": "has_equipment", "subject": "other", "domain": "hand", "value": "rai:sukuna"},
                                { "test" :  "is_family", "subject" : "other", "value" :  "player"}
                              ]
                            },
                            "event": "sukuna_4"
                          },
                          "use_item": true,
                          "interact_text": "action.interact.juniku"
                        }
                    ]
                }
            },
            "sukuna_4": {
                "minecraft:health": {
                    "value": 575,
                    "max": 575
                },
                "minecraft:attack": {
                    "damage": 11
                },
                "minecraft:knockback_resistance": {
                    "value": 0.6
                },
                "minecraft:movement": {
                    "value": 0.6
                },
                "minecraft:interact": {
                  "interactions": [
                      {
                          "on_interact": {
                            "filters": {
                              "all_of": [
                                { "test": "has_equipment", "subject": "other", "domain": "hand", "value": "rai:sukuna"},
                                { "test" :  "is_family", "subject" : "other", "value" :  "player"}
                              ]
                            },
                            "event": "sukuna_5"
                          },
                          "use_item": true,
                          "interact_text": "action.interact.juniku"
                        }
                    ]
                }
            },
            "sukuna_5": {
                "minecraft:health": {
                    "value": 600,
                    "max": 600
                },
                "minecraft:attack": {
                    "damage": 12
                },
                "minecraft:knockback_resistance": {
                    "value": 0.625
                },
                "minecraft:movement": {
                    "value": 0.625
                },
                "minecraft:interact": {
                  "interactions": [
                      {
                          "on_interact": {
                            "filters": {
                              "all_of": [
                                { "test": "has_equipment", "subject": "other", "domain": "hand", "value": "rai:sukuna"},
                                { "test" :  "is_family", "subject" : "other", "value" :  "player"}
                              ]
                            },
                            "event": "sukuna_6"
                          },
                          "use_item": true,
                          "interact_text": "action.interact.juniku"
                        }
                    ]
                }
            },
            "sukuna_6": {
                "minecraft:health": {
                    "value": 625,
                    "max": 625
                },
                "minecraft:attack": {
                    "damage": 13
                },
                "minecraft:knockback_resistance": {
                    "value": 0.65
                },
                "minecraft:movement": {
                    "value": 0.65
                },
                "minecraft:interact": {
                  "interactions": [
                      {
                          "on_interact": {
                            "filters": {
                              "all_of": [
                                { "test": "has_equipment", "subject": "other", "domain": "hand", "value": "rai:sukuna"},
                                { "test" :  "is_family", "subject" : "other", "value" :  "player"}
                              ]
                            },
                            "event": "sukuna_7"
                          },
                          "use_item": true,
                          "interact_text": "action.interact.juniku"
                        }
                    ]
                }
            },
            "sukuna_7": {
                "minecraft:health": {
                    "value": 675,
                    "max": 675
                },
                "minecraft:attack": {
                    "damage": 14
                },
                "minecraft:knockback_resistance": {
                    "value": 0.675
                },
                "minecraft:movement": {
                    "value": 0.675
                },
                "minecraft:interact": {
                  "interactions": [
                      {
                          "on_interact": {
                            "filters": {
                              "all_of": [
                                { "test": "has_equipment", "subject": "other", "domain": "hand", "value": "rai:sukuna"},
                                { "test" :  "is_family", "subject" : "other", "value" :  "player"}
                              ]
                            },
                            "event": "sukuna_8"
                          },
                          "use_item": true,
                          "interact_text": "action.interact.juniku"
                        }
                    ]
                }
            },
            "sukuna_8": {
                "minecraft:health": {
                    "value": 700,
                    "max": 700
                },
                "minecraft:attack": {
                    "damage": 15
                },
                "minecraft:knockback_resistance": {
                    "value": 0.7
                },
                "minecraft:movement": {
                    "value": 0.7
                },
                "minecraft:interact": {
                  "interactions": [
                      {
                          "on_interact": {
                            "filters": {
                              "all_of": [
                                { "test": "has_equipment", "subject": "other", "domain": "hand", "value": "rai:sukuna"},
                                { "test" :  "is_family", "subject" : "other", "value" :  "player"}
                              ]
                            },
                            "event": "sukuna_9"
                          },
                          "use_item": true,
                          "interact_text": "action.interact.juniku"
                        }
                    ]
                }
            },
            "sukuna_9": {
                "minecraft:health": {
                    "value": 725,
                    "max": 725
                },
                "minecraft:attack": {
                    "damage": 16
                },
                "minecraft:knockback_resistance": {
                    "value": 0.725
                },
                "minecraft:movement": {
                    "value": 0.725
                },
                "minecraft:interact": {
                  "interactions": [
                      {
                          "on_interact": {
                            "filters": {
                              "all_of": [
                                { "test": "has_equipment", "subject": "other", "domain": "hand", "value": "rai:sukuna"},
                                { "test" :  "is_family", "subject" : "other", "value" :  "player"}
                              ]
                            },
                            "event": "sukuna_10"
                          },
                          "use_item": true,
                          "interact_text": "action.interact.juniku"
                        }
                    ]
                }
            },
            "sukuna_10": {
                "minecraft:health": {
                    "value": 750,
                    "max": 750
                },
                "minecraft:attack": {
                    "damage": 17
                },
                "minecraft:knockback_resistance": {
                    "value": 0.75
                },
                "minecraft:movement": {
                    "value": 0.75
                },
                "minecraft:interact": {
                  "interactions": [
                      {
                          "on_interact": {
                            "filters": {
                              "all_of": [
                                { "test": "has_equipment", "subject": "other", "domain": "hand", "value": "rai:sukuna"},
                                { "test" :  "is_family", "subject" : "other", "value" :  "player"}
                              ]
                            },
                            "event": "sukuna_11"
                          },
                          "use_item": true,
                          "interact_text": "action.interact.juniku"
                        }
                    ]
                }
            },
            "sukuna_11": {
                "minecraft:health": {
                    "value": 800,
                    "max": 800
                },
                "minecraft:attack": {
                    "damage": 18
                },
                "minecraft:knockback_resistance": {
                    "value": 0.775
                },
                "minecraft:movement": {
                    "value": 0.775
                },
                "minecraft:interact": {
                  "interactions": [
                      {
                          "on_interact": {
                            "filters": {
                              "all_of": [
                                { "test": "has_equipment", "subject": "other", "domain": "hand", "value": "rai:sukuna"},
                                { "test" :  "is_family", "subject" : "other", "value" :  "player"}
                              ]
                            },
                            "event": "sukuna_12"
                          },
                          "use_item": true,
                          "interact_text": "action.interact.juniku"
                        }
                    ]
                }
            },
            "sukuna_12": {
                "minecraft:health": {
                    "value": 850,
                    "max": 850
                },
                "minecraft:attack": {
                    "damage": 19
                },
                "minecraft:knockback_resistance": {
                    "value": 0.8
                },
                "minecraft:movement": {
                    "value": 0.8
                },
                "minecraft:interact": {
                  "interactions": [
                      {
                          "on_interact": {
                            "filters": {
                              "all_of": [
                                { "test": "has_equipment", "subject": "other", "domain": "hand", "value": "rai:sukuna"},
                                { "test" :  "is_family", "subject" : "other", "value" :  "player"}
                              ]
                            },
                            "event": "sukuna_13"
                          },
                          "use_item": true,
                          "interact_text": "action.interact.juniku"
                        }
                    ]
                }
            },
            "sukuna_13": {
                "minecraft:health": {
                    "value": 900,
                    "max": 900
                },
                "minecraft:attack": {
                    "damage": 20
                },
                "minecraft:knockback_resistance": {
                    "value": 0.825
                },
                "minecraft:movement": {
                    "value": 0.825
                },
                "minecraft:interact": {
                  "interactions": [
                      {
                          "on_interact": {
                            "filters": {
                              "all_of": [
                                { "test": "has_equipment", "subject": "other", "domain": "hand", "value": "rai:sukuna"},
                                { "test" :  "is_family", "subject" : "other", "value" :  "player"}
                              ]
                            },
                            "event": "sukuna_14"
                          },
                          "use_item": true,
                          "interact_text": "action.interact.juniku"
                        }
                    ]
                }
            },
            "sukuna_14": {
                "minecraft:health": {
                    "value": 950,
                    "max": 950
                },
                "minecraft:attack": {
                    "damage": 22
                },
                "minecraft:knockback_resistance": {
                    "value": 0.85
                },
                "minecraft:movement": {
                    "value": 0.85
                },
                "minecraft:interact": {
                  "interactions": [
                      {
                          "on_interact": {
                            "filters": {
                              "all_of": [
                                { "test": "has_equipment", "subject": "other", "domain": "hand", "value": "rai:sukuna"},
                                { "test" :  "is_family", "subject" : "other", "value" :  "player"}
                              ]
                            },
                            "event": "sukuna_15"
                          },
                          "use_item": true,
                          "interact_text": "action.interact.juniku"
                        }
                    ]
                }
            },
            "sukuna_15": {
                "minecraft:health": {
                    "value": 975,
                    "max": 975
                },
                "minecraft:attack": {
                    "damage": 24
                },
                "minecraft:knockback_resistance": {
                    "value": 0.875
                },
                "minecraft:movement": {
                    "value": 0.875
                },
                "minecraft:interact": {
                  "interactions": [
                      {
                          "on_interact": {
                            "filters": {
                              "all_of": [
                                { "test": "has_equipment", "subject": "other", "domain": "hand", "value": "rai:sukuna"},
                                { "test" :  "is_family", "subject" : "other", "value" :  "player"}
                              ]
                            },
                            "event": "sukuna_16"
                          },
                          "use_item": true,
                          "interact_text": "action.interact.juniku"
                        }
                    ]
                }
            },
            "sukuna_16": {
                "minecraft:health": {
                    "value": 1000,
                    "max": 1000
                },
                "minecraft:attack": {
                    "damage": 28
                },
                "minecraft:knockback_resistance": {
                    "value": 0.9
                },
                "minecraft:movement": {
                    "value": 0.9
                },
                "minecraft:interact": {
                  "interactions": [
                      {
                          "on_interact": {
                            "filters": {
                              "all_of": [
                                { "test": "has_equipment", "subject": "other", "domain": "hand", "value": "rai:sukuna"},
                                { "test" :  "is_family", "subject" : "other", "value" :  "player"}
                              ]
                            },
                            "event": "sukuna_17"
                          },
                          "use_item": true,
                          "interact_text": "action.interact.juniku"
                        }
                    ]
                }
            },
            "sukuna_17": {
                "minecraft:health": {
                    "value": 1100,
                    "max": 1100
                },
                "minecraft:attack": {
                    "damage": 32
                },
                "minecraft:knockback_resistance": {
                    "value": 0.925
                },
                "minecraft:movement": {
                    "value": 0.925
                },
                "minecraft:interact": {
                  "interactions": [
                      {
                          "on_interact": {
                            "filters": {
                              "all_of": [
                                { "test": "has_equipment", "subject": "other", "domain": "hand", "value": "rai:sukuna"},
                                { "test" :  "is_family", "subject" : "other", "value" :  "player"}
                              ]
                            },
                            "event": "sukuna_18"
                          },
                          "use_item": true,
                          "interact_text": "action.interact.juniku"
                        }
                    ]
                }
            },
            "sukuna_18": {
                "minecraft:health": {
                    "value": 1200,
                    "max": 1200
                },
                "minecraft:attack": {
                    "damage": 36
                },
                "minecraft:knockback_resistance": {
                    "value": 0.95
                },
                "minecraft:movement": {
                    "value": 0.95
                },
                "minecraft:interact": {
                  "interactions": [
                      {
                          "on_interact": {
                            "filters": {
                              "all_of": [
                                { "test": "has_equipment", "subject": "other", "domain": "hand", "value": "rai:sukuna"},
                                { "test" :  "is_family", "subject" : "other", "value" :  "player"}
                              ]
                            },
                            "event": "sukuna_19"
                          },
                          "use_item": true,
                          "interact_text": "action.interact.juniku"
                        }
                    ]
                }
            },
            "sukuna_19": {
                "minecraft:health": {
                    "value": 1400,
                    "max": 1400
                },
                "minecraft:attack": {
                    "damage": 40
                },
                "minecraft:knockback_resistance": {
                    "value": 0.975
                },
                "minecraft:movement": {
                    "value": 0.975
                },
                "minecraft:interact": {
                }
            },
            "death": {
              "minecraft:damage_sensor": {}
            },
            "reset": {
                "minecraft:jump.static": {
                    "jump_power": 0.42
                },
                "minecraft:behavior.random_stroll": {
                    "priority": 6,
                    "speed_multiplier": 0.5
                },
                "minecraft:navigation.walk": {
                    "can_path_over_water": true
                },
                "minecraft:attack": {
                    "damage": 8
                },
                "minecraft:behavior.look_at_target": {
                    "priority": 5,
                    "look_distance": 20,
                    "probability": 1
                },
                "minecraft:damage_sensor": {
                    "triggers": [
                        {
                            "on_damage": {
                                "filters": {
                                    "test" :  "is_family",
                                    "subject": "other",
                                    "value" :  "jurei_hit"
                                }
                            },
                            "deals_damage": true
                        },
                        {
                            "on_damage": {
                               "filters": {
                                    "test" :  "has_damage",
                                    "value" :  "attack"
                                }
                            },
                            "deals_damage": false
                        },
                        {
                            "on_damage": {
                                "filters": {
                                    "test" :  "has_damage",
                                    "value" :  "projectile"
                                }
                            },
                            "deals_damage": false
                        },
                        {
                          "on_damage": {
                              "filters": {
                                "all_of": [
                                  {
                                    "test" :  "is_family",
                                    "subject": "other",
                                    "value" :  "player"
                                  },
                                  {
                                    "test" :  "has_damage",
                                    "value" :  "fatal"
                                  }
                                ]
                              },
                              "event": "level"
                            },
                            "deals_damage": true
                        }
                    ]
                },
                "minecraft:knockback_resistance": {
                    "value": 0.5
                },
                "minecraft:teleport": {
                    "random_teleports": true,
                    "max_random_teleport_time": 30,
                    "random_teleport_cube": [ 3, 3, 3 ],
                    "target_distance": 16,
                    "target_teleport_chance": 0.1
                },
                "minecraft:movement": {
                    "value": 0.5
                }
            },
            "huga": {
                "minecraft:spawn_entity": {
                    "entities": {
                        "min_wait_time": 0,
                        "max_wait_time": 0,
                        "spawn_entity": "rai:huga",
                        "num_to_spawn": 1,
                        "single_use": true
                    }
                }
            },
            "sukuna_attack2": {
                "minecraft:spawn_entity": {
                    "entities": {
                        "min_wait_time": 0,
                        "max_wait_time": 0,
                        "spawn_entity": "rai:hukumamidushi",
                        "num_to_spawn": 1,
                        "single_use": true
                    }
                },
                "minecraft:jump.static": {
                    "jump_power": 0
                },
                "minecraft:behavior.random_stroll": {
                    "priority": 6,
                    "speed_multiplier": 0
                },
                "minecraft:navigation.walk": {
                    "can_path_over_water": false
                },
                "minecraft:attack": {
                    "damage": 0
                },
                "minecraft:behavior.look_at_target": {
                    "priority": 5,
                    "look_distance": 0,
                    "probability": 0
                },
                "minecraft:damage_sensor": [
                        {
                            "cause": "all",
                            "deals_damage": false
                        }
                    ],
                "minecraft:behavior.knockback_roar": {
                    "priority": 1,
                    "duration": 0.1,
                    "attack_time": 0.1,
                    "knockback_damage": 8,
                    "knockback_strength": 0,
                    "knockback_range": 200,
                    "on_roar_end": {
                        "event": "hukumamidushi"
                    },
                    "cooldown_time": 0.1
                },
                "minecraft:timer": {
                    "looping": false,
                    "time": 3,
                    "time_down_event": {
                        "event": "reset"
                    }
                },
                "minecraft:knockback_resistance": {
                    "value": 1
                },
                "minecraft:teleport": {
                    "random_teleports": false,
                    "max_random_teleport_time": 0,
                    "random_teleport_cube": [ 0, 0, 0 ],
                    "target_distance": 0,
                    "target_teleport_chance": 0
                },
                "minecraft:movement": {
                    "value": 0
                }
            },
            "sukuna_attack": {
                "minecraft:spawn_entity": {
                    "entities": {
                        "min_wait_time": 0,
                        "max_wait_time": 0,
                        "spawn_entity": "rai:sukuna_damage",
                        "num_to_spawn": 1,
                        "spawn_event": "attack",
                        "single_use": true
                    }
                }
            }
        },
        "components": {
            "minecraft:interact": {
              "interactions": [
                  {
                      "on_interact": {
                        "filters": {
                          "all_of": [
                            { "test": "has_equipment", "subject": "other", "domain": "hand", "value": "rai:sukuna"},
                            { "test" :  "is_family", "subject" : "other", "value" :  "player"}
                          ]
                        },
                        "event": "sukuna_1"
                      },
                      "use_item": true,
                      "interact_text": "action.interact.juniku"
                    }
                ]
            },
            "minecraft:boss": {
                "name": "entity.rai:sukuna.name",
                "hud_range": 5
            },
            "minecraft:on_target_acquired": {
                "event": "target"
            },
            "minecraft:on_target_escape": {
                "event": "target2"
            },
            "minecraft:despawn": {
                "despawn_from_distance": {}
            },
            "minecraft:damage_sensor": {
                "triggers": [
                    {
                        "on_damage": {
                            "filters": {
                                "all_of": [
                                    {
                                        "test" :  "is_family",
                                        "subject": "other",
                                        "value" :  "hukumamidushi"
                                    },
                                    {
                                        "test" :  "has_damage",
                                        "value" :  "entity_explosion"
                                    }
                                ]
                            }
                        },
                        "deals_damage": false
                    },
                    {
                        "on_damage": {
                            "filters": {
                                "test" :  "is_family",
                                "subject": "other",
                                "value" :  "jurei_hit"
                            }
                        },
                        "deals_damage": true
                    },
                    {
                        "on_damage": {
                           "filters": {
                                "test" :  "has_damage",
                                "value" :  "attack"
                            }
                        },
                        "deals_damage": false
                    },
                    {
                        "on_damage": {
                            "filters": {
                                "test" :  "has_damage",
                                "value" :  "projectile"
                            }
                        },
                        "deals_damage": false
                    }
                ]
            },
            "minecraft:teleport": {
                "random_teleports": true,
                "max_random_teleport_time": 30,
                "random_teleport_cube": [ 3, 3, 3 ],
                "target_distance": 16,
                "target_teleport_chance": 0.1
            },
            "minecraft:behavior.float": {
                "priority": 0
            },
            "minecraft:behavior.melee_attack": {
                "priority": 2
            },
            "minecraft:behavior.nearest_attackable_target": {
                "priority": 2,
                "must_see": true,
                "within_radius": 64,
                "entity_types": {
                    "filters": {
                        "any_of": [
                            {
                                "test": "is_family",
                                "subject": "other",
                                "operator": "==",
                                "value": "villager"
                            },
                            {
                                "test": "is_family",
                                "subject": "other",
                                "operator": "==",
                                "value": "jujutsushi"
                            },
                            {
                                "test": "is_family",
                                "subject": "other",
                                "operator": "==",
                                "value": "jusoshi"
                            },
                            {
                                "test": "is_family",
                                "subject": "other",
                                "operator": "==",
                                "value": "jurei"
                            },
                            {
                                "test": "is_family",
                                "subject": "other",
                                "operator": "==",
                                "value": "player"
                            }
                        ]
                    }
                }
            },
            "minecraft:follow_range": {
                "value": 100
            },
            "minecraft:behavior.hurt_by_target": {
                "priority": 3,
                "entity_types": {
                    "filters": {
                        "test" :  "is_family", "subject" : "other", "operator": "!=", "value" :  "damage"
                    }
                }
            },
            "minecraft:behavior.random_stroll": {
                "priority": 6,
                "speed_multiplier": 0.5
            },
            "minecraft:loot": {
              "table": "loot_tables/jujutsu/sukuna.json"
            },
            "minecraft:navigation.walk": {
                "can_path_over_water": true
            },
            "minecraft:breathable": {
                "total_supply": 15,
                "suffocate_time": 0
            },
            "minecraft:nameable": {},
            "minecraft:knockback_resistance": {
                "value": 0.5
            },
            "minecraft:type_family": {
                "family": [
                    "jurei",
                    "jurei_hit"
                ]
            },
            "minecraft:collision_box": {
                "width": 0.6,
                "height": 1.8
            },
            "minecraft:health": {
                "value": 300,
                "max": 300
            },
            "minecraft:attack": {
                "damage": 7
            },
            "minecraft:movement": {
                "value": 0.5
            },
            "minecraft:movement.basic": {},
            "minecraft:jump.static": {
                "jump_power": 0.42
            },
            "minecraft:physics": {}
        },
        "events": {
            "sukuna_1": {
                "run_command": {
                    "command": [
                        "effect @s instant_health 2 255 true",
                        "tellraw @a[r=8] {\"rawtext\":[{\"text\":\"<\"},{\"selector\":\"@s\"},{\"text\":\"> 2\"}]}"
                    ]
                },
                "add": {
                    "component_groups": [
                        "sukuna_1"
                    ]
                }
            },
            "sukuna_2": {
                "run_command": {
                    "command": [
                        "effect @s instant_health 2 255 true",
                        "tellraw @a[r=8] {\"rawtext\":[{\"text\":\"<\"},{\"selector\":\"@s\"},{\"text\":\"> 3\"}]}"
                    ]
                },
                "add": {
                    "component_groups": [
                        "sukuna_2"
                    ]
                }
            },
            "sukuna_3": {
                "run_command": {
                    "command": [
                        "effect @s instant_health 2 255 true",
                        "tellraw @a[r=8] {\"rawtext\":[{\"text\":\"<\"},{\"selector\":\"@s\"},{\"text\":\"> 4\"}]}"
                    ]
                },
                "add": {
                    "component_groups": [
                        "sukuna_3"
                    ]
                }
            },
            "sukuna_4": {
                "run_command": {
                    "command": [
                        "effect @s instant_health 2 255 true",
                        "tellraw @a[r=8] {\"rawtext\":[{\"text\":\"<\"},{\"selector\":\"@s\"},{\"text\":\"> 5\"}]}"
                    ]
                },
                "add": {
                    "component_groups": [
                        "sukuna_4"
                    ]
                }
            },
            "sukuna_5": {
                "run_command": {
                    "command": [
                        "effect @s instant_health 2 255 true",
                        "tellraw @a[r=8] {\"rawtext\":[{\"text\":\"<\"},{\"selector\":\"@s\"},{\"text\":\"> 6\"}]}"
                    ]
                },
                "add": {
                    "component_groups": [
                        "sukuna_5"
                    ]
                }
            },
            "sukuna_6": {
                "run_command": {
                    "command": [
                        "effect @s instant_health 2 255 true",
                        "tellraw @a[r=8] {\"rawtext\":[{\"text\":\"<\"},{\"selector\":\"@s\"},{\"text\":\"> 7\"}]}"
                    ]
                },
                "add": {
                    "component_groups": [
                        "sukuna_6"
                    ]
                }
            },
            "sukuna_7": {
                "run_command": {
                    "command": [
                        "effect @s instant_health 2 255 true",
                        "tellraw @a[r=8] {\"rawtext\":[{\"text\":\"<\"},{\"selector\":\"@s\"},{\"text\":\"> 8\"}]}"
                    ]
                },
                "add": {
                    "component_groups": [
                        "sukuna_7"
                    ]
                }
            },
            "sukuna_8": {
                "run_command": {
                    "command": [
                        "effect @s instant_health 2 255 true",
                        "tellraw @a[r=8] {\"rawtext\":[{\"text\":\"<\"},{\"selector\":\"@s\"},{\"text\":\"> 9\"}]}"
                    ]
                },
                "add": {
                    "component_groups": [
                        "sukuna_8"
                    ]
                }
            },
            "sukuna_9": {
                "run_command": {
                    "command": [
                        "effect @s instant_health 2 255 true",
                        "tellraw @a[r=8] {\"rawtext\":[{\"text\":\"<\"},{\"selector\":\"@s\"},{\"text\":\"> 10\"}]}"
                    ]
                },
                "add": {
                    "component_groups": [
                        "sukuna_9"
                    ]
                }
            },
            "sukuna_10": {
                "run_command": {
                    "command": [
                        "effect @s instant_health 2 255 true",
                        "tellraw @a[r=8] {\"rawtext\":[{\"text\":\"<\"},{\"selector\":\"@s\"},{\"text\":\"> 11\"}]}"
                    ]
                },
                "add": {
                    "component_groups": [
                        "sukuna_10"
                    ]
                }
            },
            "sukuna_11": {
                "run_command": {
                    "command": [
                        "effect @s instant_health 2 255 true",
                        "tellraw @a[r=8] {\"rawtext\":[{\"text\":\"<\"},{\"selector\":\"@s\"},{\"text\":\"> 12\"}]}"
                    ]
                },
                "add": {
                    "component_groups": [
                        "sukuna_11"
                    ]
                }
            },
            "sukuna_12": {
                "run_command": {
                    "command": [
                        "effect @s instant_health 2 255 true",
                        "tellraw @a[r=8] {\"rawtext\":[{\"text\":\"<\"},{\"selector\":\"@s\"},{\"text\":\"> 13\"}]}"
                    ]
                },
                "add": {
                    "component_groups": [
                        "sukuna_12"
                    ]
                }
            },
            "sukuna_13": {
                "run_command": {
                    "command": [
                        "effect @s instant_health 2 255 true",
                        "tellraw @a[r=8] {\"rawtext\":[{\"text\":\"<\"},{\"selector\":\"@s\"},{\"text\":\"> 14\"}]}"
                    ]
                },
                "add": {
                    "component_groups": [
                        "sukuna_13"
                    ]
                }
            },
            "sukuna_14": {
                "run_command": {
                    "command": [
                        "effect @s instant_health 2 255 true",
                        "tellraw @a[r=8] {\"rawtext\":[{\"text\":\"<\"},{\"selector\":\"@s\"},{\"text\":\"> 15\"}]}"
                    ]
                },
                "add": {
                    "component_groups": [
                        "sukuna_14"
                    ]
                }
            },
            "sukuna_15": {
                "run_command": {
                    "command": [
                        "effect @s instant_health 2 255 true",
                        "tellraw @a[r=8] {\"rawtext\":[{\"text\":\"<\"},{\"selector\":\"@s\"},{\"text\":\"> 16\"}]}"
                    ]
                },
                "add": {
                    "component_groups": [
                        "sukuna_15"
                    ]
                }
            },
            "sukuna_16": {
                "run_command": {
                    "command": [
                        "effect @s instant_health 2 255 true",
                        "tellraw @a[r=8] {\"rawtext\":[{\"text\":\"<\"},{\"selector\":\"@s\"},{\"text\":\"> 17\"}]}"
                    ]
                },
                "add": {
                    "component_groups": [
                        "sukuna_16"
                    ]
                }
            },
            "sukuna_17": {
                "run_command": {
                    "command": [
                        "effect @s instant_health 2 255 true",
                        "tellraw @a[r=8] {\"rawtext\":[{\"text\":\"<\"},{\"selector\":\"@s\"},{\"text\":\"> 18\"}]}"
                    ]
                },
                "add": {
                    "component_groups": [
                        "sukuna_17"
                    ]
                }
            },
            "sukuna_18": {
                "run_command": {
                    "command": [
                        "effect @s instant_health 2 255 true",
                        "tellraw @a[r=8] {\"rawtext\":[{\"text\":\"<\"},{\"selector\":\"@s\"},{\"text\":\"> 19\"}]}"
                    ]
                },
                "add": {
                    "component_groups": [
                        "sukuna_18"
                    ]
                }
            },
            "sukuna_19": {
                "run_command": {
                    "command": [
                        "effect @s instant_health 2 255 true",
                        "tellraw @a[r=8] {\"rawtext\":[{\"text\":\"<\"},{\"selector\":\"@s\"},{\"text\":\"> 20\"}]}"
                    ]
                },
                "add": {
                    "component_groups": [
                        "sukuna_19"
                    ]
                }
            },
            "target": {
                "run_command": {
                    "command": [
                        "tag @s add target"
                    ]
                }
            },
            "target2": {
                "run_command": {
                    "command": [
                        "tag @s remove target"
                    ]
                }
            },
            "attack": {
                "run_command": {
                    "command": [
                        "scoreboard objectives add attack dummy",
                        "tag @s[scores={muryokusho2=1..2}] add muryokusho_attack",
                        "scoreboard players random @s attack 1 100",
                        "execute @s[scores={attack=60..75},tag=!muryokusho_attack] ~~~ tellraw @a[r=8] {\"rawtext\":[{\"text\":\"<\"},{\"selector\":\"@s\"},{\"text\":\"> \"},{\"translate\":\"item.rai:huga\"}]}",
                        "event entity @s[scores={attack=60..75},tag=!muryokusho_attack] huga",
                        "execute @s[scores={attack=80..95},tag=!muryokusho_attack] ~~~ tellraw @a[r=8] {\"rawtext\":[{\"text\":\"<\"},{\"selector\":\"@s\"},{\"text\":\"> \"},{\"translate\":\"item.rai:hati\"}]}",
                        "execute @s[scores={attack=80..95},tag=!muryokusho_attack] ~~~ particle jujutsu:slash ~~~",
                        "execute @s[scores={attack=80..95},tag=!muryokusho_attack] ~~~ particle jujutsu:juryoku ~~1~",
                        "tag @s[scores={attack=80..95},tag=!muryokusho_attack] add hati",
                        "scoreboard players set @s[scores={attack=80..95},tag=!muryokusho_attack] hati 5",
                        "event entity @s[scores={attack=80..95},tag=!muryokusho_attack] sukuna_attack",
                        "execute @s[scores={attack=96..100},tag=!muryokusho_attack] ~~~ tellraw @a[r=140] {\"rawtext\":[{\"text\":\"<\"},{\"selector\":\"@s\"},{\"text\":\"> \"},{\"translate\":\"item.rai:hukumamidushi\"}]}",
                        "tag @s[scores={attack=96..100},tag=!muryokusho_attack] add hukumamidushi2",
                        "event entity @s[scores={attack=96..100},tag=!muryokusho_attack] sukuna_attack2",
                        "tag @s remove muryokusho_attack"
                    ]
                }
            },
            "level": {
                "add": {
                  "component_groups": [
                    "death"
                  ]
                },
              "run_command": {
                "command": "scoreboard players add @s jujutsushi_level 30",
                "target": "other"
              }
            },
            "hukumamidushi": {
                "run_command": {
                    "command": [
                        "execute @e[rm=0.000001,r=140,family=mob] ~~~ particle jujutsu:slash ~~~",
                        "execute @e[rm=0.000001,r=140,family=jujusukaisen] ~~~ particle jujutsu:slash ~~~",
                        "execute @a[rm=0.000001,r=140] ~~~ particle jujutsu:slash ~~~",
                        "execute @e[rm=0.000001,r=140,family=mob] ~~~ playsound jujutsu.sweep5 @a ~~~",
                        "execute @e[rm=0.000001,r=140,family=jujusukaisen] ~~~ playsound jujutsu.sweep5 @a ~~~",
                        "execute @a[rm=0.000001,r=140] ~~~ playsound jujutsu.sweep5 @a ~~~"
                    ]
                }
            },
            "huga": {
                "add": {
                    "component_groups": [
                        "huga"
                    ]
                }
            },
            "sukuna_attack": {
                "add": {
                    "component_groups": [
                        "sukuna_attack"
                    ]
                }
            },
            "sukuna_attack2": {
                "add": {
                    "component_groups": [
                        "sukuna_attack2"
                    ]
                }
            },
            "reset": {
                "run_command": {
                    "command": "tag @s remove hukumamidushi2"
                },
                "add": {
                    "component_groups": [
                        "reset"
                    ]
                },
                "remove": {
                    "component_groups": [
                        "sukuna_attack2"
                    ]
                }
            }
        }
    }
}