{
	"format_version": "1.10.0",
	"particle_effect": {
		"description": {
			"identifier": "jujutsu:senketsu",
			"basic_render_parameters": {
				"material": "particles_alpha",
				"texture": "textures/particle/particles"
			}
		},
		"components": {
			"minecraft:emitter_initialization": {
				"creation_expression": "variable.size = 0.25;"
			},
			"minecraft:emitter_rate_instant": {
				"num_particles": 1
			},
			"minecraft:emitter_lifetime_once": {
				"active_time": 1
			},
			"minecraft:emitter_shape_point": {},
			"minecraft:particle_lifetime_expression": {
				"max_lifetime": 1
			},
			"minecraft:particle_appearance_billboard": {
				"size": ["variable.size*(1-variable.particle_age)", "variable.size*(1-variable.particle_age)"],
				"facing_camera_mode": "lookat_xyz",
				"uv": {
					"texture_width": 128,
					"texture_height": 128,
					"flipbook": {
						"base_UV": [64, 0],
						"size_UV": [8, 8],
						"step_UV": [-8, 0],
						"max_frame": 8,
						"stretch_to_lifetime": true,
						"loop": true
					}
				}
			},
			"minecraft:particle_appearance_lighting": {},
			"minecraft:particle_appearance_tinting": {
				"color": [0.59216, 0.02745, 0.02745, 1]
			}
		}
	}
}