{
   "format_version": "1.10.0",
   "animation_controllers": {
      "controller.animation.clone.run": {
         "states": {
            "default": {
               "transitions": [
                  {
                     "run": "query.has_target"
                  }
               ],
               "on_entry": [
                  "/effect @s speed 1 8 true"
               ]
            },
            "run": {
               "transitions": [
                  {
                     "default": "query.has_target"
                  }
               ],
               "on_entry": [
                  "/effect @s speed 1 8 true"
               ]
            }
         }
      },
      "controller.animation.spawn": {
         "states": {
            "default": {
               "transitions": [
                  {
                     "on_summon": "1"
                  }
               ]
            },
            "on_summon": {
               "on_entry": [
                   "/summon che:smoke"
               ]
            }
         }
      }
   }
}