{
   "format_version": "1.10.0",
   "animation_controllers": {
      "controller.animation.pain.ride": {
         "states": {
            "default": {
               "transitions": [
                  {
                     "ride": "(1.0)"
                  }
               ],
               "on_entry": [
      "/ride @e[type=che:pain,c=1] start_riding @s[c=1] teleport_rider until_full"
               ]
            },
            "ride": {
               "transitions": [
                  {
                     "default": "(1.0)"
                  }
               ],
               "on_entry": [
      "/ride @e[type=che:pain,c=1] start_riding @s[c=1] teleport_rider until_full"
               ]
            }
         }
      }
   }
}