{
	"format_version": "1.12.0",
	"minecraft:geometry": [
		{
			"description": {
				"identifier": "geometry.ao",
				"texture_width": 16,
				"texture_height": 16,
				"visible_bounds_width": 2,
				"visible_bounds_height": 2.5,
				"visible_bounds_offset": [0, 0.75, 0]
			},
			"bones": [
				{
					"name": "ao",
					"pivot": [0, 0, 0]
				},
				{
					"name": "bone",
					"parent": "ao",
					"pivot": [0, 0, 0.4]
				},
				{
					"name": "bone2",
					"parent": "bone",
					"pivot": [0, 0, 0.4],
					"cubes": [
						{"origin": [-1, -0.07055, -7.87259], "size": [2, 2, 0], "pivot": [0, -0.07055, 0.12741], "rotation": [-15, 0, 0], "uv": [7, 6]},
						{"origin": [-1, -0.06815, -8.15416], "size": [2, 2, 0], "pivot": [0, -0.06815, -0.15416], "rotation": [-30, 0, 0], "uv": [7, 6]},
						{"origin": [-1, 0.00705, -8.42551], "size": [2, 2, 0], "pivot": [0, 0.00705, -0.42551], "rotation": [-45, 0, 0], "uv": [7, 6]},
						{"origin": [-1, 0.14991, -8.66815], "size": [2, 2, 0], "pivot": [0, 0.14991, -0.66815], "rotation": [-60, 0, 0], "uv": [7, 6]},
						{"origin": [-1, 0.35071, -8.86555], "size": [2, 2, 0], "pivot": [0, 0.35071, -0.86555], "rotation": [-75, 0, 0], "uv": [7, 6]}
					]
				},
				{
					"name": "bone5",
					"parent": "bone2",
					"pivot": [0, 0, 0.4],
					"rotation": [0, 90, 0]
				},
				{
					"name": "bone6",
					"parent": "bone5",
					"pivot": [0, 0, 0.4],
					"cubes": [
						{"origin": [-0.59575, -0.07055, -7.46835], "size": [2, 2, 0], "pivot": [0.40425, -0.07055, 0.53165], "rotation": [-15, 0, 0], "uv": [7, 6]},
						{"origin": [-0.59575, -0.06815, -7.74991], "size": [2, 2, 0], "pivot": [0.40425, -0.06815, 0.25009], "rotation": [-30, 0, 0], "uv": [7, 6]},
						{"origin": [-0.59575, 0.00705, -8.02126], "size": [2, 2, 0], "pivot": [0.40425, 0.00705, -0.02126], "rotation": [-45, 0, 0], "uv": [7, 6]},
						{"origin": [-0.59575, 0.14991, -8.2639], "size": [2, 2, 0], "pivot": [0.40425, 0.14991, -0.2639], "rotation": [-60, 0, 0], "uv": [7, 6]},
						{"origin": [-0.59575, 0.35071, -8.4613], "size": [2, 2, 0], "pivot": [0.40425, 0.35071, -0.4613], "rotation": [-75, 0, 0], "uv": [7, 6]}
					]
				},
				{
					"name": "bone7",
					"parent": "bone5",
					"pivot": [0, 0, 0.4]
				},
				{
					"name": "bone8",
					"parent": "bone7",
					"pivot": [0, 0, 0.4],
					"cubes": [
						{"origin": [-0.59575, -0.07055, 8.26835], "size": [2, 2, 0], "pivot": [0.40425, -0.07055, 0.26835], "rotation": [15, 0, 0], "uv": [7, 6]},
						{"origin": [-0.59575, -0.06815, 8.54991], "size": [2, 2, 0], "pivot": [0.40425, -0.06815, 0.54991], "rotation": [30, 0, 0], "uv": [7, 6]},
						{"origin": [-0.59575, 0.00705, 8.82126], "size": [2, 2, 0], "pivot": [0.40425, 0.00705, 0.82126], "rotation": [45, 0, 0], "uv": [7, 6]},
						{"origin": [-0.59575, 0.14991, 9.0639], "size": [2, 2, 0], "pivot": [0.40425, 0.14991, 1.0639], "rotation": [60, 0, 0], "uv": [7, 6]},
						{"origin": [-0.59575, 0.35071, 9.2613], "size": [2, 2, 0], "pivot": [0.40425, 0.35071, 1.2613], "rotation": [75, 0, 0], "uv": [7, 6]},
						{"origin": [-0.59575, 0.59575, 9.4], "size": [2, 2, 0], "pivot": [0.40425, 0.59575, 1.4], "rotation": [90, 0, 0], "uv": [7, 6]}
					]
				},
				{
					"name": "bone3",
					"parent": "bone",
					"pivot": [0, 0, 0.4]
				},
				{
					"name": "bone4",
					"parent": "bone3",
					"pivot": [0, 0, 0.4],
					"cubes": [
						{"origin": [-1, 0, 7.59151], "size": [2, 2, 0], "uv": [7, 6]},
						{"origin": [-1, 0, 7.59151], "size": [2, 2, 0], "uv": [7, 6]},
						{"origin": [-1, -0.07055, 7.8641], "size": [2, 2, 0], "pivot": [0, -0.07055, -0.1359], "rotation": [15, 0, 0], "uv": [7, 6]},
						{"origin": [-1, -0.06815, 8.14567], "size": [2, 2, 0], "pivot": [0, -0.06815, 0.14567], "rotation": [30, 0, 0], "uv": [7, 6]},
						{"origin": [-1, 0.00705, 8.41702], "size": [2, 2, 0], "pivot": [0, 0.00705, 0.41702], "rotation": [45, 0, 0], "uv": [7, 6]},
						{"origin": [-1, 0.14991, 8.65966], "size": [2, 2, 0], "pivot": [0, 0.14991, 0.65966], "rotation": [60, 0, 0], "uv": [7, 6]},
						{"origin": [-1, 0.35071, 8.85705], "size": [2, 2, 0], "pivot": [0, 0.35071, 0.85705], "rotation": [75, 0, 0], "uv": [7, 6]}
					]
				},
				{
					"name": "bone9",
					"parent": "ao",
					"pivot": [0, 0, 0.4],
					"rotation": [0, 15, 0]
				},
				{
					"name": "bone10",
					"parent": "bone9",
					"pivot": [0, 0, 0.4],
					"cubes": [
						{"origin": [-0.89537, -0.07055, -7.85882], "size": [2, 2, 0], "pivot": [0.10463, -0.07055, 0.14118], "rotation": [-15, 0, 0], "uv": [7, 6]},
						{"origin": [-0.89537, -0.06815, -8.14038], "size": [2, 2, 0], "pivot": [0.10463, -0.06815, -0.14038], "rotation": [-30, 0, 0], "uv": [7, 6]},
						{"origin": [-0.89537, 0.00705, -8.41173], "size": [2, 2, 0], "pivot": [0.10463, 0.00705, -0.41173], "rotation": [-45, 0, 0], "uv": [7, 6]},
						{"origin": [-0.89537, 0.14991, -8.65437], "size": [2, 2, 0], "pivot": [0.10463, 0.14991, -0.65437], "rotation": [-60, 0, 0], "uv": [7, 6]},
						{"origin": [-0.89537, 0.35071, -8.85177], "size": [2, 2, 0], "pivot": [0.10463, 0.35071, -0.85177], "rotation": [-75, 0, 0], "uv": [7, 6]}
					]
				},
				{
					"name": "bone11",
					"parent": "bone10",
					"pivot": [0, 0, 0.4],
					"rotation": [0, 90, 0]
				},
				{
					"name": "bone12",
					"parent": "bone11",
					"pivot": [0, 0, 0.4],
					"cubes": [
						{"origin": [-0.60953, 0, -7.09113], "size": [2, 2, 0], "uv": [7, 6]},
						{"origin": [-0.60953, 0, -7.09113], "size": [2, 2, 0], "uv": [7, 6]},
						{"origin": [-0.60953, -0.07055, -7.36372], "size": [2, 2, 0], "pivot": [0.39047, -0.07055, 0.63628], "rotation": [-15, 0, 0], "uv": [7, 6]},
						{"origin": [-0.60953, -0.06815, -7.64529], "size": [2, 2, 0], "pivot": [0.39047, -0.06815, 0.35471], "rotation": [-30, 0, 0], "uv": [7, 6]},
						{"origin": [-0.60953, 0.00705, -7.91664], "size": [2, 2, 0], "pivot": [0.39047, 0.00705, 0.08336], "rotation": [-45, 0, 0], "uv": [7, 6]},
						{"origin": [-0.60953, 0.14991, -8.15928], "size": [2, 2, 0], "pivot": [0.39047, 0.14991, -0.15928], "rotation": [-60, 0, 0], "uv": [7, 6]},
						{"origin": [-0.60953, 0.35071, -8.35667], "size": [2, 2, 0], "pivot": [0.39047, 0.35071, -0.35667], "rotation": [-75, 0, 0], "uv": [7, 6]}
					]
				},
				{
					"name": "bone13",
					"parent": "bone11",
					"pivot": [0, 0, 0.4]
				},
				{
					"name": "bone14",
					"parent": "bone13",
					"pivot": [0, 0, 0.4],
					"cubes": [
						{"origin": [-0.60953, -0.07055, 8.37297], "size": [2, 2, 0], "pivot": [0.39047, -0.07055, 0.37297], "rotation": [15, 0, 0], "uv": [7, 6]},
						{"origin": [-0.60953, -0.06815, 8.65454], "size": [2, 2, 0], "pivot": [0.39047, -0.06815, 0.65454], "rotation": [30, 0, 0], "uv": [7, 6]},
						{"origin": [-0.60953, 0.00705, 8.92589], "size": [2, 2, 0], "pivot": [0.39047, 0.00705, 0.92589], "rotation": [45, 0, 0], "uv": [7, 6]},
						{"origin": [-0.60953, 0.14991, 9.16853], "size": [2, 2, 0], "pivot": [0.39047, 0.14991, 1.16853], "rotation": [60, 0, 0], "uv": [7, 6]},
						{"origin": [-0.60953, 0.35071, 9.36593], "size": [2, 2, 0], "pivot": [0.39047, 0.35071, 1.36593], "rotation": [75, 0, 0], "uv": [7, 6]},
						{"origin": [-0.60953, 0.59575, 9.50463], "size": [2, 2, 0], "pivot": [0.39047, 0.59575, 1.50463], "rotation": [90, 0, 0], "uv": [7, 6]}
					]
				},
				{
					"name": "bone15",
					"parent": "bone9",
					"pivot": [0, 0, 0.4]
				},
				{
					"name": "bone16",
					"parent": "bone15",
					"pivot": [0, 0, 0.4],
					"cubes": [
						{"origin": [-0.89537, 0, 7.60528], "size": [2, 2, 0], "uv": [7, 6]},
						{"origin": [-0.89537, 0, 7.60528], "size": [2, 2, 0], "uv": [7, 6]},
						{"origin": [-0.89537, -0.07055, 7.87788], "size": [2, 2, 0], "pivot": [0.10463, -0.07055, -0.12212], "rotation": [15, 0, 0], "uv": [7, 6]},
						{"origin": [-0.89537, -0.06815, 8.15944], "size": [2, 2, 0], "pivot": [0.10463, -0.06815, 0.15944], "rotation": [30, 0, 0], "uv": [7, 6]},
						{"origin": [-0.89537, 0.00705, 8.43079], "size": [2, 2, 0], "pivot": [0.10463, 0.00705, 0.43079], "rotation": [45, 0, 0], "uv": [7, 6]},
						{"origin": [-0.89537, 0.14991, 8.67343], "size": [2, 2, 0], "pivot": [0.10463, 0.14991, 0.67343], "rotation": [60, 0, 0], "uv": [7, 6]},
						{"origin": [-0.89537, 0.35071, 8.87083], "size": [2, 2, 0], "pivot": [0.10463, 0.35071, 0.87083], "rotation": [75, 0, 0], "uv": [7, 6]}
					]
				},
				{
					"name": "bone17",
					"parent": "ao",
					"pivot": [0, 0, 0.4],
					"rotation": [0, 30, 0]
				},
				{
					"name": "bone18",
					"parent": "bone17",
					"pivot": [0, 0, 0.4],
					"cubes": [
						{"origin": [-0.79788, -0.07055, -7.81843], "size": [2, 2, 0], "pivot": [0.20212, -0.07055, 0.18157], "rotation": [-15, 0, 0], "uv": [7, 6]},
						{"origin": [-0.79788, -0.06815, -8.1], "size": [2, 2, 0], "pivot": [0.20212, -0.06815, -0.1], "rotation": [-30, 0, 0], "uv": [7, 6]},
						{"origin": [-0.79788, 0.00705, -8.37135], "size": [2, 2, 0], "pivot": [0.20212, 0.00705, -0.37135], "rotation": [-45, 0, 0], "uv": [7, 6]},
						{"origin": [-0.79788, 0.14991, -8.61399], "size": [2, 2, 0], "pivot": [0.20212, 0.14991, -0.61399], "rotation": [-60, 0, 0], "uv": [7, 6]},
						{"origin": [-0.79788, 0.35071, -8.81139], "size": [2, 2, 0], "pivot": [0.20212, 0.35071, -0.81139], "rotation": [-75, 0, 0], "uv": [7, 6]}
					]
				},
				{
					"name": "bone19",
					"parent": "bone18",
					"pivot": [0, 0, 0.4],
					"rotation": [0, 90, 0]
				},
				{
					"name": "bone20",
					"parent": "bone19",
					"pivot": [0, 0, 0.4],
					"cubes": [
						{"origin": [-0.64991, 0, -6.99363], "size": [2, 2, 0], "uv": [7, 6]},
						{"origin": [-0.64991, 0, -6.99363], "size": [2, 2, 0], "uv": [7, 6]},
						{"origin": [-0.64991, -0.07055, -7.26622], "size": [2, 2, 0], "pivot": [0.35009, -0.07055, 0.73378], "rotation": [-15, 0, 0], "uv": [7, 6]},
						{"origin": [-0.64991, -0.06815, -7.54779], "size": [2, 2, 0], "pivot": [0.35009, -0.06815, 0.45221], "rotation": [-30, 0, 0], "uv": [7, 6]},
						{"origin": [-0.64991, 0.00705, -7.81914], "size": [2, 2, 0], "pivot": [0.35009, 0.00705, 0.18086], "rotation": [-45, 0, 0], "uv": [7, 6]},
						{"origin": [-0.64991, 0.14991, -8.06178], "size": [2, 2, 0], "pivot": [0.35009, 0.14991, -0.06178], "rotation": [-60, 0, 0], "uv": [7, 6]},
						{"origin": [-0.64991, 0.35071, -8.25918], "size": [2, 2, 0], "pivot": [0.35009, 0.35071, -0.25918], "rotation": [-75, 0, 0], "uv": [7, 6]}
					]
				},
				{
					"name": "bone21",
					"parent": "bone19",
					"pivot": [0, 0, 0.4]
				},
				{
					"name": "bone22",
					"parent": "bone21",
					"pivot": [0, 0, 0.4],
					"cubes": [
						{"origin": [-0.64991, -0.07055, 8.47047], "size": [2, 2, 0], "pivot": [0.35009, -0.07055, 0.47047], "rotation": [15, 0, 0], "uv": [7, 6]},
						{"origin": [-0.64991, -0.06815, 8.75204], "size": [2, 2, 0], "pivot": [0.35009, -0.06815, 0.75204], "rotation": [30, 0, 0], "uv": [7, 6]},
						{"origin": [-0.64991, 0.00705, 9.02338], "size": [2, 2, 0], "pivot": [0.35009, 0.00705, 1.02338], "rotation": [45, 0, 0], "uv": [7, 6]},
						{"origin": [-0.64991, 0.14991, 9.26603], "size": [2, 2, 0], "pivot": [0.35009, 0.14991, 1.26603], "rotation": [60, 0, 0], "uv": [7, 6]},
						{"origin": [-0.64991, 0.35071, 9.46342], "size": [2, 2, 0], "pivot": [0.35009, 0.35071, 1.46342], "rotation": [75, 0, 0], "uv": [7, 6]},
						{"origin": [-0.64991, 0.59575, 9.60212], "size": [2, 2, 0], "pivot": [0.35009, 0.59575, 1.60212], "rotation": [90, 0, 0], "uv": [7, 6]}
					]
				},
				{
					"name": "bone23",
					"parent": "bone17",
					"pivot": [0, 0, 0.4]
				},
				{
					"name": "bone24",
					"parent": "bone23",
					"pivot": [0, 0, 0.4],
					"cubes": [
						{"origin": [-0.79788, 0, 7.64567], "size": [2, 2, 0], "uv": [7, 6]},
						{"origin": [-0.79788, 0, 7.64567], "size": [2, 2, 0], "uv": [7, 6]},
						{"origin": [-0.79788, -0.07055, 7.91826], "size": [2, 2, 0], "pivot": [0.20212, -0.07055, -0.08174], "rotation": [15, 0, 0], "uv": [7, 6]},
						{"origin": [-0.79788, -0.06815, 8.19983], "size": [2, 2, 0], "pivot": [0.20212, -0.06815, 0.19983], "rotation": [30, 0, 0], "uv": [7, 6]},
						{"origin": [-0.79788, 0.00705, 8.47117], "size": [2, 2, 0], "pivot": [0.20212, 0.00705, 0.47117], "rotation": [45, 0, 0], "uv": [7, 6]},
						{"origin": [-0.79788, 0.14991, 8.71382], "size": [2, 2, 0], "pivot": [0.20212, 0.14991, 0.71382], "rotation": [60, 0, 0], "uv": [7, 6]},
						{"origin": [-0.79788, 0.35071, 8.91121], "size": [2, 2, 0], "pivot": [0.20212, 0.35071, 0.91121], "rotation": [75, 0, 0], "uv": [7, 6]}
					]
				},
				{
					"name": "bone25",
					"parent": "ao",
					"pivot": [0, 0, 0.4],
					"rotation": [0, 45, 0]
				},
				{
					"name": "bone26",
					"parent": "bone25",
					"pivot": [0, 0, 0.4],
					"cubes": [
						{"origin": [-0.71415, -0.07055, -7.75419], "size": [2, 2, 0], "pivot": [0.28585, -0.07055, 0.24581], "rotation": [-15, 0, 0], "uv": [7, 6]},
						{"origin": [-0.71415, -0.06815, -8.03576], "size": [2, 2, 0], "pivot": [0.28585, -0.06815, -0.03576], "rotation": [-30, 0, 0], "uv": [7, 6]},
						{"origin": [-0.71415, 0.00705, -8.30711], "size": [2, 2, 0], "pivot": [0.28585, 0.00705, -0.30711], "rotation": [-45, 0, 0], "uv": [7, 6]},
						{"origin": [-0.71415, 0.14991, -8.54975], "size": [2, 2, 0], "pivot": [0.28585, 0.14991, -0.54975], "rotation": [-60, 0, 0], "uv": [7, 6]},
						{"origin": [-0.71415, 0.35071, -8.74714], "size": [2, 2, 0], "pivot": [0.28585, 0.35071, -0.74714], "rotation": [-75, 0, 0], "uv": [7, 6]}
					]
				},
				{
					"name": "bone27",
					"parent": "bone26",
					"pivot": [0, 0, 0.4],
					"rotation": [0, 90, 0]
				},
				{
					"name": "bone28",
					"parent": "bone27",
					"pivot": [0, 0, 0.4],
					"cubes": [
						{"origin": [-0.71415, 0, -6.90991], "size": [2, 2, 0], "uv": [7, 6]},
						{"origin": [-0.71415, 0, -6.90991], "size": [2, 2, 0], "uv": [7, 6]},
						{"origin": [-0.71415, -0.07055, -7.1825], "size": [2, 2, 0], "pivot": [0.28585, -0.07055, 0.8175], "rotation": [-15, 0, 0], "uv": [7, 6]},
						{"origin": [-0.71415, -0.06815, -7.46407], "size": [2, 2, 0], "pivot": [0.28585, -0.06815, 0.53593], "rotation": [-30, 0, 0], "uv": [7, 6]},
						{"origin": [-0.71415, 0.00705, -7.73542], "size": [2, 2, 0], "pivot": [0.28585, 0.00705, 0.26458], "rotation": [-45, 0, 0], "uv": [7, 6]},
						{"origin": [-0.71415, 0.14991, -7.97806], "size": [2, 2, 0], "pivot": [0.28585, 0.14991, 0.02194], "rotation": [-60, 0, 0], "uv": [7, 6]},
						{"origin": [-0.71415, 0.35071, -8.17545], "size": [2, 2, 0], "pivot": [0.28585, 0.35071, -0.17545], "rotation": [-75, 0, 0], "uv": [7, 6]}
					]
				},
				{
					"name": "bone29",
					"parent": "bone27",
					"pivot": [0, 0, 0.4]
				},
				{
					"name": "bone30",
					"parent": "bone29",
					"pivot": [0, 0, 0.4],
					"cubes": [
						{"origin": [-0.71415, -0.07055, 8.55419], "size": [2, 2, 0], "pivot": [0.28585, -0.07055, 0.55419], "rotation": [15, 0, 0], "uv": [7, 6]},
						{"origin": [-0.71415, -0.06815, 8.83576], "size": [2, 2, 0], "pivot": [0.28585, -0.06815, 0.83576], "rotation": [30, 0, 0], "uv": [7, 6]},
						{"origin": [-0.71415, 0.00705, 9.10711], "size": [2, 2, 0], "pivot": [0.28585, 0.00705, 1.10711], "rotation": [45, 0, 0], "uv": [7, 6]},
						{"origin": [-0.71415, 0.14991, 9.34975], "size": [2, 2, 0], "pivot": [0.28585, 0.14991, 1.34975], "rotation": [60, 0, 0], "uv": [7, 6]},
						{"origin": [-0.71415, 0.35071, 9.54714], "size": [2, 2, 0], "pivot": [0.28585, 0.35071, 1.54714], "rotation": [75, 0, 0], "uv": [7, 6]},
						{"origin": [-0.71415, 0.59575, 9.68585], "size": [2, 2, 0], "pivot": [0.28585, 0.59575, 1.68585], "rotation": [90, 0, 0], "uv": [7, 6]}
					]
				},
				{
					"name": "bone31",
					"parent": "bone25",
					"pivot": [0, 0, 0.4]
				},
				{
					"name": "bone32",
					"parent": "bone31",
					"pivot": [0, 0, 0.4],
					"cubes": [
						{"origin": [-0.71415, 0, 7.70991], "size": [2, 2, 0], "uv": [7, 6]},
						{"origin": [-0.71415, 0, 7.70991], "size": [2, 2, 0], "uv": [7, 6]},
						{"origin": [-0.71415, -0.07055, 7.9825], "size": [2, 2, 0], "pivot": [0.28585, -0.07055, -0.0175], "rotation": [15, 0, 0], "uv": [7, 6]},
						{"origin": [-0.71415, -0.06815, 8.26407], "size": [2, 2, 0], "pivot": [0.28585, -0.06815, 0.26407], "rotation": [30, 0, 0], "uv": [7, 6]},
						{"origin": [-0.71415, 0.00705, 8.53542], "size": [2, 2, 0], "pivot": [0.28585, 0.00705, 0.53542], "rotation": [45, 0, 0], "uv": [7, 6]},
						{"origin": [-0.71415, 0.14991, 8.77806], "size": [2, 2, 0], "pivot": [0.28585, 0.14991, 0.77806], "rotation": [60, 0, 0], "uv": [7, 6]},
						{"origin": [-0.71415, 0.35071, 8.97545], "size": [2, 2, 0], "pivot": [0.28585, 0.35071, 0.97545], "rotation": [75, 0, 0], "uv": [7, 6]}
					]
				},
				{
					"name": "bone33",
					"parent": "ao",
					"pivot": [0, 0, 0.4],
					"rotation": [0, 60, 0]
				},
				{
					"name": "bone34",
					"parent": "bone33",
					"pivot": [0, 0, 0.4],
					"cubes": [
						{"origin": [-0.64991, -0.07055, -7.67047], "size": [2, 2, 0], "pivot": [0.35009, -0.07055, 0.32953], "rotation": [-15, 0, 0], "uv": [7, 6]},
						{"origin": [-0.64991, -0.06815, -7.95204], "size": [2, 2, 0], "pivot": [0.35009, -0.06815, 0.04796], "rotation": [-30, 0, 0], "uv": [7, 6]},
						{"origin": [-0.64991, 0.00705, -8.22338], "size": [2, 2, 0], "pivot": [0.35009, 0.00705, -0.22338], "rotation": [-45, 0, 0], "uv": [7, 6]},
						{"origin": [-0.64991, 0.14991, -8.46603], "size": [2, 2, 0], "pivot": [0.35009, 0.14991, -0.46603], "rotation": [-60, 0, 0], "uv": [7, 6]},
						{"origin": [-0.64991, 0.35071, -8.66342], "size": [2, 2, 0], "pivot": [0.35009, 0.35071, -0.66342], "rotation": [-75, 0, 0], "uv": [7, 6]}
					]
				},
				{
					"name": "bone35",
					"parent": "bone34",
					"pivot": [0, 0, 0.4],
					"rotation": [0, 90, 0]
				},
				{
					"name": "bone36",
					"parent": "bone35",
					"pivot": [0, 0, 0.4],
					"cubes": [
						{"origin": [-0.79788, 0, -6.84567], "size": [2, 2, 0], "uv": [7, 6]},
						{"origin": [-0.79788, 0, -6.84567], "size": [2, 2, 0], "uv": [7, 6]},
						{"origin": [-0.79788, -0.07055, -7.11826], "size": [2, 2, 0], "pivot": [0.20212, -0.07055, 0.88174], "rotation": [-15, 0, 0], "uv": [7, 6]},
						{"origin": [-0.79788, -0.06815, -7.39983], "size": [2, 2, 0], "pivot": [0.20212, -0.06815, 0.60017], "rotation": [-30, 0, 0], "uv": [7, 6]},
						{"origin": [-0.79788, 0.00705, -7.67117], "size": [2, 2, 0], "pivot": [0.20212, 0.00705, 0.32883], "rotation": [-45, 0, 0], "uv": [7, 6]},
						{"origin": [-0.79788, 0.14991, -7.91382], "size": [2, 2, 0], "pivot": [0.20212, 0.14991, 0.08618], "rotation": [-60, 0, 0], "uv": [7, 6]},
						{"origin": [-0.79788, 0.35071, -8.11121], "size": [2, 2, 0], "pivot": [0.20212, 0.35071, -0.11121], "rotation": [-75, 0, 0], "uv": [7, 6]}
					]
				},
				{
					"name": "bone37",
					"parent": "bone35",
					"pivot": [0, 0, 0.4]
				},
				{
					"name": "bone38",
					"parent": "bone37",
					"pivot": [0, 0, 0.4],
					"cubes": [
						{"origin": [-0.79788, -0.07055, 8.61843], "size": [2, 2, 0], "pivot": [0.20212, -0.07055, 0.61843], "rotation": [15, 0, 0], "uv": [7, 6]},
						{"origin": [-0.79788, -0.06815, 8.9], "size": [2, 2, 0], "pivot": [0.20212, -0.06815, 0.9], "rotation": [30, 0, 0], "uv": [7, 6]},
						{"origin": [-0.79788, 0.00705, 9.17135], "size": [2, 2, 0], "pivot": [0.20212, 0.00705, 1.17135], "rotation": [45, 0, 0], "uv": [7, 6]},
						{"origin": [-0.79788, 0.14991, 9.41399], "size": [2, 2, 0], "pivot": [0.20212, 0.14991, 1.41399], "rotation": [60, 0, 0], "uv": [7, 6]},
						{"origin": [-0.79788, 0.35071, 9.61139], "size": [2, 2, 0], "pivot": [0.20212, 0.35071, 1.61139], "rotation": [75, 0, 0], "uv": [7, 6]},
						{"origin": [-0.79788, 0.59575, 9.75009], "size": [2, 2, 0], "pivot": [0.20212, 0.59575, 1.75009], "rotation": [90, 0, 0], "uv": [7, 6]}
					]
				},
				{
					"name": "bone39",
					"parent": "bone33",
					"pivot": [0, 0, 0.4]
				},
				{
					"name": "bone40",
					"parent": "bone39",
					"pivot": [0, 0, 0.4],
					"cubes": [
						{"origin": [-0.64991, 0, 7.79363], "size": [2, 2, 0], "uv": [7, 6]},
						{"origin": [-0.64991, 0, 7.79363], "size": [2, 2, 0], "uv": [7, 6]},
						{"origin": [-0.64991, -0.07055, 8.06622], "size": [2, 2, 0], "pivot": [0.35009, -0.07055, 0.06622], "rotation": [15, 0, 0], "uv": [7, 6]},
						{"origin": [-0.64991, -0.06815, 8.34779], "size": [2, 2, 0], "pivot": [0.35009, -0.06815, 0.34779], "rotation": [30, 0, 0], "uv": [7, 6]},
						{"origin": [-0.64991, 0.00705, 8.61914], "size": [2, 2, 0], "pivot": [0.35009, 0.00705, 0.61914], "rotation": [45, 0, 0], "uv": [7, 6]},
						{"origin": [-0.64991, 0.14991, 8.86178], "size": [2, 2, 0], "pivot": [0.35009, 0.14991, 0.86178], "rotation": [60, 0, 0], "uv": [7, 6]},
						{"origin": [-0.64991, 0.35071, 9.05918], "size": [2, 2, 0], "pivot": [0.35009, 0.35071, 1.05918], "rotation": [75, 0, 0], "uv": [7, 6]}
					]
				},
				{
					"name": "bone41",
					"parent": "ao",
					"pivot": [0, 0, 0.4],
					"rotation": [0, 75, 0]
				},
				{
					"name": "bone42",
					"parent": "bone41",
					"pivot": [0, 0, 0.4],
					"cubes": [
						{"origin": [-0.60953, -0.07055, -7.57297], "size": [2, 2, 0], "pivot": [0.39047, -0.07055, 0.42703], "rotation": [-15, 0, 0], "uv": [7, 6]},
						{"origin": [-0.60953, -0.06815, -7.85454], "size": [2, 2, 0], "pivot": [0.39047, -0.06815, 0.14546], "rotation": [-30, 0, 0], "uv": [7, 6]},
						{"origin": [-0.60953, 0.00705, -8.12589], "size": [2, 2, 0], "pivot": [0.39047, 0.00705, -0.12589], "rotation": [-45, 0, 0], "uv": [7, 6]},
						{"origin": [-0.60953, 0.14991, -8.36853], "size": [2, 2, 0], "pivot": [0.39047, 0.14991, -0.36853], "rotation": [-60, 0, 0], "uv": [7, 6]},
						{"origin": [-0.60953, 0.35071, -8.56593], "size": [2, 2, 0], "pivot": [0.39047, 0.35071, -0.56593], "rotation": [-75, 0, 0], "uv": [7, 6]}
					]
				},
				{
					"name": "bone43",
					"parent": "bone42",
					"pivot": [0, 0, 0.4],
					"rotation": [0, 90, 0]
				},
				{
					"name": "bone44",
					"parent": "bone43",
					"pivot": [0, 0, 0.4],
					"cubes": [
						{"origin": [-0.89537, 0, -6.80528], "size": [2, 2, 0], "uv": [7, 6]},
						{"origin": [-0.89537, 0, -6.80528], "size": [2, 2, 0], "uv": [7, 6]},
						{"origin": [-0.89537, -0.07055, -7.07788], "size": [2, 2, 0], "pivot": [0.10463, -0.07055, 0.92212], "rotation": [-15, 0, 0], "uv": [7, 6]},
						{"origin": [-0.89537, -0.06815, -7.35944], "size": [2, 2, 0], "pivot": [0.10463, -0.06815, 0.64056], "rotation": [-30, 0, 0], "uv": [7, 6]},
						{"origin": [-0.89537, 0.00705, -7.63079], "size": [2, 2, 0], "pivot": [0.10463, 0.00705, 0.36921], "rotation": [-45, 0, 0], "uv": [7, 6]},
						{"origin": [-0.89537, 0.14991, -7.87343], "size": [2, 2, 0], "pivot": [0.10463, 0.14991, 0.12657], "rotation": [-60, 0, 0], "uv": [7, 6]},
						{"origin": [-0.89537, 0.35071, -8.07083], "size": [2, 2, 0], "pivot": [0.10463, 0.35071, -0.07083], "rotation": [-75, 0, 0], "uv": [7, 6]}
					]
				},
				{
					"name": "bone45",
					"parent": "bone43",
					"pivot": [0, 0, 0.4]
				},
				{
					"name": "bone46",
					"parent": "bone45",
					"pivot": [0, 0, 0.4],
					"cubes": [
						{"origin": [-0.89537, -0.07055, 8.65882], "size": [2, 2, 0], "pivot": [0.10463, -0.07055, 0.65882], "rotation": [15, 0, 0], "uv": [7, 6]},
						{"origin": [-0.89537, -0.06815, 8.94038], "size": [2, 2, 0], "pivot": [0.10463, -0.06815, 0.94038], "rotation": [30, 0, 0], "uv": [7, 6]},
						{"origin": [-0.89537, 0.00705, 9.21173], "size": [2, 2, 0], "pivot": [0.10463, 0.00705, 1.21173], "rotation": [45, 0, 0], "uv": [7, 6]},
						{"origin": [-0.89537, 0.14991, 9.45437], "size": [2, 2, 0], "pivot": [0.10463, 0.14991, 1.45437], "rotation": [60, 0, 0], "uv": [7, 6]},
						{"origin": [-0.89537, 0.35071, 9.65177], "size": [2, 2, 0], "pivot": [0.10463, 0.35071, 1.65177], "rotation": [75, 0, 0], "uv": [7, 6]},
						{"origin": [-0.89537, 0.59575, 9.79047], "size": [2, 2, 0], "pivot": [0.10463, 0.59575, 1.79047], "rotation": [90, 0, 0], "uv": [7, 6]}
					]
				},
				{
					"name": "bone47",
					"parent": "bone41",
					"pivot": [0, 0, 0.4]
				},
				{
					"name": "bone48",
					"parent": "bone47",
					"pivot": [0, 0, 0.4],
					"cubes": [
						{"origin": [-0.60953, 0, 7.89113], "size": [2, 2, 0], "uv": [7, 6]},
						{"origin": [-0.60953, 0, 7.89113], "size": [2, 2, 0], "uv": [7, 6]},
						{"origin": [-0.60953, -0.07055, 8.16372], "size": [2, 2, 0], "pivot": [0.39047, -0.07055, 0.16372], "rotation": [15, 0, 0], "uv": [7, 6]},
						{"origin": [-0.60953, -0.06815, 8.44529], "size": [2, 2, 0], "pivot": [0.39047, -0.06815, 0.44529], "rotation": [30, 0, 0], "uv": [7, 6]},
						{"origin": [-0.60953, 0.00705, 8.71664], "size": [2, 2, 0], "pivot": [0.39047, 0.00705, 0.71664], "rotation": [45, 0, 0], "uv": [7, 6]},
						{"origin": [-0.60953, 0.14991, 8.95928], "size": [2, 2, 0], "pivot": [0.39047, 0.14991, 0.95928], "rotation": [60, 0, 0], "uv": [7, 6]},
						{"origin": [-0.60953, 0.35071, 9.15667], "size": [2, 2, 0], "pivot": [0.39047, 0.35071, 1.15667], "rotation": [75, 0, 0], "uv": [7, 6]}
					]
				},
				{
					"name": "ao2",
					"parent": "ao",
					"pivot": [0, 1, 0],
					"rotation": [180, 0, 0]
				},
				{
					"name": "bone49",
					"parent": "ao2",
					"pivot": [0, 0, 0.4]
				},
				{
					"name": "bone50",
					"parent": "bone49",
					"pivot": [0, 0, 0.4],
					"cubes": [
						{"origin": [-1, -0.07055, -7.87259], "size": [2, 2, 0], "pivot": [0, -0.07055, 0.12741], "rotation": [-15, 0, 0], "uv": [7, 6]},
						{"origin": [-1, -0.06815, -8.15416], "size": [2, 2, 0], "pivot": [0, -0.06815, -0.15416], "rotation": [-30, 0, 0], "uv": [7, 6]},
						{"origin": [-1, 0.00705, -8.42551], "size": [2, 2, 0], "pivot": [0, 0.00705, -0.42551], "rotation": [-45, 0, 0], "uv": [7, 6]},
						{"origin": [-1, 0.14991, -8.66815], "size": [2, 2, 0], "pivot": [0, 0.14991, -0.66815], "rotation": [-60, 0, 0], "uv": [7, 6]},
						{"origin": [-1, 0.35071, -8.86555], "size": [2, 2, 0], "pivot": [0, 0.35071, -0.86555], "rotation": [-75, 0, 0], "uv": [7, 6]}
					]
				},
				{
					"name": "bone51",
					"parent": "bone50",
					"pivot": [0, 0, 0.4],
					"rotation": [0, 90, 0]
				},
				{
					"name": "bone52",
					"parent": "bone51",
					"pivot": [0, 0, 0.4],
					"cubes": [
						{"origin": [-0.59575, 0, -7.19575], "size": [2, 2, 0], "uv": [7, 6]},
						{"origin": [-0.59575, -0.07055, -7.46835], "size": [2, 2, 0], "pivot": [0.40425, -0.07055, 0.53165], "rotation": [-15, 0, 0], "uv": [7, 6]},
						{"origin": [-0.59575, -0.06815, -7.74991], "size": [2, 2, 0], "pivot": [0.40425, -0.06815, 0.25009], "rotation": [-30, 0, 0], "uv": [7, 6]},
						{"origin": [-0.59575, 0.00705, -8.02126], "size": [2, 2, 0], "pivot": [0.40425, 0.00705, -0.02126], "rotation": [-45, 0, 0], "uv": [7, 6]},
						{"origin": [-0.59575, 0.14991, -8.2639], "size": [2, 2, 0], "pivot": [0.40425, 0.14991, -0.2639], "rotation": [-60, 0, 0], "uv": [7, 6]},
						{"origin": [-0.59575, 0.35071, -8.4613], "size": [2, 2, 0], "pivot": [0.40425, 0.35071, -0.4613], "rotation": [-75, 0, 0], "uv": [7, 6]}
					]
				},
				{
					"name": "bone53",
					"parent": "bone51",
					"pivot": [0, 0, 0.4]
				},
				{
					"name": "bone54",
					"parent": "bone53",
					"pivot": [0, 0, 0.4],
					"cubes": [
						{"origin": [-0.59575, 0, 7.99575], "size": [2, 2, 0], "uv": [7, 6]},
						{"origin": [-0.59575, -0.07055, 8.26835], "size": [2, 2, 0], "pivot": [0.40425, -0.07055, 0.26835], "rotation": [15, 0, 0], "uv": [7, 6]},
						{"origin": [-0.59575, -0.06815, 8.54991], "size": [2, 2, 0], "pivot": [0.40425, -0.06815, 0.54991], "rotation": [30, 0, 0], "uv": [7, 6]},
						{"origin": [-0.59575, 0.00705, 8.82126], "size": [2, 2, 0], "pivot": [0.40425, 0.00705, 0.82126], "rotation": [45, 0, 0], "uv": [7, 6]},
						{"origin": [-0.59575, 0.14991, 9.0639], "size": [2, 2, 0], "pivot": [0.40425, 0.14991, 1.0639], "rotation": [60, 0, 0], "uv": [7, 6]},
						{"origin": [-0.59575, 0.35071, 9.2613], "size": [2, 2, 0], "pivot": [0.40425, 0.35071, 1.2613], "rotation": [75, 0, 0], "uv": [7, 6]},
						{"origin": [-0.59575, 0.59575, 9.4], "size": [2, 2, 0], "pivot": [0.40425, 0.59575, 1.4], "rotation": [90, 0, 0], "uv": [7, 6]}
					]
				},
				{
					"name": "bone55",
					"parent": "bone49",
					"pivot": [0, 0, 0.4]
				},
				{
					"name": "bone56",
					"parent": "bone55",
					"pivot": [0, 0, 0.4],
					"cubes": [
						{"origin": [-1, 0, 7.59151], "size": [2, 2, 0], "uv": [7, 6]},
						{"origin": [-1, 0, 7.59151], "size": [2, 2, 0], "uv": [7, 6]},
						{"origin": [-1, -0.07055, 7.8641], "size": [2, 2, 0], "pivot": [0, -0.07055, -0.1359], "rotation": [15, 0, 0], "uv": [7, 6]},
						{"origin": [-1, -0.06815, 8.14567], "size": [2, 2, 0], "pivot": [0, -0.06815, 0.14567], "rotation": [30, 0, 0], "uv": [7, 6]},
						{"origin": [-1, 0.00705, 8.41702], "size": [2, 2, 0], "pivot": [0, 0.00705, 0.41702], "rotation": [45, 0, 0], "uv": [7, 6]},
						{"origin": [-1, 0.14991, 8.65966], "size": [2, 2, 0], "pivot": [0, 0.14991, 0.65966], "rotation": [60, 0, 0], "uv": [7, 6]},
						{"origin": [-1, 0.35071, 8.85705], "size": [2, 2, 0], "pivot": [0, 0.35071, 0.85705], "rotation": [75, 0, 0], "uv": [7, 6]}
					]
				},
				{
					"name": "bone57",
					"parent": "ao2",
					"pivot": [0, 0, 0.4],
					"rotation": [0, 15, 0]
				},
				{
					"name": "bone58",
					"parent": "bone57",
					"pivot": [0, 0, 0.4],
					"cubes": [
						{"origin": [-0.89537, -0.07055, -7.85882], "size": [2, 2, 0], "pivot": [0.10463, -0.07055, 0.14118], "rotation": [-15, 0, 0], "uv": [7, 6]},
						{"origin": [-0.89537, -0.06815, -8.14038], "size": [2, 2, 0], "pivot": [0.10463, -0.06815, -0.14038], "rotation": [-30, 0, 0], "uv": [7, 6]},
						{"origin": [-0.89537, 0.00705, -8.41173], "size": [2, 2, 0], "pivot": [0.10463, 0.00705, -0.41173], "rotation": [-45, 0, 0], "uv": [7, 6]},
						{"origin": [-0.89537, 0.14991, -8.65437], "size": [2, 2, 0], "pivot": [0.10463, 0.14991, -0.65437], "rotation": [-60, 0, 0], "uv": [7, 6]},
						{"origin": [-0.89537, 0.35071, -8.85177], "size": [2, 2, 0], "pivot": [0.10463, 0.35071, -0.85177], "rotation": [-75, 0, 0], "uv": [7, 6]}
					]
				},
				{
					"name": "bone59",
					"parent": "bone58",
					"pivot": [0, 0, 0.4],
					"rotation": [0, 90, 0]
				},
				{
					"name": "bone60",
					"parent": "bone59",
					"pivot": [0, 0, 0.4],
					"cubes": [
						{"origin": [-0.60953, 0, -7.09113], "size": [2, 2, 0], "uv": [7, 6]},
						{"origin": [-0.60953, 0, -7.09113], "size": [2, 2, 0], "uv": [7, 6]},
						{"origin": [-0.60953, -0.07055, -7.36372], "size": [2, 2, 0], "pivot": [0.39047, -0.07055, 0.63628], "rotation": [-15, 0, 0], "uv": [7, 6]},
						{"origin": [-0.60953, -0.06815, -7.64529], "size": [2, 2, 0], "pivot": [0.39047, -0.06815, 0.35471], "rotation": [-30, 0, 0], "uv": [7, 6]},
						{"origin": [-0.60953, 0.00705, -7.91664], "size": [2, 2, 0], "pivot": [0.39047, 0.00705, 0.08336], "rotation": [-45, 0, 0], "uv": [7, 6]},
						{"origin": [-0.60953, 0.14991, -8.15928], "size": [2, 2, 0], "pivot": [0.39047, 0.14991, -0.15928], "rotation": [-60, 0, 0], "uv": [7, 6]},
						{"origin": [-0.60953, 0.35071, -8.35667], "size": [2, 2, 0], "pivot": [0.39047, 0.35071, -0.35667], "rotation": [-75, 0, 0], "uv": [7, 6]}
					]
				},
				{
					"name": "bone61",
					"parent": "bone59",
					"pivot": [0, 0, 0.4]
				},
				{
					"name": "bone62",
					"parent": "bone61",
					"pivot": [0, 0, 0.4],
					"cubes": [
						{"origin": [-0.60953, -0.07055, 8.37297], "size": [2, 2, 0], "pivot": [0.39047, -0.07055, 0.37297], "rotation": [15, 0, 0], "uv": [7, 6]},
						{"origin": [-0.60953, -0.06815, 8.65454], "size": [2, 2, 0], "pivot": [0.39047, -0.06815, 0.65454], "rotation": [30, 0, 0], "uv": [7, 6]},
						{"origin": [-0.60953, 0.00705, 8.92589], "size": [2, 2, 0], "pivot": [0.39047, 0.00705, 0.92589], "rotation": [45, 0, 0], "uv": [7, 6]},
						{"origin": [-0.60953, 0.14991, 9.16853], "size": [2, 2, 0], "pivot": [0.39047, 0.14991, 1.16853], "rotation": [60, 0, 0], "uv": [7, 6]},
						{"origin": [-0.60953, 0.35071, 9.36593], "size": [2, 2, 0], "pivot": [0.39047, 0.35071, 1.36593], "rotation": [75, 0, 0], "uv": [7, 6]},
						{"origin": [-0.60953, 0.59575, 9.50463], "size": [2, 2, 0], "pivot": [0.39047, 0.59575, 1.50463], "rotation": [90, 0, 0], "uv": [7, 6]}
					]
				},
				{
					"name": "bone63",
					"parent": "bone57",
					"pivot": [0, 0, 0.4]
				},
				{
					"name": "bone64",
					"parent": "bone63",
					"pivot": [0, 0, 0.4],
					"cubes": [
						{"origin": [-0.89537, 0, 7.60528], "size": [2, 2, 0], "uv": [7, 6]},
						{"origin": [-0.89537, 0, 7.60528], "size": [2, 2, 0], "uv": [7, 6]},
						{"origin": [-0.89537, -0.07055, 7.87788], "size": [2, 2, 0], "pivot": [0.10463, -0.07055, -0.12212], "rotation": [15, 0, 0], "uv": [7, 6]},
						{"origin": [-0.89537, -0.06815, 8.15944], "size": [2, 2, 0], "pivot": [0.10463, -0.06815, 0.15944], "rotation": [30, 0, 0], "uv": [7, 6]},
						{"origin": [-0.89537, 0.00705, 8.43079], "size": [2, 2, 0], "pivot": [0.10463, 0.00705, 0.43079], "rotation": [45, 0, 0], "uv": [7, 6]},
						{"origin": [-0.89537, 0.14991, 8.67343], "size": [2, 2, 0], "pivot": [0.10463, 0.14991, 0.67343], "rotation": [60, 0, 0], "uv": [7, 6]},
						{"origin": [-0.89537, 0.35071, 8.87083], "size": [2, 2, 0], "pivot": [0.10463, 0.35071, 0.87083], "rotation": [75, 0, 0], "uv": [7, 6]}
					]
				},
				{
					"name": "bone65",
					"parent": "ao2",
					"pivot": [0, 0, 0.4],
					"rotation": [0, 30, 0]
				},
				{
					"name": "bone66",
					"parent": "bone65",
					"pivot": [0, 0, 0.4],
					"cubes": [
						{"origin": [-0.79788, -0.07055, -7.81843], "size": [2, 2, 0], "pivot": [0.20212, -0.07055, 0.18157], "rotation": [-15, 0, 0], "uv": [7, 6]},
						{"origin": [-0.79788, -0.06815, -8.1], "size": [2, 2, 0], "pivot": [0.20212, -0.06815, -0.1], "rotation": [-30, 0, 0], "uv": [7, 6]},
						{"origin": [-0.79788, 0.00705, -8.37135], "size": [2, 2, 0], "pivot": [0.20212, 0.00705, -0.37135], "rotation": [-45, 0, 0], "uv": [7, 6]},
						{"origin": [-0.79788, 0.14991, -8.61399], "size": [2, 2, 0], "pivot": [0.20212, 0.14991, -0.61399], "rotation": [-60, 0, 0], "uv": [7, 6]},
						{"origin": [-0.79788, 0.35071, -8.81139], "size": [2, 2, 0], "pivot": [0.20212, 0.35071, -0.81139], "rotation": [-75, 0, 0], "uv": [7, 6]}
					]
				},
				{
					"name": "bone67",
					"parent": "bone66",
					"pivot": [0, 0, 0.4],
					"rotation": [0, 90, 0]
				},
				{
					"name": "bone68",
					"parent": "bone67",
					"pivot": [0, 0, 0.4],
					"cubes": [
						{"origin": [-0.64991, 0, -6.99363], "size": [2, 2, 0], "uv": [7, 6]},
						{"origin": [-0.64991, 0, -6.99363], "size": [2, 2, 0], "uv": [7, 6]},
						{"origin": [-0.64991, -0.07055, -7.26622], "size": [2, 2, 0], "pivot": [0.35009, -0.07055, 0.73378], "rotation": [-15, 0, 0], "uv": [7, 6]},
						{"origin": [-0.64991, -0.06815, -7.54779], "size": [2, 2, 0], "pivot": [0.35009, -0.06815, 0.45221], "rotation": [-30, 0, 0], "uv": [7, 6]},
						{"origin": [-0.64991, 0.00705, -7.81914], "size": [2, 2, 0], "pivot": [0.35009, 0.00705, 0.18086], "rotation": [-45, 0, 0], "uv": [7, 6]},
						{"origin": [-0.64991, 0.14991, -8.06178], "size": [2, 2, 0], "pivot": [0.35009, 0.14991, -0.06178], "rotation": [-60, 0, 0], "uv": [7, 6]},
						{"origin": [-0.64991, 0.35071, -8.25918], "size": [2, 2, 0], "pivot": [0.35009, 0.35071, -0.25918], "rotation": [-75, 0, 0], "uv": [7, 6]}
					]
				},
				{
					"name": "bone69",
					"parent": "bone67",
					"pivot": [0, 0, 0.4]
				},
				{
					"name": "bone70",
					"parent": "bone69",
					"pivot": [0, 0, 0.4],
					"cubes": [
						{"origin": [-0.64991, -0.07055, 8.47047], "size": [2, 2, 0], "pivot": [0.35009, -0.07055, 0.47047], "rotation": [15, 0, 0], "uv": [7, 6]},
						{"origin": [-0.64991, -0.06815, 8.75204], "size": [2, 2, 0], "pivot": [0.35009, -0.06815, 0.75204], "rotation": [30, 0, 0], "uv": [7, 6]},
						{"origin": [-0.64991, 0.00705, 9.02338], "size": [2, 2, 0], "pivot": [0.35009, 0.00705, 1.02338], "rotation": [45, 0, 0], "uv": [7, 6]},
						{"origin": [-0.64991, 0.14991, 9.26603], "size": [2, 2, 0], "pivot": [0.35009, 0.14991, 1.26603], "rotation": [60, 0, 0], "uv": [7, 6]},
						{"origin": [-0.64991, 0.35071, 9.46342], "size": [2, 2, 0], "pivot": [0.35009, 0.35071, 1.46342], "rotation": [75, 0, 0], "uv": [7, 6]},
						{"origin": [-0.64991, 0.59575, 9.60212], "size": [2, 2, 0], "pivot": [0.35009, 0.59575, 1.60212], "rotation": [90, 0, 0], "uv": [7, 6]}
					]
				},
				{
					"name": "bone71",
					"parent": "bone65",
					"pivot": [0, 0, 0.4]
				},
				{
					"name": "bone72",
					"parent": "bone71",
					"pivot": [0, 0, 0.4],
					"cubes": [
						{"origin": [-0.79788, 0, 7.64567], "size": [2, 2, 0], "uv": [7, 6]},
						{"origin": [-0.79788, 0, 7.64567], "size": [2, 2, 0], "uv": [7, 6]},
						{"origin": [-0.79788, -0.07055, 7.91826], "size": [2, 2, 0], "pivot": [0.20212, -0.07055, -0.08174], "rotation": [15, 0, 0], "uv": [7, 6]},
						{"origin": [-0.79788, -0.06815, 8.19983], "size": [2, 2, 0], "pivot": [0.20212, -0.06815, 0.19983], "rotation": [30, 0, 0], "uv": [7, 6]},
						{"origin": [-0.79788, 0.00705, 8.47117], "size": [2, 2, 0], "pivot": [0.20212, 0.00705, 0.47117], "rotation": [45, 0, 0], "uv": [7, 6]},
						{"origin": [-0.79788, 0.14991, 8.71382], "size": [2, 2, 0], "pivot": [0.20212, 0.14991, 0.71382], "rotation": [60, 0, 0], "uv": [7, 6]},
						{"origin": [-0.79788, 0.35071, 8.91121], "size": [2, 2, 0], "pivot": [0.20212, 0.35071, 0.91121], "rotation": [75, 0, 0], "uv": [7, 6]}
					]
				},
				{
					"name": "bone73",
					"parent": "ao2",
					"pivot": [0, 0, 0.4],
					"rotation": [0, 45, 0]
				},
				{
					"name": "bone74",
					"parent": "bone73",
					"pivot": [0, 0, 0.4],
					"cubes": [
						{"origin": [-0.71415, -0.07055, -7.75419], "size": [2, 2, 0], "pivot": [0.28585, -0.07055, 0.24581], "rotation": [-15, 0, 0], "uv": [7, 6]},
						{"origin": [-0.71415, -0.06815, -8.03576], "size": [2, 2, 0], "pivot": [0.28585, -0.06815, -0.03576], "rotation": [-30, 0, 0], "uv": [7, 6]},
						{"origin": [-0.71415, 0.00705, -8.30711], "size": [2, 2, 0], "pivot": [0.28585, 0.00705, -0.30711], "rotation": [-45, 0, 0], "uv": [7, 6]},
						{"origin": [-0.71415, 0.14991, -8.54975], "size": [2, 2, 0], "pivot": [0.28585, 0.14991, -0.54975], "rotation": [-60, 0, 0], "uv": [7, 6]},
						{"origin": [-0.71415, 0.35071, -8.74714], "size": [2, 2, 0], "pivot": [0.28585, 0.35071, -0.74714], "rotation": [-75, 0, 0], "uv": [7, 6]}
					]
				},
				{
					"name": "bone75",
					"parent": "bone74",
					"pivot": [0, 0, 0.4],
					"rotation": [0, 90, 0]
				},
				{
					"name": "bone76",
					"parent": "bone75",
					"pivot": [0, 0, 0.4],
					"cubes": [
						{"origin": [-0.71415, 0, -6.90991], "size": [2, 2, 0], "uv": [7, 6]},
						{"origin": [-0.71415, 0, -6.90991], "size": [2, 2, 0], "uv": [7, 6]},
						{"origin": [-0.71415, -0.07055, -7.1825], "size": [2, 2, 0], "pivot": [0.28585, -0.07055, 0.8175], "rotation": [-15, 0, 0], "uv": [7, 6]},
						{"origin": [-0.71415, -0.06815, -7.46407], "size": [2, 2, 0], "pivot": [0.28585, -0.06815, 0.53593], "rotation": [-30, 0, 0], "uv": [7, 6]},
						{"origin": [-0.71415, 0.00705, -7.73542], "size": [2, 2, 0], "pivot": [0.28585, 0.00705, 0.26458], "rotation": [-45, 0, 0], "uv": [7, 6]},
						{"origin": [-0.71415, 0.14991, -7.97806], "size": [2, 2, 0], "pivot": [0.28585, 0.14991, 0.02194], "rotation": [-60, 0, 0], "uv": [7, 6]},
						{"origin": [-0.71415, 0.35071, -8.17545], "size": [2, 2, 0], "pivot": [0.28585, 0.35071, -0.17545], "rotation": [-75, 0, 0], "uv": [7, 6]}
					]
				},
				{
					"name": "bone77",
					"parent": "bone75",
					"pivot": [0, 0, 0.4]
				},
				{
					"name": "bone78",
					"parent": "bone77",
					"pivot": [0, 0, 0.4],
					"cubes": [
						{"origin": [-0.71415, -0.07055, 8.55419], "size": [2, 2, 0], "pivot": [0.28585, -0.07055, 0.55419], "rotation": [15, 0, 0], "uv": [7, 6]},
						{"origin": [-0.71415, -0.06815, 8.83576], "size": [2, 2, 0], "pivot": [0.28585, -0.06815, 0.83576], "rotation": [30, 0, 0], "uv": [7, 6]},
						{"origin": [-0.71415, 0.00705, 9.10711], "size": [2, 2, 0], "pivot": [0.28585, 0.00705, 1.10711], "rotation": [45, 0, 0], "uv": [7, 6]},
						{"origin": [-0.71415, 0.14991, 9.34975], "size": [2, 2, 0], "pivot": [0.28585, 0.14991, 1.34975], "rotation": [60, 0, 0], "uv": [7, 6]},
						{"origin": [-0.71415, 0.35071, 9.54714], "size": [2, 2, 0], "pivot": [0.28585, 0.35071, 1.54714], "rotation": [75, 0, 0], "uv": [7, 6]},
						{"origin": [-0.71415, 0.59575, 9.68585], "size": [2, 2, 0], "pivot": [0.28585, 0.59575, 1.68585], "rotation": [90, 0, 0], "uv": [7, 6]}
					]
				},
				{
					"name": "bone79",
					"parent": "bone73",
					"pivot": [0, 0, 0.4]
				},
				{
					"name": "bone80",
					"parent": "bone79",
					"pivot": [0, 0, 0.4],
					"cubes": [
						{"origin": [-0.71415, 0, 7.70991], "size": [2, 2, 0], "uv": [7, 6]},
						{"origin": [-0.71415, 0, 7.70991], "size": [2, 2, 0], "uv": [7, 6]},
						{"origin": [-0.71415, -0.07055, 7.9825], "size": [2, 2, 0], "pivot": [0.28585, -0.07055, -0.0175], "rotation": [15, 0, 0], "uv": [7, 6]},
						{"origin": [-0.71415, -0.06815, 8.26407], "size": [2, 2, 0], "pivot": [0.28585, -0.06815, 0.26407], "rotation": [30, 0, 0], "uv": [7, 6]},
						{"origin": [-0.71415, 0.00705, 8.53542], "size": [2, 2, 0], "pivot": [0.28585, 0.00705, 0.53542], "rotation": [45, 0, 0], "uv": [7, 6]},
						{"origin": [-0.71415, 0.14991, 8.77806], "size": [2, 2, 0], "pivot": [0.28585, 0.14991, 0.77806], "rotation": [60, 0, 0], "uv": [7, 6]},
						{"origin": [-0.71415, 0.35071, 8.97545], "size": [2, 2, 0], "pivot": [0.28585, 0.35071, 0.97545], "rotation": [75, 0, 0], "uv": [7, 6]}
					]
				},
				{
					"name": "bone81",
					"parent": "ao2",
					"pivot": [0, 0, 0.4],
					"rotation": [0, 60, 0]
				},
				{
					"name": "bone82",
					"parent": "bone81",
					"pivot": [0, 0, 0.4],
					"cubes": [
						{"origin": [-0.64991, -0.07055, -7.67047], "size": [2, 2, 0], "pivot": [0.35009, -0.07055, 0.32953], "rotation": [-15, 0, 0], "uv": [7, 6]},
						{"origin": [-0.64991, -0.06815, -7.95204], "size": [2, 2, 0], "pivot": [0.35009, -0.06815, 0.04796], "rotation": [-30, 0, 0], "uv": [7, 6]},
						{"origin": [-0.64991, 0.00705, -8.22338], "size": [2, 2, 0], "pivot": [0.35009, 0.00705, -0.22338], "rotation": [-45, 0, 0], "uv": [7, 6]},
						{"origin": [-0.64991, 0.14991, -8.46603], "size": [2, 2, 0], "pivot": [0.35009, 0.14991, -0.46603], "rotation": [-60, 0, 0], "uv": [7, 6]},
						{"origin": [-0.64991, 0.35071, -8.66342], "size": [2, 2, 0], "pivot": [0.35009, 0.35071, -0.66342], "rotation": [-75, 0, 0], "uv": [7, 6]}
					]
				},
				{
					"name": "bone83",
					"parent": "bone82",
					"pivot": [0, 0, 0.4],
					"rotation": [0, 90, 0]
				},
				{
					"name": "bone84",
					"parent": "bone83",
					"pivot": [0, 0, 0.4],
					"cubes": [
						{"origin": [-0.79788, 0, -6.84567], "size": [2, 2, 0], "uv": [7, 6]},
						{"origin": [-0.79788, 0, -6.84567], "size": [2, 2, 0], "uv": [7, 6]},
						{"origin": [-0.79788, -0.07055, -7.11826], "size": [2, 2, 0], "pivot": [0.20212, -0.07055, 0.88174], "rotation": [-15, 0, 0], "uv": [7, 6]},
						{"origin": [-0.79788, -0.06815, -7.39983], "size": [2, 2, 0], "pivot": [0.20212, -0.06815, 0.60017], "rotation": [-30, 0, 0], "uv": [7, 6]},
						{"origin": [-0.79788, 0.00705, -7.67117], "size": [2, 2, 0], "pivot": [0.20212, 0.00705, 0.32883], "rotation": [-45, 0, 0], "uv": [7, 6]},
						{"origin": [-0.79788, 0.14991, -7.91382], "size": [2, 2, 0], "pivot": [0.20212, 0.14991, 0.08618], "rotation": [-60, 0, 0], "uv": [7, 6]},
						{"origin": [-0.79788, 0.35071, -8.11121], "size": [2, 2, 0], "pivot": [0.20212, 0.35071, -0.11121], "rotation": [-75, 0, 0], "uv": [7, 6]}
					]
				},
				{
					"name": "bone85",
					"parent": "bone83",
					"pivot": [0, 0, 0.4]
				},
				{
					"name": "bone86",
					"parent": "bone85",
					"pivot": [0, 0, 0.4],
					"cubes": [
						{"origin": [-0.79788, -0.07055, 8.61843], "size": [2, 2, 0], "pivot": [0.20212, -0.07055, 0.61843], "rotation": [15, 0, 0], "uv": [7, 6]},
						{"origin": [-0.79788, -0.06815, 8.9], "size": [2, 2, 0], "pivot": [0.20212, -0.06815, 0.9], "rotation": [30, 0, 0], "uv": [7, 6]},
						{"origin": [-0.79788, 0.00705, 9.17135], "size": [2, 2, 0], "pivot": [0.20212, 0.00705, 1.17135], "rotation": [45, 0, 0], "uv": [7, 6]},
						{"origin": [-0.79788, 0.14991, 9.41399], "size": [2, 2, 0], "pivot": [0.20212, 0.14991, 1.41399], "rotation": [60, 0, 0], "uv": [7, 6]},
						{"origin": [-0.79788, 0.35071, 9.61139], "size": [2, 2, 0], "pivot": [0.20212, 0.35071, 1.61139], "rotation": [75, 0, 0], "uv": [7, 6]},
						{"origin": [-0.79788, 0.59575, 9.75009], "size": [2, 2, 0], "pivot": [0.20212, 0.59575, 1.75009], "rotation": [90, 0, 0], "uv": [7, 6]}
					]
				},
				{
					"name": "bone87",
					"parent": "bone81",
					"pivot": [0, 0, 0.4]
				},
				{
					"name": "bone88",
					"parent": "bone87",
					"pivot": [0, 0, 0.4],
					"cubes": [
						{"origin": [-0.64991, 0, 7.79363], "size": [2, 2, 0], "uv": [7, 6]},
						{"origin": [-0.64991, 0, 7.79363], "size": [2, 2, 0], "uv": [7, 6]},
						{"origin": [-0.64991, -0.07055, 8.06622], "size": [2, 2, 0], "pivot": [0.35009, -0.07055, 0.06622], "rotation": [15, 0, 0], "uv": [7, 6]},
						{"origin": [-0.64991, -0.06815, 8.34779], "size": [2, 2, 0], "pivot": [0.35009, -0.06815, 0.34779], "rotation": [30, 0, 0], "uv": [7, 6]},
						{"origin": [-0.64991, 0.00705, 8.61914], "size": [2, 2, 0], "pivot": [0.35009, 0.00705, 0.61914], "rotation": [45, 0, 0], "uv": [7, 6]},
						{"origin": [-0.64991, 0.14991, 8.86178], "size": [2, 2, 0], "pivot": [0.35009, 0.14991, 0.86178], "rotation": [60, 0, 0], "uv": [7, 6]},
						{"origin": [-0.64991, 0.35071, 9.05918], "size": [2, 2, 0], "pivot": [0.35009, 0.35071, 1.05918], "rotation": [75, 0, 0], "uv": [7, 6]}
					]
				},
				{
					"name": "bone89",
					"parent": "ao2",
					"pivot": [0, 0, 0.4],
					"rotation": [0, 75, 0]
				},
				{
					"name": "bone90",
					"parent": "bone89",
					"pivot": [0, 0, 0.4],
					"cubes": [
						{"origin": [-0.60953, -0.07055, -7.57297], "size": [2, 2, 0], "pivot": [0.39047, -0.07055, 0.42703], "rotation": [-15, 0, 0], "uv": [7, 6]},
						{"origin": [-0.60953, -0.06815, -7.85454], "size": [2, 2, 0], "pivot": [0.39047, -0.06815, 0.14546], "rotation": [-30, 0, 0], "uv": [7, 6]},
						{"origin": [-0.60953, 0.00705, -8.12589], "size": [2, 2, 0], "pivot": [0.39047, 0.00705, -0.12589], "rotation": [-45, 0, 0], "uv": [7, 6]},
						{"origin": [-0.60953, 0.14991, -8.36853], "size": [2, 2, 0], "pivot": [0.39047, 0.14991, -0.36853], "rotation": [-60, 0, 0], "uv": [7, 6]},
						{"origin": [-0.60953, 0.35071, -8.56593], "size": [2, 2, 0], "pivot": [0.39047, 0.35071, -0.56593], "rotation": [-75, 0, 0], "uv": [7, 6]}
					]
				},
				{
					"name": "bone91",
					"parent": "bone90",
					"pivot": [0, 0, 0.4],
					"rotation": [0, 90, 0]
				},
				{
					"name": "bone92",
					"parent": "bone91",
					"pivot": [0, 0, 0.4],
					"cubes": [
						{"origin": [-0.89537, 0, -6.80528], "size": [2, 2, 0], "uv": [7, 6]},
						{"origin": [-0.89537, 0, -6.80528], "size": [2, 2, 0], "uv": [7, 6]},
						{"origin": [-0.89537, -0.07055, -7.07788], "size": [2, 2, 0], "pivot": [0.10463, -0.07055, 0.92212], "rotation": [-15, 0, 0], "uv": [7, 6]},
						{"origin": [-0.89537, -0.06815, -7.35944], "size": [2, 2, 0], "pivot": [0.10463, -0.06815, 0.64056], "rotation": [-30, 0, 0], "uv": [7, 6]},
						{"origin": [-0.89537, 0.00705, -7.63079], "size": [2, 2, 0], "pivot": [0.10463, 0.00705, 0.36921], "rotation": [-45, 0, 0], "uv": [7, 6]},
						{"origin": [-0.89537, 0.14991, -7.87343], "size": [2, 2, 0], "pivot": [0.10463, 0.14991, 0.12657], "rotation": [-60, 0, 0], "uv": [7, 6]},
						{"origin": [-0.89537, 0.35071, -8.07083], "size": [2, 2, 0], "pivot": [0.10463, 0.35071, -0.07083], "rotation": [-75, 0, 0], "uv": [7, 6]}
					]
				},
				{
					"name": "bone93",
					"parent": "bone91",
					"pivot": [0, 0, 0.4]
				},
				{
					"name": "bone94",
					"parent": "bone93",
					"pivot": [0, 0, 0.4],
					"cubes": [
						{"origin": [-0.89537, -0.07055, 8.65882], "size": [2, 2, 0], "pivot": [0.10463, -0.07055, 0.65882], "rotation": [15, 0, 0], "uv": [7, 6]},
						{"origin": [-0.89537, -0.06815, 8.94038], "size": [2, 2, 0], "pivot": [0.10463, -0.06815, 0.94038], "rotation": [30, 0, 0], "uv": [7, 6]},
						{"origin": [-0.89537, 0.00705, 9.21173], "size": [2, 2, 0], "pivot": [0.10463, 0.00705, 1.21173], "rotation": [45, 0, 0], "uv": [7, 6]},
						{"origin": [-0.89537, 0.14991, 9.45437], "size": [2, 2, 0], "pivot": [0.10463, 0.14991, 1.45437], "rotation": [60, 0, 0], "uv": [7, 6]},
						{"origin": [-0.89537, 0.35071, 9.65177], "size": [2, 2, 0], "pivot": [0.10463, 0.35071, 1.65177], "rotation": [75, 0, 0], "uv": [7, 6]},
						{"origin": [-0.89537, 0.59575, 9.79047], "size": [2, 2, 0], "pivot": [0.10463, 0.59575, 1.79047], "rotation": [90, 0, 0], "uv": [7, 6]}
					]
				},
				{
					"name": "bone95",
					"parent": "bone89",
					"pivot": [0, 0, 0.4]
				},
				{
					"name": "bone96",
					"parent": "bone95",
					"pivot": [0, 0, 0.4],
					"cubes": [
						{"origin": [-0.60953, 0, 7.89113], "size": [2, 2, 0], "uv": [7, 6]},
						{"origin": [-0.60953, 0, 7.89113], "size": [2, 2, 0], "uv": [7, 6]},
						{"origin": [-0.60953, -0.07055, 8.16372], "size": [2, 2, 0], "pivot": [0.39047, -0.07055, 0.16372], "rotation": [15, 0, 0], "uv": [7, 6]},
						{"origin": [-0.60953, -0.06815, 8.44529], "size": [2, 2, 0], "pivot": [0.39047, -0.06815, 0.44529], "rotation": [30, 0, 0], "uv": [7, 6]},
						{"origin": [-0.60953, 0.00705, 8.71664], "size": [2, 2, 0], "pivot": [0.39047, 0.00705, 0.71664], "rotation": [45, 0, 0], "uv": [7, 6]},
						{"origin": [-0.60953, 0.14991, 8.95928], "size": [2, 2, 0], "pivot": [0.39047, 0.14991, 0.95928], "rotation": [60, 0, 0], "uv": [7, 6]},
						{"origin": [-0.60953, 0.35071, 9.15667], "size": [2, 2, 0], "pivot": [0.39047, 0.35071, 1.15667], "rotation": [75, 0, 0], "uv": [7, 6]}
					]
				}
			]
		}
	]
}