{
	"format_version": "1.12.0",
	"minecraft:geometry": [
		{
			"description": {
				"identifier": "geometry.battai",
				"texture_width": 64,
				"texture_height": 64,
				"visible_bounds_width": 5,
				"visible_bounds_height": 2.5,
				"visible_bounds_offset": [0, 0.75, 0]
			},
			"bones": [
				{
					"name": "root",
					"pivot": [0, 9, -4]
				},
				{
					"name": "battai",
					"parent": "root",
					"pivot": [0, 0, 0]
				},
				{
					"name": "bone",
					"parent": "battai",
					"pivot": [-7, 0, 0.7],
					"rotation": [22.5, 0, 0],
					"cubes": [
						{"origin": [-4.80978, 9.80639, -10.62161], "size": [0.58, 0.58, 4.7124], "uv": [0, 0]},
						{"origin": [-6.99055, 9.80639, -11.59879], "size": [5.58, 0.58, 1.4616], "pivot": [-4.0604, 2.99, -2.09711], "rotation": [0, -15, 0], "uv": [0, 0]},
						{"origin": [-8.68394, 9.80639, -11.89057], "size": [5.58, 0.58, 1.4616], "pivot": [-3.5638, 2.99, -3.29602], "rotation": [0, -30, 0], "uv": [0, 0]},
						{"origin": [-9.77455, 9.80639, -11.47707], "size": [4.58, 0.58, 1.4616], "pivot": [-2.77382, 2.99, -4.32554], "rotation": [0, -45, 0], "uv": [0, 0]},
						{"origin": [-10.18804, 9.80639, -10.38646], "size": [4.58, 0.58, 1.4616], "pivot": [-1.74429, 2.99, -5.11552], "rotation": [0, -60, 0], "uv": [0, 0]},
						{"origin": [-9.89627, 9.80639, -7.69307], "size": [5.58, 0.58, 0.4616], "pivot": [-0.54539, 2.99, -5.61212], "rotation": [0, -75, 0], "uv": [0, 0]}
					]
				},
				{
					"name": "bone3",
					"parent": "bone",
					"pivot": [-8.82, 1.26, 0.7],
					"cubes": [
						{"origin": [-4.80978, 10.30639, -10.62161], "size": [0.58, 1.08, 4.7124], "uv": [44, 59]},
						{"origin": [-6.99055, 10.30639, -11.59879], "size": [0.58, 1.08, 1.4616], "pivot": [-4.0604, 3.99, -2.09711], "rotation": [0, -15, 0], "uv": [44, 59]},
						{"origin": [-8.68394, 10.30639, -11.89057], "size": [0.58, 1.08, 1.4616], "pivot": [-3.5638, 3.99, -3.29602], "rotation": [0, -30, 0], "uv": [44, 59]},
						{"origin": [-9.77455, 10.30639, -11.47707], "size": [0.58, 1.08, 1.4616], "pivot": [-2.77382, 3.99, -4.32554], "rotation": [0, -45, 0], "uv": [44, 59]},
						{"origin": [-10.18804, 10.30639, -10.38646], "size": [0.58, 1.08, 1.4616], "pivot": [-1.74429, 3.99, -5.11552], "rotation": [0, -60, 0], "uv": [44, 59]},
						{"origin": [-9.89627, 10.30639, -7.69307], "size": [0.58, 1.08, 0.4616], "pivot": [-0.54539, 3.99, -5.61212], "rotation": [0, -75, 0], "uv": [44, 59]}
					]
				},
				{
					"name": "bone4",
					"parent": "bone3",
					"pivot": [-5.1156, 1.26, 0.7],
					"cubes": [
						{"origin": [3.42129, 10.30639, -10.62161], "size": [0.58, 1.08, 4.7124], "uv": [44, 59], "mirror": true},
						{"origin": [5.60206, 10.30639, -11.59879], "size": [0.58, 1.08, 1.4616], "pivot": [3.25191, 3.99, -2.09711], "rotation": [0, 15, 0], "uv": [44, 59], "mirror": true},
						{"origin": [7.29545, 10.30639, -11.89057], "size": [0.58, 1.08, 1.4616], "pivot": [2.75531, 3.99, -3.29602], "rotation": [0, 30, 0], "uv": [44, 59], "mirror": true},
						{"origin": [8.38606, 10.30639, -11.47707], "size": [0.58, 1.08, 1.4616], "pivot": [1.96533, 3.99, -4.32554], "rotation": [0, 45, 0], "uv": [44, 59], "mirror": true},
						{"origin": [8.79955, 10.30639, -10.38646], "size": [0.58, 1.08, 1.4616], "pivot": [0.9358, 3.99, -5.11552], "rotation": [0, 60, 0], "uv": [44, 59], "mirror": true},
						{"origin": [8.50778, 10.30639, -7.69307], "size": [0.58, 1.08, 0.4616], "pivot": [-0.2631, 3.99, -5.61212], "rotation": [0, 75, 0], "uv": [44, 59], "mirror": true},
						{"origin": [10.65555, 10.30639, -8.05349], "size": [0.58, 1.08, 1.1116], "pivot": [1.57527, 3.99, -5.52269], "rotation": [0, 90, 0], "uv": [44, 59], "mirror": true}
					]
				},
				{
					"name": "bone5",
					"parent": "bone",
					"pivot": [-8.82, 2.46, 0.7],
					"cubes": [
						{"origin": [-4.80978, 11.39337, -10.62161], "size": [0.58, 1.0152, 4.7124], "uv": [56, 59]},
						{"origin": [-6.99055, 11.39337, -11.49879], "size": [0.38, 1.0152, 1.2616], "pivot": [-4.0604, 5.36018, -2.09711], "rotation": [0, -15, 0], "uv": [56, 59]},
						{"origin": [-8.68394, 11.39337, -11.79057], "size": [0.33, 1.0152, 1.2616], "pivot": [-3.5638, 5.36018, -3.29602], "rotation": [0, -30, 0], "uv": [56, 59]},
						{"origin": [-9.77455, 11.39337, -11.37707], "size": [0.33, 1.0152, 1.2616], "pivot": [-2.77382, 5.36018, -4.32554], "rotation": [0, -45, 0], "uv": [56, 59]},
						{"origin": [-10.18804, 11.39337, -10.28646], "size": [0.33, 1.0152, 1.2616], "pivot": [-1.74429, 5.36018, -5.11552], "rotation": [0, -60, 0], "uv": [56, 59]},
						{"origin": [-9.89627, 11.39337, -7.69307], "size": [0.33, 1.0152, 0.4616], "pivot": [-0.54539, 5.36018, -5.61212], "rotation": [0, -75, 0], "uv": [56, 59]}
					]
				},
				{
					"name": "bone6",
					"parent": "bone5",
					"pivot": [-4.80866, 2.3244, 0.7],
					"cubes": [
						{"origin": [3.42129, 11.39337, -10.62161], "size": [0.58, 1.0152, 4.7124], "uv": [56, 59], "mirror": true},
						{"origin": [5.85206, 11.39337, -11.49879], "size": [0.33, 1.0152, 1.2616], "pivot": [3.25191, 5.36018, -2.09711], "rotation": [0, 15, 0], "uv": [56, 59], "mirror": true},
						{"origin": [7.54545, 11.39337, -11.79057], "size": [0.33, 1.0152, 1.2616], "pivot": [2.75531, 5.36018, -3.29602], "rotation": [0, 30, 0], "uv": [56, 59], "mirror": true},
						{"origin": [8.63606, 11.39337, -11.27707], "size": [0.33, 1.0152, 1.0616], "pivot": [1.96533, 5.36018, -4.32554], "rotation": [0, 45, 0], "uv": [56, 59], "mirror": true},
						{"origin": [9.04955, 11.39337, -10.28646], "size": [0.33, 1.0152, 1.2616], "pivot": [0.9358, 5.36018, -5.11552], "rotation": [0, 60, 0], "uv": [56, 59], "mirror": true},
						{"origin": [8.75778, 11.39337, -7.69307], "size": [0.33, 1.0152, 0.4616], "pivot": [-0.2631, 5.36018, -5.61212], "rotation": [0, 75, 0], "uv": [56, 59], "mirror": true},
						{"origin": [10.90555, 11.39337, -7.95349], "size": [0.33, 1.0152, 0.9116], "pivot": [1.57527, 5.36018, -5.52269], "rotation": [0, 90, 0], "uv": [56, 59], "mirror": true}
					]
				},
				{
					"name": "bone2",
					"parent": "bone",
					"pivot": [-5.1156, 0, 0.7],
					"cubes": [
						{"origin": [-4.57871, 9.80639, -10.62161], "size": [8.58, 0.58, 4.7124], "uv": [0, 0], "mirror": true},
						{"origin": [-0.39794, 9.80639, -11.59879], "size": [6.58, 0.58, 1.4616], "pivot": [3.25191, 2.99, -2.09711], "rotation": [0, 15, 0], "uv": [0, 0], "mirror": true},
						{"origin": [2.29545, 9.80639, -11.89057], "size": [5.58, 0.58, 1.4616], "pivot": [2.75531, 2.99, -3.29602], "rotation": [0, 30, 0], "uv": [0, 0], "mirror": true},
						{"origin": [3.38606, 9.80639, -11.47707], "size": [5.58, 0.58, 1.4616], "pivot": [1.96533, 2.99, -4.32554], "rotation": [0, 45, 0], "uv": [0, 0], "mirror": true},
						{"origin": [4.79955, 9.80639, -10.38646], "size": [4.58, 0.58, 1.4616], "pivot": [0.9358, 2.99, -5.11552], "rotation": [0, 60, 0], "uv": [0, 0], "mirror": true},
						{"origin": [4.50778, 9.80639, -7.69307], "size": [4.58, 0.58, 0.4616], "pivot": [-0.2631, 2.99, -5.61212], "rotation": [0, 75, 0], "uv": [0, 0], "mirror": true},
						{"origin": [3.49652, 9.80639, -5.90349], "size": [5.58, 0.58, 1.1116], "pivot": [-0.58376, 2.99, -5.52269], "rotation": [0, 90, 0], "uv": [0, 0], "mirror": true}
					]
				},
				{
					"name": "bone7",
					"parent": "battai",
					"pivot": [-7, 23.5, -2.2],
					"rotation": [-13, 0, 0],
					"cubes": [
						{"origin": [-4.80978, 10.7367, -12.76076], "size": [0.58, 0.58, 4.7124], "uv": [35, 58]},
						{"origin": [-6.79362, 10.7367, -13.76386], "size": [5.58, 0.58, 1.4616], "pivot": [-4.0604, 20.51, -4.99711], "rotation": [0, -15, 0], "uv": [34, 60]},
						{"origin": [-8.30352, 10.7367, -14.13166], "size": [5.58, 0.58, 1.4616], "pivot": [-3.5638, 20.51, -6.19602], "rotation": [0, -30, 0], "uv": [35, 61]},
						{"origin": [-9.23655, 10.7367, -13.83907], "size": [4.58, 0.58, 1.4616], "pivot": [-2.77382, 20.51, -7.22554], "rotation": [0, -45, 0], "uv": [37, 61]},
						{"origin": [-9.52913, 10.7367, -12.90604], "size": [4.58, 0.58, 1.4616], "pivot": [-1.74429, 20.51, -8.01552], "rotation": [0, -60, 0], "uv": [40, 56]},
						{"origin": [-9.16134, 10.7367, -10.39614], "size": [5.58, 0.58, 0.4616], "pivot": [-0.54539, 20.51, -8.51212], "rotation": [0, -75, 0], "uv": [34, 58]}
					]
				},
				{
					"name": "bone8",
					"parent": "bone7",
					"pivot": [-8.82, 22.24, -2.2],
					"cubes": [
						{"origin": [-4.80978, 9.7367, -12.76076], "size": [0.58, 1.08, 4.7124], "uv": [46, 59]},
						{"origin": [-6.79362, 9.7367, -13.76386], "size": [0.58, 1.08, 1.4616], "pivot": [-4.0604, 19.51, -4.99711], "rotation": [0, -15, 0], "uv": [46, 59]},
						{"origin": [-8.30352, 9.7367, -14.13166], "size": [0.58, 1.08, 1.4616], "pivot": [-3.5638, 19.51, -6.19602], "rotation": [0, -30, 0], "uv": [46, 59]},
						{"origin": [-9.23655, 9.7367, -13.83907], "size": [0.58, 1.08, 1.4616], "pivot": [-2.77382, 19.51, -7.22554], "rotation": [0, -45, 0], "uv": [46, 59]},
						{"origin": [-9.52913, 9.7367, -12.90604], "size": [0.58, 1.08, 1.4616], "pivot": [-1.74429, 19.51, -8.01552], "rotation": [0, -60, 0], "uv": [46, 59]},
						{"origin": [-9.16134, 9.7367, -10.39614], "size": [0.58, 1.08, 0.4616], "pivot": [-0.54539, 19.51, -8.51212], "rotation": [0, -75, 0], "uv": [46, 59]}
					]
				},
				{
					"name": "bone9",
					"parent": "bone8",
					"pivot": [-5.1156, 22.24, -2.2],
					"cubes": [
						{"origin": [3.42129, 9.7367, -12.76076], "size": [0.58, 1.08, 4.7124], "uv": [46, 59], "mirror": true},
						{"origin": [5.40513, 9.7367, -13.76386], "size": [0.58, 1.08, 1.4616], "pivot": [3.25191, 19.51, -4.99711], "rotation": [0, 15, 0], "uv": [46, 59], "mirror": true},
						{"origin": [6.91503, 9.7367, -14.13166], "size": [0.58, 1.08, 1.4616], "pivot": [2.75531, 19.51, -6.19602], "rotation": [0, 30, 0], "uv": [46, 59], "mirror": true},
						{"origin": [7.84806, 9.7367, -13.83907], "size": [0.58, 1.08, 1.4616], "pivot": [1.96533, 19.51, -7.22554], "rotation": [0, 45, 0], "uv": [46, 59], "mirror": true},
						{"origin": [8.14064, 9.7367, -12.90604], "size": [0.58, 1.08, 1.4616], "pivot": [0.9358, 19.51, -8.01552], "rotation": [0, 60, 0], "uv": [46, 59], "mirror": true},
						{"origin": [7.77285, 9.7367, -10.39614], "size": [0.58, 1.08, 0.4616], "pivot": [-0.2631, 19.51, -8.51212], "rotation": [0, 75, 0], "uv": [46, 59], "mirror": true},
						{"origin": [9.8947, 9.7367, -10.95349], "size": [0.58, 1.08, 1.1116], "pivot": [1.57527, 19.51, -8.42269], "rotation": [0, 90, 0], "uv": [46, 59], "mirror": true}
					]
				},
				{
					"name": "bone10",
					"parent": "bone7",
					"pivot": [-8.82, 21.04, -2.2],
					"cubes": [
						{"origin": [-4.80978, 8.71452, -12.76076], "size": [0.58, 1.0152, 4.7124], "uv": [56, 59]},
						{"origin": [-6.79362, 8.71452, -13.66386], "size": [0.38, 1.0152, 1.2616], "pivot": [-4.0604, 18.13982, -4.99711], "rotation": [0, -15, 0], "uv": [56, 59]},
						{"origin": [-8.30352, 8.71452, -14.03166], "size": [0.33, 1.0152, 1.2616], "pivot": [-3.5638, 18.13982, -6.19602], "rotation": [0, -30, 0], "uv": [56, 59]},
						{"origin": [-9.23655, 8.71452, -13.73907], "size": [0.33, 1.0152, 1.2616], "pivot": [-2.77382, 18.13982, -7.22554], "rotation": [0, -45, 0], "uv": [56, 59]},
						{"origin": [-9.52913, 8.71452, -12.80604], "size": [0.33, 1.0152, 1.2616], "pivot": [-1.74429, 18.13982, -8.01552], "rotation": [0, -60, 0], "uv": [56, 59]},
						{"origin": [-9.16134, 8.71452, -10.39614], "size": [0.33, 1.0152, 0.4616], "pivot": [-0.54539, 18.13982, -8.51212], "rotation": [0, -75, 0], "uv": [56, 59]}
					]
				},
				{
					"name": "bone11",
					"parent": "bone10",
					"pivot": [-4.80866, 21.1756, -2.2],
					"cubes": [
						{"origin": [3.42129, 8.71452, -12.76076], "size": [0.58, 1.0152, 4.7124], "uv": [56, 59], "mirror": true},
						{"origin": [5.65513, 8.71452, -13.66386], "size": [0.33, 1.0152, 1.2616], "pivot": [3.25191, 18.13982, -4.99711], "rotation": [0, 15, 0], "uv": [56, 59], "mirror": true},
						{"origin": [7.16503, 8.71452, -14.03166], "size": [0.33, 1.0152, 1.2616], "pivot": [2.75531, 18.13982, -6.19602], "rotation": [0, 30, 0], "uv": [56, 59], "mirror": true},
						{"origin": [8.09806, 8.71452, -13.63907], "size": [0.33, 1.0152, 1.0616], "pivot": [1.96533, 18.13982, -7.22554], "rotation": [0, 45, 0], "uv": [56, 59], "mirror": true},
						{"origin": [8.39064, 8.71452, -12.80604], "size": [0.33, 1.0152, 1.2616], "pivot": [0.9358, 18.13982, -8.01552], "rotation": [0, 60, 0], "uv": [56, 59], "mirror": true},
						{"origin": [8.02285, 8.71452, -10.39614], "size": [0.33, 1.0152, 0.4616], "pivot": [-0.2631, 18.13982, -8.51212], "rotation": [0, 75, 0], "uv": [56, 59], "mirror": true},
						{"origin": [10.1447, 8.71452, -10.85349], "size": [0.33, 1.0152, 0.9116], "pivot": [1.57527, 18.13982, -8.42269], "rotation": [0, 90, 0], "uv": [56, 59], "mirror": true}
					]
				},
				{
					"name": "bone12",
					"parent": "bone7",
					"pivot": [-5.1156, 23.5, -2.2],
					"cubes": [
						{"origin": [-4.57871, 10.7367, -12.76076], "size": [8.58, 0.58, 4.7124], "uv": [29, 55], "mirror": true},
						{"origin": [-0.59487, 10.7367, -13.76386], "size": [6.58, 0.58, 1.4616], "pivot": [3.25191, 20.51, -4.99711], "rotation": [0, 15, 0], "uv": [29, 55], "mirror": true},
						{"origin": [1.91503, 10.7367, -14.13166], "size": [5.58, 0.58, 1.4616], "pivot": [2.75531, 20.51, -6.19602], "rotation": [0, 30, 0], "uv": [29, 55], "mirror": true},
						{"origin": [2.84806, 10.7367, -13.83907], "size": [5.58, 0.58, 1.4616], "pivot": [1.96533, 20.51, -7.22554], "rotation": [0, 45, 0], "uv": [29, 55], "mirror": true},
						{"origin": [4.14064, 10.7367, -12.90604], "size": [4.58, 0.58, 1.4616], "pivot": [0.9358, 20.51, -8.01552], "rotation": [0, 60, 0], "uv": [29, 55], "mirror": true},
						{"origin": [3.77285, 10.7367, -10.39614], "size": [4.58, 0.58, 0.4616], "pivot": [-0.2631, 20.51, -8.51212], "rotation": [0, 75, 0], "uv": [29, 55], "mirror": true},
						{"origin": [2.73567, 10.7367, -8.80349], "size": [5.58, 0.58, 1.1116], "pivot": [-0.58376, 20.51, -8.42269], "rotation": [0, 90, 0], "uv": [29, 55], "mirror": true}
					]
				},
				{
					"name": "bone49",
					"parent": "battai",
					"pivot": [0, 0, 0]
				},
				{
					"name": "bone43",
					"parent": "bone49",
					"pivot": [-7, 25.1, -1.9],
					"rotation": [-90, 0, 0],
					"cubes": [
						{"origin": [-4.83687, 12.67495, 7.91071], "size": [0.58, 29.58, 6.1124], "uv": [0, 0]},
						{"origin": [3.46313, 12.67495, 7.91071], "size": [0.58, 29.58, 6.1124], "uv": [0, 0]},
						{"origin": [-4.14984, 12.67495, 6.55598], "size": [5.58, 29.58, 1.4616], "pivot": [-4.08748, 27.47495, 5.35493], "rotation": [0, -15, 0], "uv": [0, 0]},
						{"origin": [-3.17088, 12.67495, 5.15727], "size": [5.58, 29.58, 1.4616], "pivot": [-3.59088, 27.47495, 4.15602], "rotation": [0, -30, 0], "uv": [0, 0]},
						{"origin": [-1.96669, 12.67495, 3.80991], "size": [4.58, 29.58, 1.4616], "pivot": [-2.8009, 27.47495, 3.1265], "rotation": [0, -45, 0], "uv": [0, 0]},
						{"origin": [-0.61933, 12.67495, 2.60572], "size": [4.58, 29.58, 1.4616], "pivot": [-1.77138, 27.47495, 2.33652], "rotation": [0, -60, 0], "uv": [0, 0]},
						{"origin": [0.77938, 12.67495, 2.62676], "size": [5.58, 29.58, 0.4616], "pivot": [-0.57247, 27.47495, 1.83992], "rotation": [0, -75, 0], "uv": [0, 0]}
					]
				},
				{
					"name": "bone44",
					"parent": "bone43",
					"pivot": [-8.82, 23.84, -1.9],
					"cubes": [
						{"origin": [-4.14984, 11.67495, 6.55598], "size": [0.58, 30.08, 1.4616], "pivot": [-4.08748, 26.47495, 5.35493], "rotation": [0, -15, 0], "uv": [0, 0]},
						{"origin": [-3.17088, 11.67495, 5.15727], "size": [0.58, 30.08, 1.4616], "pivot": [-3.59088, 26.47495, 4.15602], "rotation": [0, -30, 0], "uv": [0, 0]},
						{"origin": [-1.96669, 11.67495, 3.80991], "size": [0.58, 30.08, 1.4616], "pivot": [-2.8009, 26.47495, 3.1265], "rotation": [0, -45, 0], "uv": [0, 0]},
						{"origin": [-0.61933, 11.67495, 2.60572], "size": [0.58, 30.08, 1.4616], "pivot": [-1.77138, 26.47495, 2.33652], "rotation": [0, -60, 0], "uv": [0, 0]},
						{"origin": [0.77938, 11.67495, 2.62676], "size": [0.58, 30.08, 0.4616], "pivot": [-0.57247, 26.47495, 1.83992], "rotation": [0, -75, 0], "uv": [0, 0]}
					]
				},
				{
					"name": "bone45",
					"parent": "bone44",
					"pivot": [-5.1156, 23.84, -1.9],
					"cubes": [
						{"origin": [2.70719, 11.67495, 6.55598], "size": [0.58, 30.08, 1.4616], "pivot": [3.22483, 26.47495, 5.35493], "rotation": [0, 15, 0], "uv": [0, 0], "mirror": true},
						{"origin": [1.72822, 11.67495, 5.15727], "size": [0.58, 30.08, 1.4616], "pivot": [2.72822, 26.47495, 4.15602], "rotation": [0, 30, 0], "uv": [0, 0], "mirror": true},
						{"origin": [0.52403, 11.67495, 3.80991], "size": [0.58, 30.08, 1.4616], "pivot": [1.93824, 26.47495, 3.1265], "rotation": [0, 45, 0], "uv": [0, 0], "mirror": true},
						{"origin": [-0.82333, 11.67495, 2.60572], "size": [0.58, 30.08, 1.4616], "pivot": [0.90872, 26.47495, 2.33652], "rotation": [0, 60, 0], "uv": [0, 0], "mirror": true},
						{"origin": [-2.22204, 11.67495, 2.62676], "size": [0.58, 30.08, 0.4616], "pivot": [-0.29019, 26.47495, 1.83992], "rotation": [0, 75, 0], "uv": [0, 0], "mirror": true},
						{"origin": [-0.45182, 11.67495, -0.60145], "size": [0.58, 30.08, 1.1116], "pivot": [1.54818, 26.47495, 1.92935], "rotation": [0, 90, 0], "uv": [0, 0], "mirror": true}
					]
				},
				{
					"name": "bone46",
					"parent": "bone43",
					"pivot": [-8.82, 22.64, -1.9]
				},
				{
					"name": "bone47",
					"parent": "bone46",
					"pivot": [-4.80866, 22.7756, -1.9]
				},
				{
					"name": "bone48",
					"parent": "bone43",
					"pivot": [-5.1156, 25.1, -1.9],
					"cubes": [
						{"origin": [-4.60579, 14.07495, 7.91071], "size": [8.58, 28.18, 9.7124], "uv": [0, 0], "mirror": true},
						{"origin": [-3.29281, 12.67495, 6.55598], "size": [6.58, 29.58, 1.4616], "pivot": [3.22483, 27.47495, 5.35493], "rotation": [0, 15, 0], "uv": [0, 0], "mirror": true},
						{"origin": [-3.27178, 12.67495, 5.15727], "size": [5.58, 29.58, 1.4616], "pivot": [2.72822, 27.47495, 4.15602], "rotation": [0, 30, 0], "uv": [0, 0], "mirror": true},
						{"origin": [-4.47597, 12.67495, 3.80991], "size": [5.58, 29.58, 1.4616], "pivot": [1.93824, 27.47495, 3.1265], "rotation": [0, 45, 0], "uv": [0, 0], "mirror": true},
						{"origin": [-4.82333, 12.67495, 2.60572], "size": [4.58, 29.58, 1.4616], "pivot": [0.90872, 27.47495, 2.33652], "rotation": [0, 60, 0], "uv": [0, 0], "mirror": true},
						{"origin": [-6.22204, 12.67495, 2.62676], "size": [4.58, 29.58, 0.4616], "pivot": [-0.29019, 27.47495, 1.83992], "rotation": [0, 75, 0], "uv": [0, 0], "mirror": true},
						{"origin": [-7.61084, 12.67495, 1.54855], "size": [5.58, 29.58, 1.1116], "pivot": [-0.61084, 27.47495, 1.92935], "rotation": [0, 90, 0], "uv": [0, 0], "mirror": true}
					]
				},
				{
					"name": "bone37",
					"parent": "bone49",
					"pivot": [-7, 25.1, -1.9],
					"rotation": [-75, 0, 0],
					"cubes": [
						{"origin": [-4.82784, 10.19376, 4.25719], "size": [0.58, 0.58, 4.7124], "uv": [0, 0]},
						{"origin": [-4.76134, 10.19376, 2.98415], "size": [5.58, 0.58, 1.4616], "pivot": [-4.07846, 25.20473, 4.09892], "rotation": [0, -15, 0], "uv": [0, 0]},
						{"origin": [-4.36061, 10.19376, 1.82496], "size": [5.58, 0.58, 1.4616], "pivot": [-3.58185, 25.20473, 2.90002], "rotation": [0, -30, 0], "uv": [0, 0]},
						{"origin": [-3.65296, 10.19376, 0.8586], "size": [4.58, 0.58, 1.4616], "pivot": [-2.79187, 25.20473, 1.87049], "rotation": [0, -45, 0], "uv": [0, 0]},
						{"origin": [-2.68661, 10.19376, 0.15095], "size": [4.58, 0.58, 1.4616], "pivot": [-1.76235, 25.20473, 1.08051], "rotation": [0, -60, 0], "uv": [0, 0]},
						{"origin": [-1.52742, 10.19376, 0.75023], "size": [5.58, 0.58, 0.4616], "pivot": [-0.56345, 25.20473, 0.58391], "rotation": [0, -75, 0], "uv": [0, 0]}
					]
				},
				{
					"name": "bone38",
					"parent": "bone37",
					"pivot": [-8.82, 23.84, -1.9],
					"cubes": [
						{"origin": [-4.76134, 9.19376, 2.98415], "size": [0.58, 1.08, 1.4616], "pivot": [-4.07846, 24.20473, 4.09892], "rotation": [0, -15, 0], "uv": [0, 0]},
						{"origin": [-4.36061, 9.19376, 1.82496], "size": [0.58, 1.08, 1.4616], "pivot": [-3.58185, 24.20473, 2.90002], "rotation": [0, -30, 0], "uv": [0, 0]},
						{"origin": [-3.65296, 9.19376, 0.8586], "size": [0.58, 1.08, 1.4616], "pivot": [-2.79187, 24.20473, 1.87049], "rotation": [0, -45, 0], "uv": [0, 0]},
						{"origin": [-2.68661, 9.19376, 0.15095], "size": [0.58, 1.08, 1.4616], "pivot": [-1.76235, 24.20473, 1.08051], "rotation": [0, -60, 0], "uv": [0, 0]},
						{"origin": [-1.52742, 9.19376, 0.75023], "size": [0.58, 1.08, 0.4616], "pivot": [-0.56345, 24.20473, 0.58391], "rotation": [0, -75, 0], "uv": [0, 0]}
					]
				},
				{
					"name": "bone39",
					"parent": "bone38",
					"pivot": [-5.1156, 23.84, -1.9],
					"cubes": [
						{"origin": [3.33673, 9.19376, 2.98415], "size": [0.58, 1.08, 1.4616], "pivot": [3.23385, 24.20473, 4.09892], "rotation": [0, 15, 0], "uv": [0, 0], "mirror": true},
						{"origin": [2.93601, 9.19376, 1.82496], "size": [0.58, 1.08, 1.4616], "pivot": [2.73725, 24.20473, 2.90002], "rotation": [0, 30, 0], "uv": [0, 0], "mirror": true},
						{"origin": [2.22836, 9.19376, 0.8586], "size": [0.58, 1.08, 1.4616], "pivot": [1.94727, 24.20473, 1.87049], "rotation": [0, 45, 0], "uv": [0, 0], "mirror": true},
						{"origin": [1.26201, 9.19376, 0.15095], "size": [0.58, 1.08, 1.4616], "pivot": [0.91775, 24.20473, 1.08051], "rotation": [0, 60, 0], "uv": [0, 0], "mirror": true},
						{"origin": [0.10281, 9.19376, 0.75023], "size": [0.58, 1.08, 0.4616], "pivot": [-0.28116, 24.20473, 0.58391], "rotation": [0, 75, 0], "uv": [0, 0], "mirror": true},
						{"origin": [1.95473, 9.19376, -1.85745], "size": [0.58, 1.08, 1.1116], "pivot": [1.55721, 24.20473, 0.67335], "rotation": [0, 90, 0], "uv": [0, 0], "mirror": true}
					]
				},
				{
					"name": "bone40",
					"parent": "bone37",
					"pivot": [-8.82, 22.64, -1.9]
				},
				{
					"name": "bone41",
					"parent": "bone40",
					"pivot": [-4.80866, 22.7756, -1.9]
				},
				{
					"name": "bone42",
					"parent": "bone37",
					"pivot": [-5.1156, 25.1, -1.9],
					"cubes": [
						{"origin": [-4.59676, 10.19376, 4.25719], "size": [8.58, 0.58, 4.7124], "uv": [0, 0], "mirror": true},
						{"origin": [-2.66327, 10.19376, 2.98415], "size": [6.58, 0.58, 1.4616], "pivot": [3.23385, 25.20473, 4.09892], "rotation": [0, 15, 0], "uv": [0, 0], "mirror": true},
						{"origin": [-2.06399, 10.19376, 1.82496], "size": [5.58, 0.58, 1.4616], "pivot": [2.73725, 25.20473, 2.90002], "rotation": [0, 30, 0], "uv": [0, 0], "mirror": true},
						{"origin": [-2.77164, 10.19376, 0.8586], "size": [5.58, 0.58, 1.4616], "pivot": [1.94727, 25.20473, 1.87049], "rotation": [0, 45, 0], "uv": [0, 0], "mirror": true},
						{"origin": [-2.73799, 10.19376, 0.15095], "size": [4.58, 0.58, 1.4616], "pivot": [0.91775, 25.20473, 1.08051], "rotation": [0, 60, 0], "uv": [0, 0], "mirror": true},
						{"origin": [-3.89719, 10.19376, 0.75023], "size": [4.58, 0.58, 0.4616], "pivot": [-0.28116, 25.20473, 0.58391], "rotation": [0, 75, 0], "uv": [0, 0], "mirror": true},
						{"origin": [-5.2043, 10.19376, 0.29255], "size": [5.58, 0.58, 1.1116], "pivot": [-0.60182, 25.20473, 0.67335], "rotation": [0, 90, 0], "uv": [0, 0], "mirror": true}
					]
				},
				{
					"name": "bone31",
					"parent": "bone49",
					"pivot": [-7, 25.1, -1.9],
					"rotation": [-60, 0, 0],
					"cubes": [
						{"origin": [-4.82784, 9.24272, 0.08597], "size": [0.58, 0.58, 4.7124], "uv": [0, 0]},
						{"origin": [-5.37485, 9.24272, -1.1063], "size": [5.58, 0.58, 1.4616], "pivot": [-4.07846, 23.83695, 2.29814], "rotation": [0, -15, 0], "uv": [0, 0]},
						{"origin": [-5.54582, 9.24272, -2.02869], "size": [5.58, 0.58, 1.4616], "pivot": [-3.58185, 23.83695, 1.09923], "rotation": [0, -30, 0], "uv": [0, 0]},
						{"origin": [-5.3291, 9.24272, -2.61832], "size": [4.58, 0.58, 1.4616], "pivot": [-2.79187, 23.83695, 0.06971], "rotation": [0, -45, 0], "uv": [0, 0]},
						{"origin": [-4.73947, 9.24272, -2.83504], "size": [4.58, 0.58, 1.4616], "pivot": [-1.76235, 23.83695, -0.72027], "rotation": [0, -60, 0], "uv": [0, 0]},
						{"origin": [-3.81709, 9.24272, -1.66406], "size": [5.58, 0.58, 0.4616], "pivot": [-0.56345, 23.83695, -1.21687], "rotation": [0, -75, 0], "uv": [0, 0]}
					]
				},
				{
					"name": "bone32",
					"parent": "bone31",
					"pivot": [-8.82, 23.84, -1.9],
					"cubes": [
						{"origin": [-4.82784, 8.24272, 0.08597], "size": [0.58, 1.08, 4.7124], "uv": [0, 0]},
						{"origin": [-5.37485, 8.24272, -1.1063], "size": [0.58, 1.08, 1.4616], "pivot": [-4.07846, 22.83695, 2.29814], "rotation": [0, -15, 0], "uv": [0, 0]},
						{"origin": [-5.54582, 8.24272, -2.02869], "size": [0.58, 1.08, 1.4616], "pivot": [-3.58185, 22.83695, 1.09923], "rotation": [0, -30, 0], "uv": [0, 0]},
						{"origin": [-5.3291, 8.24272, -2.61832], "size": [0.58, 1.08, 1.4616], "pivot": [-2.79187, 22.83695, 0.06971], "rotation": [0, -45, 0], "uv": [0, 0]},
						{"origin": [-4.73947, 8.24272, -2.83504], "size": [0.58, 1.08, 1.4616], "pivot": [-1.76235, 22.83695, -0.72027], "rotation": [0, -60, 0], "uv": [0, 0]},
						{"origin": [-3.81709, 8.24272, -1.66406], "size": [0.58, 1.08, 0.4616], "pivot": [-0.56345, 22.83695, -1.21687], "rotation": [0, -75, 0], "uv": [0, 0]}
					]
				},
				{
					"name": "bone33",
					"parent": "bone32",
					"pivot": [-5.1156, 23.84, -1.9],
					"cubes": [
						{"origin": [3.40324, 8.24272, 0.08597], "size": [0.58, 1.08, 4.7124], "uv": [0, 0], "mirror": true},
						{"origin": [3.95024, 8.24272, -1.1063], "size": [0.58, 1.08, 1.4616], "pivot": [3.23385, 22.83695, 2.29814], "rotation": [0, 15, 0], "uv": [0, 0], "mirror": true},
						{"origin": [4.12122, 8.24272, -2.02869], "size": [0.58, 1.08, 1.4616], "pivot": [2.73725, 22.83695, 1.09923], "rotation": [0, 30, 0], "uv": [0, 0], "mirror": true},
						{"origin": [3.9045, 8.24272, -2.61832], "size": [0.58, 1.08, 1.4616], "pivot": [1.94727, 22.83695, 0.06971], "rotation": [0, 45, 0], "uv": [0, 0], "mirror": true},
						{"origin": [3.31487, 8.24272, -2.83504], "size": [0.58, 1.08, 1.4616], "pivot": [0.91775, 22.83695, -0.72027], "rotation": [0, 60, 0], "uv": [0, 0], "mirror": true},
						{"origin": [2.39248, 8.24272, -1.66406], "size": [0.58, 1.08, 0.4616], "pivot": [-0.28116, 22.83695, -1.21687], "rotation": [0, 75, 0], "uv": [0, 0], "mirror": true},
						{"origin": [4.32516, 8.24272, -3.65824], "size": [0.58, 1.08, 1.1116], "pivot": [1.55721, 22.83695, -1.12744], "rotation": [0, 90, 0], "uv": [0, 0], "mirror": true}
					]
				},
				{
					"name": "bone34",
					"parent": "bone31",
					"pivot": [-8.82, 22.64, -1.9]
				},
				{
					"name": "bone35",
					"parent": "bone34",
					"pivot": [-4.80866, 22.7756, -1.9]
				},
				{
					"name": "bone36",
					"parent": "bone31",
					"pivot": [-5.1156, 25.1, -1.9],
					"cubes": [
						{"origin": [-4.59676, 9.24272, 0.08597], "size": [8.58, 0.58, 4.7124], "uv": [0, 0], "mirror": true},
						{"origin": [-2.04976, 9.24272, -1.1063], "size": [6.58, 0.58, 1.4616], "pivot": [3.23385, 23.83695, 2.29814], "rotation": [0, 15, 0], "uv": [0, 0], "mirror": true},
						{"origin": [-0.87878, 9.24272, -2.02869], "size": [5.58, 0.58, 1.4616], "pivot": [2.73725, 23.83695, 1.09923], "rotation": [0, 30, 0], "uv": [0, 0], "mirror": true},
						{"origin": [-1.0955, 9.24272, -2.61832], "size": [5.58, 0.58, 1.4616], "pivot": [1.94727, 23.83695, 0.06971], "rotation": [0, 45, 0], "uv": [0, 0], "mirror": true},
						{"origin": [-0.68513, 9.24272, -2.83504], "size": [4.58, 0.58, 1.4616], "pivot": [0.91775, 23.83695, -0.72027], "rotation": [0, 60, 0], "uv": [0, 0], "mirror": true},
						{"origin": [-1.60752, 9.24272, -1.66406], "size": [4.58, 0.58, 0.4616], "pivot": [-0.28116, 23.83695, -1.21687], "rotation": [0, 75, 0], "uv": [0, 0], "mirror": true},
						{"origin": [-2.83387, 9.24272, -1.50824], "size": [5.58, 0.58, 1.1116], "pivot": [-0.60182, 23.83695, -1.12744], "rotation": [0, 90, 0], "uv": [0, 0], "mirror": true}
					]
				},
				{
					"name": "bone25",
					"parent": "bone49",
					"pivot": [-7, 25.1, -1.9],
					"rotation": [-45, 0, 0],
					"cubes": [
						{"origin": [-4.82784, 8.90367, -4.18926], "size": [0.58, 0.58, 4.7124], "uv": [0, 0]},
						{"origin": [-5.93955, 8.90367, -5.30719], "size": [5.58, 0.58, 1.4616], "pivot": [-4.07846, 22.48185, 0.2047], "rotation": [0, -15, 0], "uv": [0, 0]},
						{"origin": [-6.63672, 8.90367, -6.01161], "size": [5.58, 0.58, 1.4616], "pivot": [-3.58185, 22.48185, -0.9942], "rotation": [0, -30, 0], "uv": [0, 0]},
						{"origin": [-6.87187, 8.90367, -6.25452], "size": [4.58, 0.58, 1.4616], "pivot": [-2.79187, 22.48185, -2.02372], "rotation": [0, -45, 0], "uv": [0, 0]},
						{"origin": [-6.62896, 8.90367, -6.01937], "size": [4.58, 0.58, 1.4616], "pivot": [-1.76235, 22.48185, -2.8137], "rotation": [0, -60, 0], "uv": [0, 0]},
						{"origin": [-5.92454, 8.90367, -4.3222], "size": [5.58, 0.58, 0.4616], "pivot": [-0.56345, 22.48185, -3.31031], "rotation": [0, -75, 0], "uv": [0, 0]}
					]
				},
				{
					"name": "bone26",
					"parent": "bone25",
					"pivot": [-8.82, 23.84, -1.9],
					"cubes": [
						{"origin": [-4.82784, 7.90367, -4.18926], "size": [0.58, 1.08, 4.7124], "uv": [0, 0]},
						{"origin": [-5.93955, 7.90367, -5.30719], "size": [0.58, 1.08, 1.4616], "pivot": [-4.07846, 21.48185, 0.2047], "rotation": [0, -15, 0], "uv": [0, 0]},
						{"origin": [-6.63672, 7.90367, -6.01161], "size": [0.58, 1.08, 1.4616], "pivot": [-3.58185, 21.48185, -0.9942], "rotation": [0, -30, 0], "uv": [0, 0]},
						{"origin": [-6.87187, 7.90367, -6.25452], "size": [0.58, 1.08, 1.4616], "pivot": [-2.79187, 21.48185, -2.02372], "rotation": [0, -45, 0], "uv": [0, 0]},
						{"origin": [-6.62896, 7.90367, -6.01937], "size": [0.58, 1.08, 1.4616], "pivot": [-1.76235, 21.48185, -2.8137], "rotation": [0, -60, 0], "uv": [0, 0]},
						{"origin": [-5.92454, 7.90367, -4.3222], "size": [0.58, 1.08, 0.4616], "pivot": [-0.56345, 21.48185, -3.31031], "rotation": [0, -75, 0], "uv": [0, 0]}
					]
				},
				{
					"name": "bone27",
					"parent": "bone26",
					"pivot": [-5.1156, 23.84, -1.9],
					"cubes": [
						{"origin": [3.40324, 7.90367, -4.18926], "size": [0.58, 1.08, 4.7124], "uv": [0, 0], "mirror": true},
						{"origin": [4.51494, 7.90367, -5.30719], "size": [0.58, 1.08, 1.4616], "pivot": [3.23385, 21.48185, 0.2047], "rotation": [0, 15, 0], "uv": [0, 0], "mirror": true},
						{"origin": [5.21212, 7.90367, -6.01161], "size": [0.58, 1.08, 1.4616], "pivot": [2.73725, 21.48185, -0.9942], "rotation": [0, 30, 0], "uv": [0, 0], "mirror": true},
						{"origin": [5.44727, 7.90367, -6.25452], "size": [0.58, 1.08, 1.4616], "pivot": [1.94727, 21.48185, -2.02372], "rotation": [0, 45, 0], "uv": [0, 0], "mirror": true},
						{"origin": [5.20436, 7.90367, -6.01937], "size": [0.58, 1.08, 1.4616], "pivot": [0.91775, 21.48185, -2.8137], "rotation": [0, 60, 0], "uv": [0, 0], "mirror": true},
						{"origin": [4.49993, 7.90367, -4.3222], "size": [0.58, 1.08, 0.4616], "pivot": [-0.28116, 21.48185, -3.31031], "rotation": [0, 75, 0], "uv": [0, 0], "mirror": true},
						{"origin": [6.50696, 7.90367, -5.75167], "size": [0.58, 1.08, 1.1116], "pivot": [1.55721, 21.48185, -3.22087], "rotation": [0, 90, 0], "uv": [0, 0], "mirror": true}
					]
				},
				{
					"name": "bone28",
					"parent": "bone25",
					"pivot": [-8.82, 22.64, -1.9]
				},
				{
					"name": "bone29",
					"parent": "bone28",
					"pivot": [-4.80866, 22.7756, -1.9]
				},
				{
					"name": "bone30",
					"parent": "bone25",
					"pivot": [-5.1156, 25.1, -1.9],
					"cubes": [
						{"origin": [-4.59676, 8.90367, -4.18926], "size": [8.58, 0.58, 4.7124], "uv": [0, 0], "mirror": true},
						{"origin": [-1.48506, 8.90367, -5.30719], "size": [6.58, 0.58, 1.4616], "pivot": [3.23385, 22.48185, 0.2047], "rotation": [0, 15, 0], "uv": [0, 0], "mirror": true},
						{"origin": [0.21212, 8.90367, -6.01161], "size": [5.58, 0.58, 1.4616], "pivot": [2.73725, 22.48185, -0.9942], "rotation": [0, 30, 0], "uv": [0, 0], "mirror": true},
						{"origin": [0.44727, 8.90367, -6.25452], "size": [5.58, 0.58, 1.4616], "pivot": [1.94727, 22.48185, -2.02372], "rotation": [0, 45, 0], "uv": [0, 0], "mirror": true},
						{"origin": [1.20436, 8.90367, -6.01937], "size": [4.58, 0.58, 1.4616], "pivot": [0.91775, 22.48185, -2.8137], "rotation": [0, 60, 0], "uv": [0, 0], "mirror": true},
						{"origin": [0.49993, 8.90367, -4.3222], "size": [4.58, 0.58, 0.4616], "pivot": [-0.28116, 22.48185, -3.31031], "rotation": [0, 75, 0], "uv": [0, 0], "mirror": true},
						{"origin": [-0.65207, 8.90367, -3.60167], "size": [5.58, 0.58, 1.1116], "pivot": [-0.60182, 22.48185, -3.22087], "rotation": [0, 90, 0], "uv": [0, 0], "mirror": true}
					]
				},
				{
					"name": "bone19",
					"parent": "bone49",
					"pivot": [-7, 25.1, -1.9],
					"rotation": [-30, 0, 0],
					"cubes": [
						{"origin": [-4.82784, 9.6827, -8.40657], "size": [0.58, 0.58, 4.7124], "uv": [0, 0]},
						{"origin": [-6.41694, 9.6827, -9.46164], "size": [5.58, 0.58, 1.4616], "pivot": [-4.07846, 21.71475, -2.16812], "rotation": [0, -15, 0], "uv": [0, 0]},
						{"origin": [-7.55897, 9.6827, -9.9818], "size": [5.58, 0.58, 1.4616], "pivot": [-3.58185, 21.71475, -3.36703], "rotation": [0, -30, 0], "uv": [0, 0]},
						{"origin": [-8.17611, 9.6827, -9.93159], "size": [4.58, 0.58, 1.4616], "pivot": [-2.79187, 21.71475, -4.39655], "rotation": [0, -45, 0], "uv": [0, 0]},
						{"origin": [-8.22632, 9.6827, -9.31445], "size": [4.58, 0.58, 1.4616], "pivot": [-1.76235, 21.71475, -5.18653], "rotation": [0, -60, 0], "uv": [0, 0]},
						{"origin": [-7.70617, 9.6827, -7.17241], "size": [5.58, 0.58, 0.4616], "pivot": [-0.56345, 21.71475, -5.68313], "rotation": [0, -75, 0], "uv": [0, 0]}
					]
				},
				{
					"name": "bone20",
					"parent": "bone19",
					"pivot": [-8.82, 23.84, -1.9],
					"cubes": [
						{"origin": [-4.82784, 8.6827, -8.40657], "size": [0.58, 1.08, 4.7124], "uv": [0, 0]},
						{"origin": [-6.41694, 8.6827, -9.46164], "size": [0.58, 1.08, 1.4616], "pivot": [-4.07846, 20.71475, -2.16812], "rotation": [0, -15, 0], "uv": [0, 0]},
						{"origin": [-7.55897, 8.6827, -9.9818], "size": [0.58, 1.08, 1.4616], "pivot": [-3.58185, 20.71475, -3.36703], "rotation": [0, -30, 0], "uv": [0, 0]},
						{"origin": [-8.17611, 8.6827, -9.93159], "size": [0.58, 1.08, 1.4616], "pivot": [-2.79187, 20.71475, -4.39655], "rotation": [0, -45, 0], "uv": [0, 0]},
						{"origin": [-8.22632, 8.6827, -9.31445], "size": [0.58, 1.08, 1.4616], "pivot": [-1.76235, 20.71475, -5.18653], "rotation": [0, -60, 0], "uv": [0, 0]},
						{"origin": [-7.70617, 8.6827, -7.17241], "size": [0.58, 1.08, 0.4616], "pivot": [-0.56345, 20.71475, -5.68313], "rotation": [0, -75, 0], "uv": [0, 0]}
					]
				},
				{
					"name": "bone21",
					"parent": "bone20",
					"pivot": [-5.1156, 23.84, -1.9],
					"cubes": [
						{"origin": [3.40324, 8.6827, -8.40657], "size": [0.58, 1.08, 4.7124], "uv": [0, 0], "mirror": true},
						{"origin": [4.99233, 8.6827, -9.46164], "size": [0.58, 1.08, 1.4616], "pivot": [3.23385, 20.71475, -2.16812], "rotation": [0, 15, 0], "uv": [0, 0], "mirror": true},
						{"origin": [6.13437, 8.6827, -9.9818], "size": [0.58, 1.08, 1.4616], "pivot": [2.73725, 20.71475, -3.36703], "rotation": [0, 30, 0], "uv": [0, 0], "mirror": true},
						{"origin": [6.75151, 8.6827, -9.93159], "size": [0.58, 1.08, 1.4616], "pivot": [1.94727, 20.71475, -4.39655], "rotation": [0, 45, 0], "uv": [0, 0], "mirror": true},
						{"origin": [6.80172, 8.6827, -9.31445], "size": [0.58, 1.08, 1.4616], "pivot": [0.91775, 20.71475, -5.18653], "rotation": [0, 60, 0], "uv": [0, 0], "mirror": true},
						{"origin": [6.28156, 8.6827, -7.17241], "size": [0.58, 1.08, 0.4616], "pivot": [-0.28116, 20.71475, -5.68313], "rotation": [0, 75, 0], "uv": [0, 0], "mirror": true},
						{"origin": [8.35144, 8.6827, -8.12449], "size": [0.58, 1.08, 1.1116], "pivot": [1.55721, 20.71475, -5.59369], "rotation": [0, 90, 0], "uv": [0, 0], "mirror": true}
					]
				},
				{
					"name": "bone22",
					"parent": "bone19",
					"pivot": [-8.82, 22.64, -1.9]
				},
				{
					"name": "bone23",
					"parent": "bone22",
					"pivot": [-4.80866, 22.7756, -1.9]
				},
				{
					"name": "bone24",
					"parent": "bone19",
					"pivot": [-5.1156, 25.1, -1.9],
					"cubes": [
						{"origin": [-4.59676, 9.6827, -8.40657], "size": [8.58, 0.58, 4.7124], "uv": [0, 0], "mirror": true},
						{"origin": [-1.00767, 9.6827, -9.46164], "size": [6.58, 0.58, 1.4616], "pivot": [3.23385, 21.71475, -2.16812], "rotation": [0, 15, 0], "uv": [0, 0], "mirror": true},
						{"origin": [1.13437, 9.6827, -9.9818], "size": [5.58, 0.58, 1.4616], "pivot": [2.73725, 21.71475, -3.36703], "rotation": [0, 30, 0], "uv": [0, 0], "mirror": true},
						{"origin": [1.75151, 9.6827, -9.93159], "size": [5.58, 0.58, 1.4616], "pivot": [1.94727, 21.71475, -4.39655], "rotation": [0, 45, 0], "uv": [0, 0], "mirror": true},
						{"origin": [2.80172, 9.6827, -9.31445], "size": [4.58, 0.58, 1.4616], "pivot": [0.91775, 21.71475, -5.18653], "rotation": [0, 60, 0], "uv": [0, 0], "mirror": true},
						{"origin": [2.28156, 9.6827, -7.17241], "size": [4.58, 0.58, 0.4616], "pivot": [-0.28116, 21.71475, -5.68313], "rotation": [0, 75, 0], "uv": [0, 0], "mirror": true},
						{"origin": [1.19241, 9.6827, -5.97449], "size": [5.58, 0.58, 1.1116], "pivot": [-0.60182, 21.71475, -5.59369], "rotation": [0, 90, 0], "uv": [0, 0], "mirror": true}
					]
				},
				{
					"name": "bone13",
					"parent": "bone49",
					"pivot": [-7, 25.1, -1.9],
					"rotation": [-15, 0, 0],
					"cubes": [
						{"origin": [-4.81881, 11.52669, -12.27855], "size": [0.58, 0.58, 4.7124], "uv": [0, 0]},
						{"origin": [-6.76546, 11.52669, -13.28655], "size": [5.58, 0.58, 1.4616], "pivot": [-4.06943, 21.58792, -4.65863], "rotation": [0, -15, 0], "uv": [0, 0]},
						{"origin": [-8.24068, 11.52669, -13.6687], "size": [5.58, 0.58, 1.4616], "pivot": [-3.57283, 21.58792, -5.85754], "rotation": [0, -30, 0], "uv": [0, 0]},
						{"origin": [-9.14394, 11.52669, -13.39895], "size": [4.58, 0.58, 1.4616], "pivot": [-2.78285, 21.58792, -6.88706], "rotation": [0, -45, 0], "uv": [0, 0]},
						{"origin": [-9.41368, 11.52669, -12.49569], "size": [4.58, 0.58, 1.4616], "pivot": [-1.75332, 21.58792, -7.67704], "rotation": [0, -60, 0], "uv": [0, 0]},
						{"origin": [-9.03154, 11.52669, -10.02048], "size": [5.58, 0.58, 0.4616], "pivot": [-0.55442, 21.58792, -8.17365], "rotation": [0, -75, 0], "uv": [0, 0]}
					]
				},
				{
					"name": "bone14",
					"parent": "bone13",
					"pivot": [-8.82, 23.84, -1.9],
					"cubes": [
						{"origin": [-4.81881, 10.52669, -12.27855], "size": [0.58, 1.08, 4.7124], "uv": [0, 0]},
						{"origin": [-6.76546, 10.52669, -13.28655], "size": [0.58, 1.08, 1.4616], "pivot": [-4.06943, 20.58792, -4.65863], "rotation": [0, -15, 0], "uv": [0, 0]},
						{"origin": [-8.24068, 10.52669, -13.6687], "size": [0.58, 1.08, 1.4616], "pivot": [-3.57283, 20.58792, -5.85754], "rotation": [0, -30, 0], "uv": [0, 0]},
						{"origin": [-9.14394, 10.52669, -13.39895], "size": [0.58, 1.08, 1.4616], "pivot": [-2.78285, 20.58792, -6.88706], "rotation": [0, -45, 0], "uv": [0, 0]},
						{"origin": [-9.41368, 10.52669, -12.49569], "size": [0.58, 1.08, 1.4616], "pivot": [-1.75332, 20.58792, -7.67704], "rotation": [0, -60, 0], "uv": [0, 0]},
						{"origin": [-9.03154, 10.52669, -10.02048], "size": [0.58, 1.08, 0.4616], "pivot": [-0.55442, 20.58792, -8.17365], "rotation": [0, -75, 0], "uv": [0, 0]}
					]
				},
				{
					"name": "bone15",
					"parent": "bone14",
					"pivot": [-5.1156, 23.84, -1.9],
					"cubes": [
						{"origin": [3.41226, 10.52669, -12.27855], "size": [0.58, 1.08, 4.7124], "uv": [0, 0], "mirror": true},
						{"origin": [5.35891, 10.52669, -13.28655], "size": [0.58, 1.08, 1.4616], "pivot": [3.24288, 20.58792, -4.65863], "rotation": [0, 15, 0], "uv": [0, 0], "mirror": true},
						{"origin": [6.83413, 10.52669, -13.6687], "size": [0.58, 1.08, 1.4616], "pivot": [2.74628, 20.58792, -5.85754], "rotation": [0, 30, 0], "uv": [0, 0], "mirror": true},
						{"origin": [7.73739, 10.52669, -13.39895], "size": [0.58, 1.08, 1.4616], "pivot": [1.9563, 20.58792, -6.88706], "rotation": [0, 45, 0], "uv": [0, 0], "mirror": true},
						{"origin": [8.00714, 10.52669, -12.49569], "size": [0.58, 1.08, 1.4616], "pivot": [0.92678, 20.58792, -7.67704], "rotation": [0, 60, 0], "uv": [0, 0], "mirror": true},
						{"origin": [7.62499, 10.52669, -10.02048], "size": [0.58, 1.08, 0.4616], "pivot": [-0.27213, 20.58792, -8.17365], "rotation": [0, 75, 0], "uv": [0, 0], "mirror": true},
						{"origin": [9.74194, 10.52669, -10.61501], "size": [0.58, 1.08, 1.1116], "pivot": [1.56624, 20.58792, -8.08421], "rotation": [0, 90, 0], "uv": [0, 0], "mirror": true}
					]
				},
				{
					"name": "bone16",
					"parent": "bone13",
					"pivot": [-8.82, 22.64, -1.9]
				},
				{
					"name": "bone17",
					"parent": "bone16",
					"pivot": [-4.80866, 22.7756, -1.9]
				},
				{
					"name": "bone18",
					"parent": "bone13",
					"pivot": [-5.1156, 25.1, -1.9],
					"cubes": [
						{"origin": [-4.58774, 11.52669, -12.27855], "size": [8.58, 0.58, 4.7124], "uv": [0, 0], "mirror": true},
						{"origin": [-0.64109, 11.52669, -13.28655], "size": [6.58, 0.58, 1.4616], "pivot": [3.24288, 21.58792, -4.65863], "rotation": [0, 15, 0], "uv": [0, 0], "mirror": true},
						{"origin": [1.83413, 11.52669, -13.6687], "size": [5.58, 0.58, 1.4616], "pivot": [2.74628, 21.58792, -5.85754], "rotation": [0, 30, 0], "uv": [0, 0], "mirror": true},
						{"origin": [2.73739, 11.52669, -13.39895], "size": [5.58, 0.58, 1.4616], "pivot": [1.9563, 21.58792, -6.88706], "rotation": [0, 45, 0], "uv": [0, 0], "mirror": true},
						{"origin": [4.00714, 11.52669, -12.49569], "size": [4.58, 0.58, 1.4616], "pivot": [0.92678, 21.58792, -7.67704], "rotation": [0, 60, 0], "uv": [0, 0], "mirror": true},
						{"origin": [3.62499, 11.52669, -10.02048], "size": [4.58, 0.58, 0.4616], "pivot": [-0.27213, 21.58792, -8.17365], "rotation": [0, 75, 0], "uv": [0, 0], "mirror": true},
						{"origin": [2.58291, 11.52669, -8.46501], "size": [5.58, 0.58, 1.1116], "pivot": [-0.59279, 21.58792, -8.08421], "rotation": [0, 90, 0], "uv": [0, 0], "mirror": true}
					]
				},
				{
					"name": "bone50",
					"parent": "battai",
					"pivot": [0.25, 17, 15],
					"rotation": [22.5, 0, 0]
				},
				{
					"name": "bone51",
					"parent": "bone50",
					"pivot": [-6.75, -8.1, 13.1],
					"rotation": [90, 0, 0],
					"cubes": [
						{"origin": [-4.83687, 6.60659, 37.4822], "size": [0.58, 13.48, 4.7124], "uv": [0, 0]},
						{"origin": [3.46313, 6.60659, 37.4822], "size": [0.58, 13.48, 4.7124], "uv": [0, 0]},
						{"origin": [-4.19529, 6.61198, 36.18562], "size": [5.58, 13.58, 0], "pivot": [-4.02846, 5.3117, 35.37442], "rotation": [0, -15, 0], "uv": [0, 0]},
						{"origin": [-3.31366, 6.61198, 34.82724], "size": [4.08, 13.58, 1.4616], "pivot": [-3.53185, 5.3117, 34.17552], "rotation": [0, -30, 0], "uv": [0, 0]},
						{"origin": [-2.19306, 6.61198, 33.54401], "size": [4.58, 13.58, 1.4616], "pivot": [-2.74187, 5.3117, 33.146], "rotation": [0, -45, 0], "uv": [0, 0]},
						{"origin": [-0.90983, 6.61198, 32.4234], "size": [4.58, 13.58, 1.4616], "pivot": [-1.71235, 5.3117, 32.35601], "rotation": [0, -60, 0], "uv": [0, 0]},
						{"origin": [0.44855, 6.61198, 32.54178], "size": [5.18, 13.58, 0.4616], "pivot": [-0.51345, 5.3117, 31.85941], "rotation": [0, -75, 0], "uv": [0, 0]}
					]
				},
				{
					"name": "bone52",
					"parent": "bone51",
					"pivot": [-8.57, -6.84, 13.1],
					"cubes": [
						{"origin": [-4.19529, 7.11198, 36.18562], "size": [0.58, 14.08, 1.4616], "pivot": [-4.02846, 6.3117, 35.37442], "rotation": [0, -15, 0], "uv": [0, 0]},
						{"origin": [-3.31366, 7.11198, 34.82724], "size": [0.58, 14.08, 1.4616], "pivot": [-3.53185, 6.3117, 34.17552], "rotation": [0, -30, 0], "uv": [0, 0]},
						{"origin": [-2.19306, 7.11198, 33.54401], "size": [0.58, 14.08, 1.4616], "pivot": [-2.74187, 6.3117, 33.146], "rotation": [0, -45, 0], "uv": [0, 0]},
						{"origin": [-0.90983, 7.11198, 32.4234], "size": [0.58, 14.08, 1.4616], "pivot": [-1.71235, 6.3117, 32.35601], "rotation": [0, -60, 0], "uv": [0, 0]},
						{"origin": [0.44855, 7.11198, 32.54178], "size": [0.58, 14.08, 0.4616], "pivot": [-0.51345, 6.3117, 31.85941], "rotation": [0, -75, 0], "uv": [0, 0]}
					]
				},
				{
					"name": "bone53",
					"parent": "bone52",
					"pivot": [-4.8656, -6.84, 13.1],
					"cubes": [
						{"origin": [2.87068, 7.11198, 36.18562], "size": [0.58, 14.08, 1.4616], "pivot": [3.28385, 6.3117, 35.37442], "rotation": [0, 15, 0], "uv": [0, 0], "mirror": true},
						{"origin": [3.45324, 7.11198, 37.5266], "size": [0.58, 14.08, 1.4616], "uv": [0, 0], "mirror": true},
						{"origin": [1.98906, 7.11198, 34.82724], "size": [0.58, 14.08, 1.4616], "pivot": [2.78725, 6.3117, 34.17552], "rotation": [0, 30, 0], "uv": [0, 0], "mirror": true},
						{"origin": [0.86846, 7.11198, 33.54401], "size": [0.58, 14.08, 1.4616], "pivot": [1.99727, 6.3117, 33.146], "rotation": [0, 45, 0], "uv": [0, 0], "mirror": true},
						{"origin": [-0.41477, 7.11198, 32.4234], "size": [0.58, 14.08, 1.4616], "pivot": [0.96775, 6.3117, 32.35601], "rotation": [0, 60, 0], "uv": [0, 0], "mirror": true},
						{"origin": [-1.77316, 7.11198, 32.54178], "size": [0.58, 14.08, 0.4616], "pivot": [-0.23116, 6.3117, 31.85941], "rotation": [0, 75, 0], "uv": [0, 0], "mirror": true},
						{"origin": [0.01082, 7.11198, 29.41805], "size": [0.58, 14.08, 1.1116], "pivot": [1.60721, 6.3117, 31.94885], "rotation": [0, 90, 0], "uv": [0, 0], "mirror": true}
					]
				},
				{
					"name": "bone54",
					"parent": "bone51",
					"pivot": [-8.57, -5.64, 13.1]
				},
				{
					"name": "bone55",
					"parent": "bone54",
					"pivot": [-4.55866, -5.7756, 13.1]
				},
				{
					"name": "bone56",
					"parent": "bone51",
					"pivot": [-4.8656, -8.1, 13.1],
					"cubes": [
						{"origin": [-1.72932, 6.61198, 36.18562], "size": [5.18, 13.58, 0], "pivot": [3.28385, 5.3117, 35.37442], "rotation": [0, 15, 0], "uv": [0, 0], "mirror": true},
						{"origin": [-3.01094, 6.61198, 34.82724], "size": [5.58, 13.58, 0], "pivot": [2.78725, 5.3117, 34.17552], "rotation": [0, 30, 0], "uv": [0, 0], "mirror": true},
						{"origin": [-4.13154, 6.61198, 33.54401], "size": [5.58, 13.58, 0], "pivot": [1.99727, 5.3117, 33.146], "rotation": [0, 45, 0], "uv": [0, 0], "mirror": true},
						{"origin": [-4.41477, 6.61198, 32.4234], "size": [4.58, 13.58, 1.4616], "pivot": [0.96775, 5.3117, 32.35601], "rotation": [0, 60, 0], "uv": [0, 0], "mirror": true},
						{"origin": [-5.77316, 6.61198, 32.54178], "size": [4.58, 13.58, 0.4616], "pivot": [-0.23116, 5.3117, 31.85941], "rotation": [0, 75, 0], "uv": [0, 0], "mirror": true},
						{"origin": [-6.74821, 6.61198, 31.56805], "size": [5.18, 13.58, 1.1116], "pivot": [-0.55182, 5.3117, 31.94885], "rotation": [0, 90, 0], "uv": [0, 0], "mirror": true}
					]
				},
				{
					"name": "bone57",
					"parent": "bone50",
					"pivot": [-6.75, -8.1, 13.1],
					"rotation": [75, 0, 0],
					"cubes": [
						{"origin": [-4.76881, 25.33538, 29.26839], "size": [0.58, 0.58, 4.7124], "uv": [0, 0]},
						{"origin": [-4.8086, 25.33538, 28.00933], "size": [3.48, 0.58, 1.4616], "pivot": [-4.01943, 10.93133, 29.52075], "rotation": [0, -15, 0], "uv": [0, 0]},
						{"origin": [-4.50691, 25.33538, 26.89117], "size": [4.48, 0.58, 1.4616], "pivot": [-3.52283, 10.93133, 28.32185], "rotation": [0, -30, 0], "uv": [0, 0]},
						{"origin": [-3.8843, 25.33538, 25.99008], "size": [4.58, 0.58, 1.4616], "pivot": [-2.73285, 10.93133, 27.29233], "rotation": [0, -45, 0], "uv": [0, 0]},
						{"origin": [-2.9832, 25.33538, 25.36747], "size": [4.58, 0.58, 1.4616], "pivot": [-1.70332, 10.93133, 26.50235], "rotation": [0, -60, 0], "uv": [0, 0]},
						{"origin": [-1.86504, 25.33538, 26.06577], "size": [5.38, 0.58, 0.4616], "pivot": [-0.50442, 10.93133, 26.00574], "rotation": [0, -75, 0], "uv": [0, 0]}
					]
				},
				{
					"name": "bone58",
					"parent": "bone57",
					"pivot": [-8.57, -6.84, 13.1],
					"cubes": [
						{"origin": [-4.8086, 25.83538, 28.00933], "size": [0.58, 1.08, 1.4616], "pivot": [-4.01943, 11.93133, 29.52075], "rotation": [0, -15, 0], "uv": [0, 0]},
						{"origin": [-4.50691, 25.83538, 26.89117], "size": [0.58, 1.08, 1.4616], "pivot": [-3.52283, 11.93133, 28.32185], "rotation": [0, -30, 0], "uv": [0, 0]},
						{"origin": [-3.8843, 25.83538, 25.99008], "size": [0.58, 1.08, 1.4616], "pivot": [-2.73285, 11.93133, 27.29233], "rotation": [0, -45, 0], "uv": [0, 0]},
						{"origin": [-2.9832, 25.83538, 25.36747], "size": [0.58, 1.08, 1.4616], "pivot": [-1.70332, 11.93133, 26.50235], "rotation": [0, -60, 0], "uv": [0, 0]},
						{"origin": [-1.86504, 25.83538, 26.06577], "size": [0.58, 1.08, 0.4616], "pivot": [-0.50442, 11.93133, 26.00574], "rotation": [0, -75, 0], "uv": [0, 0]}
					]
				},
				{
					"name": "bone59",
					"parent": "bone58",
					"pivot": [-4.8656, -6.84, 13.1],
					"cubes": [
						{"origin": [3.50205, 25.83538, 28.00933], "size": [0.58, 1.08, 1.4616], "pivot": [3.29288, 11.93133, 29.52075], "rotation": [0, 15, 0], "uv": [0, 0], "mirror": true},
						{"origin": [3.20036, 25.83538, 26.89117], "size": [0.58, 1.08, 1.4616], "pivot": [2.79628, 11.93133, 28.32185], "rotation": [0, 30, 0], "uv": [0, 0], "mirror": true},
						{"origin": [2.57775, 25.83538, 25.99008], "size": [0.58, 1.08, 1.4616], "pivot": [2.0063, 11.93133, 27.29233], "rotation": [0, 45, 0], "uv": [0, 0], "mirror": true},
						{"origin": [1.67666, 25.83538, 25.36747], "size": [0.58, 1.08, 1.4616], "pivot": [0.97678, 11.93133, 26.50235], "rotation": [0, 60, 0], "uv": [0, 0], "mirror": true},
						{"origin": [0.55849, 25.83538, 26.06577], "size": [0.58, 1.08, 0.4616], "pivot": [-0.22213, 11.93133, 26.00574], "rotation": [0, 75, 0], "uv": [0, 0], "mirror": true},
						{"origin": [2.42439, 25.83538, 23.56438], "size": [0.58, 1.08, 1.1116], "pivot": [1.61624, 11.93133, 26.09518], "rotation": [0, 90, 0], "uv": [0, 0], "mirror": true}
					]
				},
				{
					"name": "bone60",
					"parent": "bone57",
					"pivot": [-8.57, -5.64, 13.1]
				},
				{
					"name": "bone61",
					"parent": "bone60",
					"pivot": [-4.55866, -5.7756, 13.1]
				},
				{
					"name": "bone62",
					"parent": "bone57",
					"pivot": [-4.8656, -8.1, 13.1],
					"cubes": [
						{"origin": [-2.49795, 25.33538, 28.00933], "size": [6.58, 0.58, 0.5616], "pivot": [3.29288, 10.93133, 29.52075], "rotation": [0, 15, 0], "uv": [0, 0], "mirror": true},
						{"origin": [-0.99964, 25.33538, 26.89117], "size": [4.78, 0.58, 0.9616], "pivot": [2.79628, 10.93133, 28.32185], "rotation": [0, 30, 0], "uv": [0, 0], "mirror": true},
						{"origin": [-2.12225, 25.33538, 25.99008], "size": [5.28, 0.58, 0.7616], "pivot": [2.0063, 10.93133, 27.29233], "rotation": [0, 45, 0], "uv": [0, 0], "mirror": true},
						{"origin": [-2.32334, 25.33538, 25.36747], "size": [4.58, 0.58, 1.4616], "pivot": [0.97678, 10.93133, 26.50235], "rotation": [0, 60, 0], "uv": [0, 0], "mirror": true},
						{"origin": [-3.44151, 25.33538, 26.06577], "size": [4.58, 0.58, 0.4616], "pivot": [-0.22213, 10.93133, 26.00574], "rotation": [0, 75, 0], "uv": [0, 0], "mirror": true},
						{"origin": [-4.23464, 25.33538, 25.71438], "size": [5.08, 0.58, 1.1116], "pivot": [-0.54279, 10.93133, 26.09518], "rotation": [0, 90, 0], "uv": [0, 0], "mirror": true}
					]
				},
				{
					"name": "bone63",
					"parent": "bone50",
					"pivot": [-6.75, -8.1, 13.1],
					"rotation": [60, 0, 0],
					"cubes": [
						{"origin": [-4.76881, 28.22638, 19.81024], "size": [0.58, 0.58, 4.7124], "uv": [0, 0]},
						{"origin": [-5.41668, 28.22638, 18.63125], "size": [5.58, 0.58, 1.4616], "pivot": [-4.01943, 14.34443, 22.41208], "rotation": [0, -15, 0], "uv": [0, 0]},
						{"origin": [-5.68164, 28.22638, 17.74778], "size": [5.58, 0.58, 1.4616], "pivot": [-3.52283, 14.34443, 21.21317], "rotation": [0, -30, 0], "uv": [0, 0]},
						{"origin": [-5.54563, 28.22638, 17.22007], "size": [4.58, 0.58, 1.4616], "pivot": [-2.73285, 14.34443, 20.18365], "rotation": [0, -45, 0], "uv": [0, 0]},
						{"origin": [-5.01791, 28.22638, 17.08406], "size": [4.58, 0.58, 1.4616], "pivot": [-1.70332, 14.34443, 19.39367], "rotation": [0, -60, 0], "uv": [0, 0]},
						{"origin": [-4.13445, 28.22638, 18.34902], "size": [5.58, 0.58, 0.4616], "pivot": [-0.50442, 14.34443, 18.89707], "rotation": [0, -75, 0], "uv": [0, 0]}
					]
				},
				{
					"name": "bone64",
					"parent": "bone63",
					"pivot": [-8.57, -6.84, 13.1],
					"cubes": [
						{"origin": [-5.41668, 28.72638, 18.63125], "size": [0.58, 1.08, 1.4616], "pivot": [-4.01943, 15.34443, 22.41208], "rotation": [0, -15, 0], "uv": [0, 0]},
						{"origin": [-5.68164, 28.72638, 17.74778], "size": [0.58, 1.08, 1.4616], "pivot": [-3.52283, 15.34443, 21.21317], "rotation": [0, -30, 0], "uv": [0, 0]},
						{"origin": [-5.54563, 28.72638, 17.22007], "size": [0.58, 1.08, 1.4616], "pivot": [-2.73285, 15.34443, 20.18365], "rotation": [0, -45, 0], "uv": [0, 0]},
						{"origin": [-5.01791, 28.72638, 17.08406], "size": [0.58, 1.08, 1.4616], "pivot": [-1.70332, 15.34443, 19.39367], "rotation": [0, -60, 0], "uv": [0, 0]},
						{"origin": [-4.13445, 28.72638, 18.34902], "size": [0.58, 1.08, 0.4616], "pivot": [-0.50442, 15.34443, 18.89707], "rotation": [0, -75, 0], "uv": [0, 0]}
					]
				},
				{
					"name": "bone65",
					"parent": "bone64",
					"pivot": [-4.8656, -6.84, 13.1],
					"cubes": [
						{"origin": [3.46226, 28.72638, 19.81024], "size": [0.58, 1.08, 4.7124], "uv": [0, 0], "mirror": true},
						{"origin": [4.11013, 28.72638, 18.63125], "size": [0.58, 1.08, 1.4616], "pivot": [3.29288, 15.34443, 22.41208], "rotation": [0, 15, 0], "uv": [0, 0], "mirror": true},
						{"origin": [4.37509, 28.72638, 17.74778], "size": [0.58, 1.08, 1.4616], "pivot": [2.79628, 15.34443, 21.21317], "rotation": [0, 30, 0], "uv": [0, 0], "mirror": true},
						{"origin": [4.23908, 28.72638, 17.22007], "size": [0.58, 1.08, 1.4616], "pivot": [2.0063, 15.34443, 20.18365], "rotation": [0, 45, 0], "uv": [0, 0], "mirror": true},
						{"origin": [3.71137, 28.72638, 17.08406], "size": [0.58, 1.08, 1.4616], "pivot": [0.97678, 15.34443, 19.39367], "rotation": [0, 60, 0], "uv": [0, 0], "mirror": true},
						{"origin": [2.8279, 28.72638, 18.34902], "size": [0.58, 1.08, 0.4616], "pivot": [-0.22213, 15.34443, 18.89707], "rotation": [0, 75, 0], "uv": [0, 0], "mirror": true},
						{"origin": [4.77386, 28.72638, 16.4557], "size": [0.58, 1.08, 1.1116], "pivot": [1.61624, 15.34443, 18.9865], "rotation": [0, 90, 0], "uv": [0, 0], "mirror": true}
					]
				},
				{
					"name": "bone66",
					"parent": "bone63",
					"pivot": [-8.57, -5.64, 13.1]
				},
				{
					"name": "bone67",
					"parent": "bone66",
					"pivot": [-4.55866, -5.7756, 13.1]
				},
				{
					"name": "bone68",
					"parent": "bone63",
					"pivot": [-4.8656, -8.1, 13.1],
					"cubes": [
						{"origin": [-4.53774, 28.22638, 19.81024], "size": [8.58, 0.58, 4.7124], "uv": [0, 0], "mirror": true},
						{"origin": [-1.88987, 28.22638, 18.63125], "size": [6.58, 0.58, 1.4616], "pivot": [3.29288, 14.34443, 22.41208], "rotation": [0, 15, 0], "uv": [0, 0], "mirror": true},
						{"origin": [-0.62491, 28.22638, 17.74778], "size": [5.58, 0.58, 1.4616], "pivot": [2.79628, 14.34443, 21.21317], "rotation": [0, 30, 0], "uv": [0, 0], "mirror": true},
						{"origin": [-0.76092, 28.22638, 17.22007], "size": [5.58, 0.58, 1.4616], "pivot": [2.0063, 14.34443, 20.18365], "rotation": [0, 45, 0], "uv": [0, 0], "mirror": true},
						{"origin": [-0.28863, 28.22638, 17.08406], "size": [4.58, 0.58, 1.4616], "pivot": [0.97678, 14.34443, 19.39367], "rotation": [0, 60, 0], "uv": [0, 0], "mirror": true},
						{"origin": [-1.1721, 28.22638, 18.34902], "size": [4.58, 0.58, 0.4616], "pivot": [-0.22213, 14.34443, 18.89707], "rotation": [0, 75, 0], "uv": [0, 0], "mirror": true},
						{"origin": [-2.38517, 28.22638, 18.6057], "size": [5.58, 0.58, 1.1116], "pivot": [-0.54279, 14.34443, 18.9865], "rotation": [0, 90, 0], "uv": [0, 0], "mirror": true}
					]
				},
				{
					"name": "bone69",
					"parent": "bone50",
					"pivot": [-6.75, -8.1, 13.1],
					"rotation": [45, 0, 0],
					"cubes": [
						{"origin": [-4.76881, 29.07093, 9.92612], "size": [0.58, 0.58, 4.7124], "uv": [0, 0]},
						{"origin": [-5.96907, 29.07093, 8.81986], "size": [5.58, 0.58, 1.4616], "pivot": [-4.01943, 16.30138, 14.66225], "rotation": [0, -15, 0], "uv": [0, 0]},
						{"origin": [-6.74878, 29.07093, 8.14961], "size": [5.58, 0.58, 1.4616], "pivot": [-3.52283, 16.30138, 13.46334], "rotation": [0, -30, 0], "uv": [0, 0]},
						{"origin": [-7.05479, 29.07093, 7.96108], "size": [4.58, 0.58, 1.4616], "pivot": [-2.73285, 16.30138, 12.43382], "rotation": [0, -45, 0], "uv": [0, 0]},
						{"origin": [-6.86625, 29.07093, 8.26709], "size": [4.58, 0.58, 1.4616], "pivot": [-1.70332, 16.30138, 11.64384], "rotation": [0, -60, 0], "uv": [0, 0]},
						{"origin": [-6.19601, 29.07093, 10.04679], "size": [5.58, 0.58, 0.4616], "pivot": [-0.50442, 16.30138, 11.14723], "rotation": [0, -75, 0], "uv": [0, 0]}
					]
				},
				{
					"name": "bone70",
					"parent": "bone69",
					"pivot": [-8.57, -6.84, 13.1],
					"cubes": [
						{"origin": [-4.76881, 29.57093, 9.92612], "size": [0.58, 1.08, 4.7124], "uv": [0, 0]},
						{"origin": [-5.96907, 29.57093, 8.81986], "size": [0.58, 1.08, 1.4616], "pivot": [-4.01943, 17.30138, 14.66225], "rotation": [0, -15, 0], "uv": [0, 0]},
						{"origin": [-6.74878, 29.57093, 8.14961], "size": [0.58, 1.08, 1.4616], "pivot": [-3.52283, 17.30138, 13.46334], "rotation": [0, -30, 0], "uv": [0, 0]},
						{"origin": [-7.05479, 29.57093, 7.96108], "size": [0.58, 1.08, 1.4616], "pivot": [-2.73285, 17.30138, 12.43382], "rotation": [0, -45, 0], "uv": [0, 0]},
						{"origin": [-6.86625, 29.57093, 8.26709], "size": [0.58, 1.08, 1.4616], "pivot": [-1.70332, 17.30138, 11.64384], "rotation": [0, -60, 0], "uv": [0, 0]},
						{"origin": [-6.19601, 29.57093, 10.04679], "size": [0.58, 1.08, 0.4616], "pivot": [-0.50442, 17.30138, 11.14723], "rotation": [0, -75, 0], "uv": [0, 0]}
					]
				},
				{
					"name": "bone71",
					"parent": "bone70",
					"pivot": [-4.8656, -6.84, 13.1],
					"cubes": [
						{"origin": [3.46226, 29.57093, 9.92612], "size": [0.58, 1.08, 4.7124], "uv": [0, 0], "mirror": true},
						{"origin": [4.66252, 29.57093, 8.81986], "size": [0.58, 1.08, 1.4616], "pivot": [3.29288, 17.30138, 14.66225], "rotation": [0, 15, 0], "uv": [0, 0], "mirror": true},
						{"origin": [5.44223, 29.57093, 8.14961], "size": [0.58, 1.08, 1.4616], "pivot": [2.79628, 17.30138, 13.46334], "rotation": [0, 30, 0], "uv": [0, 0], "mirror": true},
						{"origin": [5.74824, 29.57093, 7.96108], "size": [0.58, 1.08, 1.4616], "pivot": [2.0063, 17.30138, 12.43382], "rotation": [0, 45, 0], "uv": [0, 0], "mirror": true},
						{"origin": [5.55971, 29.57093, 8.26709], "size": [0.58, 1.08, 1.4616], "pivot": [0.97678, 17.30138, 11.64384], "rotation": [0, 60, 0], "uv": [0, 0], "mirror": true},
						{"origin": [4.88946, 29.57093, 10.04679], "size": [0.58, 1.08, 0.4616], "pivot": [-0.22213, 17.30138, 11.14723], "rotation": [0, 75, 0], "uv": [0, 0], "mirror": true},
						{"origin": [6.90815, 29.57093, 8.70587], "size": [0.58, 1.08, 1.1116], "pivot": [1.61624, 17.30138, 11.23667], "rotation": [0, 90, 0], "uv": [0, 0], "mirror": true}
					]
				},
				{
					"name": "bone72",
					"parent": "bone69",
					"pivot": [-8.57, -5.64, 13.1]
				},
				{
					"name": "bone73",
					"parent": "bone72",
					"pivot": [-4.55866, -5.7756, 13.1]
				},
				{
					"name": "bone74",
					"parent": "bone69",
					"pivot": [-4.8656, -8.1, 13.1],
					"cubes": [
						{"origin": [-4.53774, 29.07093, 9.92612], "size": [8.58, 0.58, 4.7124], "uv": [0, 0], "mirror": true},
						{"origin": [-1.33748, 29.07093, 8.81986], "size": [6.58, 0.58, 1.4616], "pivot": [3.29288, 16.30138, 14.66225], "rotation": [0, 15, 0], "uv": [0, 0], "mirror": true},
						{"origin": [0.44223, 29.07093, 8.14961], "size": [5.58, 0.58, 1.4616], "pivot": [2.79628, 16.30138, 13.46334], "rotation": [0, 30, 0], "uv": [0, 0], "mirror": true},
						{"origin": [0.74824, 29.07093, 7.96108], "size": [5.58, 0.58, 1.4616], "pivot": [2.0063, 16.30138, 12.43382], "rotation": [0, 45, 0], "uv": [0, 0], "mirror": true},
						{"origin": [1.55971, 29.07093, 8.26709], "size": [4.58, 0.58, 1.4616], "pivot": [0.97678, 16.30138, 11.64384], "rotation": [0, 60, 0], "uv": [0, 0], "mirror": true},
						{"origin": [0.88946, 29.07093, 10.04679], "size": [4.58, 0.58, 0.4616], "pivot": [-0.22213, 16.30138, 11.14723], "rotation": [0, 75, 0], "uv": [0, 0], "mirror": true},
						{"origin": [-0.25088, 29.07093, 10.85587], "size": [5.58, 0.58, 1.1116], "pivot": [-0.54279, 16.30138, 11.23667], "rotation": [0, 90, 0], "uv": [0, 0], "mirror": true}
					]
				},
				{
					"name": "bone75",
					"parent": "bone50",
					"pivot": [-6.75, -8.1, 13.1],
					"rotation": [30, 0, 0],
					"cubes": [
						{"origin": [-4.76881, 27.32849, 0.16021], "size": [0.58, 0.58, 4.7124], "uv": [0, 0]},
						{"origin": [-6.42813, 27.32849, -0.88562], "size": [5.58, 0.58, 1.4616], "pivot": [-4.01943, 16.18584, 6.66999], "rotation": [0, -15, 0], "uv": [0, 0]},
						{"origin": [-7.63561, 27.32849, -1.37868], "size": [5.58, 0.58, 1.4616], "pivot": [-3.52283, 16.18584, 5.47108], "rotation": [0, -30, 0], "uv": [0, 0]},
						{"origin": [-8.30895, 27.32849, -1.28534], "size": [4.58, 0.58, 1.4616], "pivot": [-2.73285, 16.18584, 4.44156], "rotation": [0, -45, 0], "uv": [0, 0]},
						{"origin": [-8.40228, 27.32849, -0.612], "size": [4.58, 0.58, 1.4616], "pivot": [-1.70332, 16.18584, 3.65158], "rotation": [0, -60, 0], "uv": [0, 0]},
						{"origin": [-7.90923, 27.32849, 1.59548], "size": [5.58, 0.58, 0.4616], "pivot": [-0.50442, 16.18584, 3.15498], "rotation": [0, -75, 0], "uv": [0, 0]}
					]
				},
				{
					"name": "bone76",
					"parent": "bone75",
					"pivot": [-8.57, -6.84, 13.1],
					"cubes": [
						{"origin": [-4.76881, 27.82849, 0.16021], "size": [0.58, 1.08, 4.7124], "uv": [0, 0]},
						{"origin": [-6.42813, 27.82849, -0.88562], "size": [0.58, 1.08, 1.4616], "pivot": [-4.01943, 17.18584, 6.66999], "rotation": [0, -15, 0], "uv": [0, 0]},
						{"origin": [-7.63561, 27.82849, -1.37868], "size": [0.58, 1.08, 1.4616], "pivot": [-3.52283, 17.18584, 5.47108], "rotation": [0, -30, 0], "uv": [0, 0]},
						{"origin": [-8.30895, 27.82849, -1.28534], "size": [0.58, 1.08, 1.4616], "pivot": [-2.73285, 17.18584, 4.44156], "rotation": [0, -45, 0], "uv": [0, 0]},
						{"origin": [-8.40228, 27.82849, -0.612], "size": [0.58, 1.08, 1.4616], "pivot": [-1.70332, 17.18584, 3.65158], "rotation": [0, -60, 0], "uv": [0, 0]},
						{"origin": [-7.90923, 27.82849, 1.59548], "size": [0.58, 1.08, 0.4616], "pivot": [-0.50442, 17.18584, 3.15498], "rotation": [0, -75, 0], "uv": [0, 0]}
					]
				},
				{
					"name": "bone77",
					"parent": "bone76",
					"pivot": [-4.8656, -6.84, 13.1],
					"cubes": [
						{"origin": [3.46226, 27.82849, 0.16021], "size": [0.58, 1.08, 4.7124], "uv": [0, 0], "mirror": true},
						{"origin": [5.12158, 27.82849, -0.88562], "size": [0.58, 1.08, 1.4616], "pivot": [3.29288, 17.18584, 6.66999], "rotation": [0, 15, 0], "uv": [0, 0], "mirror": true},
						{"origin": [6.32906, 27.82849, -1.37868], "size": [0.58, 1.08, 1.4616], "pivot": [2.79628, 17.18584, 5.47108], "rotation": [0, 30, 0], "uv": [0, 0], "mirror": true},
						{"origin": [7.0024, 27.82849, -1.28534], "size": [0.58, 1.08, 1.4616], "pivot": [2.0063, 17.18584, 4.44156], "rotation": [0, 45, 0], "uv": [0, 0], "mirror": true},
						{"origin": [7.09574, 27.82849, -0.612], "size": [0.58, 1.08, 1.4616], "pivot": [0.97678, 17.18584, 3.65158], "rotation": [0, 60, 0], "uv": [0, 0], "mirror": true},
						{"origin": [6.60268, 27.82849, 1.59548], "size": [0.58, 1.08, 0.4616], "pivot": [-0.22213, 17.18584, 3.15498], "rotation": [0, 75, 0], "uv": [0, 0], "mirror": true},
						{"origin": [8.6818, 27.82849, 0.71361], "size": [0.58, 1.08, 1.1116], "pivot": [1.61624, 17.18584, 3.24441], "rotation": [0, 90, 0], "uv": [0, 0], "mirror": true}
					]
				},
				{
					"name": "bone78",
					"parent": "bone75",
					"pivot": [-8.57, -5.64, 13.1]
				},
				{
					"name": "bone79",
					"parent": "bone78",
					"pivot": [-4.55866, -5.7756, 13.1]
				},
				{
					"name": "bone80",
					"parent": "bone75",
					"pivot": [-4.8656, -8.1, 13.1],
					"cubes": [
						{"origin": [-4.53774, 27.32849, 0.16021], "size": [8.58, 0.58, 4.7124], "uv": [0, 0], "mirror": true},
						{"origin": [-0.87842, 27.32849, -0.88562], "size": [6.58, 0.58, 1.4616], "pivot": [3.29288, 16.18584, 6.66999], "rotation": [0, 15, 0], "uv": [0, 0], "mirror": true},
						{"origin": [1.32906, 27.32849, -1.37868], "size": [5.58, 0.58, 1.4616], "pivot": [2.79628, 16.18584, 5.47108], "rotation": [0, 30, 0], "uv": [0, 0], "mirror": true},
						{"origin": [2.0024, 27.32849, -1.28534], "size": [5.58, 0.58, 1.4616], "pivot": [2.0063, 16.18584, 4.44156], "rotation": [0, 45, 0], "uv": [0, 0], "mirror": true},
						{"origin": [3.09574, 27.32849, -0.612], "size": [4.58, 0.58, 1.4616], "pivot": [0.97678, 16.18584, 3.65158], "rotation": [0, 60, 0], "uv": [0, 0], "mirror": true},
						{"origin": [2.60268, 27.32849, 1.59548], "size": [4.58, 0.58, 0.4616], "pivot": [-0.22213, 16.18584, 3.15498], "rotation": [0, 75, 0], "uv": [0, 0], "mirror": true},
						{"origin": [1.52277, 27.32849, 2.86361], "size": [5.58, 0.58, 1.1116], "pivot": [-0.54279, 16.18584, 3.24441], "rotation": [0, 90, 0], "uv": [0, 0], "mirror": true}
					]
				},
				{
					"name": "bone81",
					"parent": "bone50",
					"pivot": [-6.75, -8.1, 13.1],
					"rotation": [15, 0, 0],
					"cubes": [
						{"origin": [-4.75978, 23.11783, -8.82195], "size": [0.58, 0.58, 4.7124], "uv": [0, 0]},
						{"origin": [-6.75353, 23.11783, -9.82375], "size": [5.58, 0.58, 1.4616], "pivot": [-4.0104, 14.00568, -1.02003], "rotation": [0, -15, 0], "uv": [0, 0]},
						{"origin": [-8.27265, 23.11783, -10.18772], "size": [5.58, 0.58, 1.4616], "pivot": [-3.5138, 14.00568, -2.21894], "rotation": [0, -30, 0], "uv": [0, 0]},
						{"origin": [-9.21361, 23.11783, -9.88905], "size": [4.58, 0.58, 1.4616], "pivot": [-2.72382, 14.00568, -3.24846], "rotation": [0, -45, 0], "uv": [0, 0]},
						{"origin": [-9.51227, 23.11783, -8.94809], "size": [4.58, 0.58, 1.4616], "pivot": [-1.69429, 14.00568, -4.03844], "rotation": [0, -60, 0], "uv": [0, 0]},
						{"origin": [-9.14831, 23.11783, -6.42897], "size": [5.58, 0.58, 0.4616], "pivot": [-0.49539, 14.00568, -4.53504], "rotation": [0, -75, 0], "uv": [0, 0]}
					]
				},
				{
					"name": "bone82",
					"parent": "bone81",
					"pivot": [-8.57, -6.84, 13.1],
					"cubes": [
						{"origin": [-4.75978, 23.61783, -8.82195], "size": [0.58, 1.08, 4.7124], "uv": [0, 0]},
						{"origin": [-6.75353, 23.61783, -9.82375], "size": [0.58, 1.08, 1.4616], "pivot": [-4.0104, 15.00568, -1.02003], "rotation": [0, -15, 0], "uv": [0, 0]},
						{"origin": [-8.27265, 23.61783, -10.18772], "size": [0.58, 1.08, 1.4616], "pivot": [-3.5138, 15.00568, -2.21894], "rotation": [0, -30, 0], "uv": [0, 0]},
						{"origin": [-9.21361, 23.61783, -9.88905], "size": [0.58, 1.08, 1.4616], "pivot": [-2.72382, 15.00568, -3.24846], "rotation": [0, -45, 0], "uv": [0, 0]},
						{"origin": [-9.51227, 23.61783, -8.94809], "size": [0.58, 1.08, 1.4616], "pivot": [-1.69429, 15.00568, -4.03844], "rotation": [0, -60, 0], "uv": [0, 0]},
						{"origin": [-9.14831, 23.61783, -6.42897], "size": [0.58, 1.08, 0.4616], "pivot": [-0.49539, 15.00568, -4.53504], "rotation": [0, -75, 0], "uv": [0, 0]}
					]
				},
				{
					"name": "bone83",
					"parent": "bone82",
					"pivot": [-4.8656, -6.84, 13.1],
					"cubes": [
						{"origin": [3.47129, 23.61783, -8.82195], "size": [0.58, 1.08, 4.7124], "uv": [0, 0], "mirror": true},
						{"origin": [5.46504, 23.61783, -9.82375], "size": [0.58, 1.08, 1.4616], "pivot": [3.30191, 15.00568, -1.02003], "rotation": [0, 15, 0], "uv": [0, 0], "mirror": true},
						{"origin": [6.98416, 23.61783, -10.18772], "size": [0.58, 1.08, 1.4616], "pivot": [2.80531, 15.00568, -2.21894], "rotation": [0, 30, 0], "uv": [0, 0], "mirror": true},
						{"origin": [7.92512, 23.61783, -9.88905], "size": [0.58, 1.08, 1.4616], "pivot": [2.01533, 15.00568, -3.24846], "rotation": [0, 45, 0], "uv": [0, 0], "mirror": true},
						{"origin": [8.22378, 23.61783, -8.94809], "size": [0.58, 1.08, 1.4616], "pivot": [0.9858, 15.00568, -4.03844], "rotation": [0, 60, 0], "uv": [0, 0], "mirror": true},
						{"origin": [7.85982, 23.61783, -6.42897], "size": [0.58, 1.08, 0.4616], "pivot": [-0.2131, 15.00568, -4.53504], "rotation": [0, 75, 0], "uv": [0, 0], "mirror": true},
						{"origin": [9.98297, 23.61783, -6.97641], "size": [0.58, 1.08, 1.1116], "pivot": [1.62527, 15.00568, -4.44561], "rotation": [0, 90, 0], "uv": [0, 0], "mirror": true}
					]
				},
				{
					"name": "bone84",
					"parent": "bone81",
					"pivot": [-8.57, -5.64, 13.1]
				},
				{
					"name": "bone85",
					"parent": "bone84",
					"pivot": [-4.55866, -5.7756, 13.1]
				},
				{
					"name": "bone86",
					"parent": "bone81",
					"pivot": [-4.8656, -8.1, 13.1],
					"cubes": [
						{"origin": [-4.52871, 23.11783, -8.82195], "size": [8.58, 0.58, 4.3124], "uv": [0, 0], "mirror": true},
						{"origin": [-0.53496, 23.11783, -9.82375], "size": [6.58, 0.58, 1.4616], "pivot": [3.30191, 14.00568, -1.02003], "rotation": [0, 15, 0], "uv": [0, 0], "mirror": true},
						{"origin": [1.98416, 23.11783, -10.18772], "size": [5.58, 0.58, 1.4616], "pivot": [2.80531, 14.00568, -2.21894], "rotation": [0, 30, 0], "uv": [0, 0], "mirror": true},
						{"origin": [2.92512, 23.11783, -9.88905], "size": [5.58, 0.58, 1.4616], "pivot": [2.01533, 14.00568, -3.24846], "rotation": [0, 45, 0], "uv": [0, 0], "mirror": true},
						{"origin": [4.22378, 23.11783, -8.94809], "size": [4.58, 0.58, 1.4616], "pivot": [0.9858, 14.00568, -4.03844], "rotation": [0, 60, 0], "uv": [0, 0], "mirror": true},
						{"origin": [3.85982, 23.11783, -6.42897], "size": [4.58, 0.58, 0.4616], "pivot": [-0.2131, 14.00568, -4.53504], "rotation": [0, 75, 0], "uv": [0, 0], "mirror": true},
						{"origin": [2.82394, 23.11783, -4.82641], "size": [5.58, 0.58, 1.1116], "pivot": [-0.53376, 14.00568, -4.44561], "rotation": [0, 90, 0], "uv": [0, 0], "mirror": true}
					]
				},
				{
					"name": "bone93",
					"parent": "battai",
					"pivot": [0, 0, 0]
				},
				{
					"name": "bone92",
					"parent": "bone93",
					"pivot": [-0.3, 1.1, -7.8],
					"rotation": [-21, 0, 0],
					"cubes": [
						{"origin": [4.74274, 7.00753, -10.65583], "size": [1, 1, 1.9], "pivot": [-0.3, 1.1, -7.8], "rotation": [0, 30, 0], "uv": [0, 0]},
						{"origin": [4.70623, 7.00753, -9.39429], "size": [1, 1, 1.4], "pivot": [-3.48292, 1.1, -5.77068], "rotation": [0, 15, 0], "uv": [0, 0]},
						{"origin": [3.8176, 7.00753, -10.29685], "size": [1, 1, 1.4], "uv": [0, 0]},
						{"origin": [3.1473, 7.00753, -10.18296], "size": [1, 1, 1.4], "pivot": [-1.38926, 1.1, -6.47965], "rotation": [0, -12.5, 0], "uv": [0, 0]},
						{"origin": [2.88023, 7.00753, -10.94181], "size": [1, 1, 1.4], "pivot": [-4.37867, 1.1, -7.64134], "rotation": [0, -22.5, 0], "uv": [0, 0]},
						{"origin": [2.93853, 7.00753, -11.79784], "size": [1, 1, 1.4], "pivot": [-6.41873, 1.1, -8.94201], "rotation": [0, -30, 0], "uv": [0, 0]}
					]
				},
				{
					"name": "bone91",
					"parent": "bone93",
					"pivot": [-0.3, 3.9, 10.7],
					"rotation": [9, 0, 0],
					"cubes": [
						{"origin": [5.50103, 14.33254, 6.53078], "size": [1, 1, 1.9], "pivot": [-0.3, 3.9, 10.7], "rotation": [0, 30, 0], "uv": [0, 0]},
						{"origin": [5.09875, 14.33254, 7.64081], "size": [1, 1, 1.4], "pivot": [-3.48292, 3.9, 12.72932], "rotation": [0, 15, 0], "uv": [0, 0]},
						{"origin": [3.8176, 14.33254, 6.68657], "size": [1, 1, 1.4], "uv": [0, 0]},
						{"origin": [2.81905, 14.33254, 6.83641], "size": [1, 1, 1.4], "pivot": [-1.38926, 3.9, 12.02035], "rotation": [0, -12.5, 0], "uv": [0, 0]},
						{"origin": [2.29985, 14.33254, 6.15706], "size": [1, 1, 1.4], "pivot": [-4.37867, 3.9, 10.85866], "rotation": [0, -22.5, 0], "uv": [0, 0]},
						{"origin": [2.18024, 14.33254, 5.38877], "size": [1, 1, 1.4], "pivot": [-6.41873, 3.9, 9.55799], "rotation": [0, -30, 0], "uv": [0, 0]}
					]
				},
				{
					"name": "bone89",
					"parent": "bone93",
					"pivot": [-0.8, 3.1, -0.2],
					"rotation": [24, 0, 0],
					"cubes": [
						{"origin": [4.9177, 15.93354, -4.22487], "size": [1, 1, 1.9], "pivot": [-0.8, 3.1, -0.2], "rotation": [0, 30, 0], "uv": [0, 0]},
						{"origin": [4.55561, 15.93354, -3.09819], "size": [1, 1, 1.4], "pivot": [-3.98292, 3.1, 1.82932], "rotation": [0, 15, 0], "uv": [0, 0]},
						{"origin": [3.3176, 15.93354, -4.04674], "size": [1, 1, 1.4], "uv": [0, 0]},
						{"origin": [2.35512, 15.93354, -3.90086], "size": [1, 1, 1.4], "pivot": [-1.88926, 3.1, 1.12035], "rotation": [0, -12.5, 0], "uv": [0, 0]},
						{"origin": [1.86364, 15.93354, -4.58895], "size": [1, 1, 1.4], "pivot": [-4.87867, 3.1, -0.04134], "rotation": [0, -22.5, 0], "uv": [0, 0]},
						{"origin": [1.76357, 15.93354, -5.36688], "size": [1, 1, 1.4], "pivot": [-6.91873, 3.1, -1.34201], "rotation": [0, -30, 0], "uv": [0, 0]}
					]
				},
				{
					"name": "bone90",
					"parent": "bone93",
					"pivot": [-0.8, 1.6, 12.6],
					"rotation": [9, 0, 0],
					"cubes": [
						{"origin": [5.00103, 12.03254, 8.43078], "size": [1, 1, 1.9], "pivot": [-0.8, 1.6, 12.6], "rotation": [0, 30, 0], "uv": [0, 0]},
						{"origin": [4.59875, 12.03254, 9.54081], "size": [1, 1, 1.4], "pivot": [-3.98292, 1.6, 14.62932], "rotation": [0, 15, 0], "uv": [0, 0]},
						{"origin": [3.3176, 12.03254, 8.58657], "size": [1, 1, 1.4], "uv": [0, 0]},
						{"origin": [2.31905, 12.03254, 8.73641], "size": [1, 1, 1.4], "pivot": [-1.88926, 1.6, 13.92035], "rotation": [0, -12.5, 0], "uv": [0, 0]},
						{"origin": [1.79985, 12.03254, 8.05706], "size": [1, 1, 1.4], "pivot": [-4.87867, 1.6, 12.75866], "rotation": [0, -22.5, 0], "uv": [0, 0]},
						{"origin": [1.68024, 12.03254, 7.28877], "size": [1, 1, 1.4], "pivot": [-6.91873, 1.6, 11.45799], "rotation": [0, -30, 0], "uv": [0, 0]}
					]
				},
				{
					"name": "bone88",
					"parent": "bone93",
					"pivot": [-0.4, -1.6, 7.1],
					"rotation": [-5, 0, 0],
					"cubes": [
						{"origin": [5.19572, 6.62321, 3.28639], "size": [1, 1, 1.9], "pivot": [-0.4, -1.6, 7.1], "rotation": [0, 30, 0], "uv": [0, 0]},
						{"origin": [4.89247, 6.62321, 4.43744], "size": [1, 1, 1.4], "pivot": [-3.58292, -1.6, 9.12932], "rotation": [0, 15, 0], "uv": [0, 0]},
						{"origin": [3.7176, 6.62321, 3.4972], "size": [1, 1, 1.4], "uv": [0, 0]},
						{"origin": [2.80792, 6.62321, 3.6373], "size": [1, 1, 1.4], "pivot": [-1.48926, -1.6, 8.42035], "rotation": [0, -12.5, 0], "uv": [0, 0]},
						{"origin": [2.35699, 6.62321, 2.93643], "size": [1, 1, 1.4], "pivot": [-4.47867, -1.6, 7.25866], "rotation": [0, -22.5, 0], "uv": [0, 0]},
						{"origin": [2.28555, 6.62321, 2.14438], "size": [1, 1, 1.4], "pivot": [-6.51873, -1.6, 5.95799], "rotation": [0, -30, 0], "uv": [0, 0]}
					]
				},
				{
					"name": "bone87",
					"parent": "bone93",
					"pivot": [-0.8, -1.6, 7.1],
					"rotation": [25, 0, 0],
					"cubes": [
						{"origin": [4.901, 11.39095, 3.10404], "size": [1, 1, 1.9], "pivot": [-0.8, -1.6, 7.1], "rotation": [0, 30, 0], "uv": [0, 0]},
						{"origin": [4.54697, 11.39095, 4.23405], "size": [1, 1, 1.4], "pivot": [-3.98292, -1.6, 9.12932], "rotation": [0, 15, 0], "uv": [0, 0]},
						{"origin": [3.3176, 11.39095, 3.28663], "size": [1, 1, 1.4], "uv": [0, 0]},
						{"origin": [2.36235, 11.39095, 3.43173], "size": [1, 1, 1.4], "pivot": [-1.88926, -1.6, 8.42035], "rotation": [0, -12.5, 0], "uv": [0, 0]},
						{"origin": [1.87641, 11.39095, 2.74189], "size": [1, 1, 1.4], "pivot": [-4.87867, -1.6, 7.25866], "rotation": [0, -22.5, 0], "uv": [0, 0]},
						{"origin": [1.78027, 11.39095, 1.96203], "size": [1, 1, 1.4], "pivot": [-6.91873, -1.6, 5.95799], "rotation": [0, -30, 0], "uv": [0, 0]}
					]
				},
				{
					"name": "bone94",
					"parent": "bone93",
					"pivot": [-1, 2.6, 0.5],
					"rotation": [-10, 0, 0]
				},
				{
					"name": "bone95",
					"parent": "bone94",
					"pivot": [-0.7, 3.7, -7.3],
					"rotation": [-21, 0, 0],
					"cubes": [
						{"origin": [-6.24222, 8.35033, -9.28888], "size": [1, 1, 1.9], "pivot": [-0.7, 3.7, -7.3], "rotation": [0, -30, 0], "uv": [0, 0], "mirror": true},
						{"origin": [-6.44714, 8.35033, -7.92734], "size": [1, 1, 1.4], "pivot": [2.48292, 3.7, -5.27068], "rotation": [0, -15, 0], "uv": [0, 0], "mirror": true},
						{"origin": [-5.8176, 8.35033, -8.79578], "size": [1, 1, 1.4], "uv": [0, 0], "mirror": true},
						{"origin": [-5.36397, 8.35033, -8.70563], "size": [1, 1, 1.4], "pivot": [0.38926, 3.7, -5.97965], "rotation": [0, 12.5, 0], "uv": [0, 0], "mirror": true},
						{"origin": [-5.26331, 8.35033, -9.51695], "size": [1, 1, 1.4], "pivot": [3.37867, 3.7, -7.14134], "rotation": [0, 22.5, 0], "uv": [0, 0], "mirror": true},
						{"origin": [-5.43905, 8.35033, -10.43089], "size": [1, 1, 1.4], "pivot": [5.41873, 3.7, -8.44201], "rotation": [0, 30, 0], "uv": [0, 0], "mirror": true}
					]
				},
				{
					"name": "bone96",
					"parent": "bone94",
					"pivot": [-0.7, 6.5, 11.2],
					"rotation": [9, 0, 0],
					"cubes": [
						{"origin": [-7.38186, 15.34323, 7.23718], "size": [1, 1, 1.9], "pivot": [-0.7, 6.5, 11.2], "rotation": [0, -30, 0], "uv": [0, 0], "mirror": true},
						{"origin": [-7.03707, 15.34323, 8.37103], "size": [1, 1, 1.4], "pivot": [2.48292, 6.5, 13.22932], "rotation": [0, -15, 0], "uv": [0, 0], "mirror": true},
						{"origin": [-5.8176, 15.34323, 7.42492], "size": [1, 1, 1.4], "uv": [0, 0], "mirror": true},
						{"origin": [-4.87063, 15.34323, 7.5691], "size": [1, 1, 1.4], "pivot": [0.38926, 6.5, 12.52035], "rotation": [0, 12.5, 0], "uv": [0, 0], "mirror": true},
						{"origin": [-4.39106, 15.34323, 6.87726], "size": [1, 1, 1.4], "pivot": [3.37867, 6.5, 11.35866], "rotation": [0, 22.5, 0], "uv": [0, 0], "mirror": true},
						{"origin": [-4.29941, 15.34323, 6.09517], "size": [1, 1, 1.4], "pivot": [5.41873, 6.5, 10.05799], "rotation": [0, 30, 0], "uv": [0, 0], "mirror": true}
					]
				},
				{
					"name": "bone97",
					"parent": "bone94",
					"pivot": [-0.2, 5.7, 0.3],
					"rotation": [24, 0, 0],
					"cubes": [
						{"origin": [-7.00825, 16.9367, -3.88173], "size": [1, 1, 1.9], "pivot": [-0.2, 5.7, 0.3], "rotation": [0, -30, 0], "uv": [0, 0], "mirror": true},
						{"origin": [-6.60248, 16.9367, -2.77314], "size": [1, 1, 1.4], "pivot": [2.98292, 5.7, 2.32932], "rotation": [0, -15, 0], "uv": [0, 0], "mirror": true},
						{"origin": [-5.3176, 16.9367, -3.72786], "size": [1, 1, 1.4], "uv": [0, 0], "mirror": true},
						{"origin": [-4.31592, 16.9367, -3.57769], "size": [1, 1, 1.4], "pivot": [0.88926, 5.7, 1.62035], "rotation": [0, 12.5, 0], "uv": [0, 0], "mirror": true},
						{"origin": [-3.79433, 16.9367, -4.25628], "size": [1, 1, 1.4], "pivot": [3.87867, 5.7, 0.45866], "rotation": [0, 22.5, 0], "uv": [0, 0], "mirror": true},
						{"origin": [-3.67302, 16.9367, -5.02374], "size": [1, 1, 1.4], "pivot": [5.91873, 5.7, -0.84201], "rotation": [0, 30, 0], "uv": [0, 0], "mirror": true}
					]
				},
				{
					"name": "bone98",
					"parent": "bone94",
					"pivot": [-0.2, 4.2, 13.1],
					"rotation": [9, 0, 0],
					"cubes": [
						{"origin": [-6.88186, 13.04323, 9.13718], "size": [1, 1, 1.9], "pivot": [-0.2, 4.2, 13.1], "rotation": [0, -30, 0], "uv": [0, 0], "mirror": true},
						{"origin": [-6.53707, 13.04323, 10.27103], "size": [1, 1, 1.4], "pivot": [2.98292, 4.2, 15.12932], "rotation": [0, -15, 0], "uv": [0, 0], "mirror": true},
						{"origin": [-5.3176, 13.04323, 9.32492], "size": [1, 1, 1.4], "uv": [0, 0], "mirror": true},
						{"origin": [-4.37063, 13.04323, 9.4691], "size": [1, 1, 1.4], "pivot": [0.88926, 4.2, 14.42035], "rotation": [0, 12.5, 0], "uv": [0, 0], "mirror": true},
						{"origin": [-3.89106, 13.04323, 8.77726], "size": [1, 1, 1.4], "pivot": [3.87867, 4.2, 13.25866], "rotation": [0, 22.5, 0], "uv": [0, 0], "mirror": true},
						{"origin": [-3.79941, 13.04323, 7.99517], "size": [1, 1, 1.4], "pivot": [5.91873, 4.2, 11.95799], "rotation": [0, 30, 0], "uv": [0, 0], "mirror": true}
					]
				},
				{
					"name": "bone99",
					"parent": "bone94",
					"pivot": [-0.6, 1, 7.6],
					"rotation": [-5, 0, 0],
					"cubes": [
						{"origin": [-6.88785, 7.73877, 4.31964], "size": [1, 1, 1.9], "pivot": [-0.6, 1, 7.6], "rotation": [0, -30, 0], "uv": [0, 0], "mirror": true},
						{"origin": [-6.73311, 7.73877, 5.5322], "size": [1, 1, 1.4], "pivot": [2.58292, 1, 9.62932], "rotation": [0, -15, 0], "uv": [0, 0], "mirror": true},
						{"origin": [-5.7176, 7.73877, 4.61294], "size": [1, 1, 1.4], "uv": [0, 0], "mirror": true},
						{"origin": [-4.9412, 7.73877, 4.73846], "size": [1, 1, 1.4], "pivot": [0.48926, 1, 8.92035], "rotation": [0, 12.5, 0], "uv": [0, 0], "mirror": true},
						{"origin": [-4.59263, 7.73877, 4.0053], "size": [1, 1, 1.4], "pivot": [3.47867, 1, 7.75866], "rotation": [0, 22.5, 0], "uv": [0, 0], "mirror": true},
						{"origin": [-4.59342, 7.73877, 3.17763], "size": [1, 1, 1.4], "pivot": [5.51873, 1, 6.45799], "rotation": [0, 30, 0], "uv": [0, 0], "mirror": true}
					]
				},
				{
					"name": "bone100",
					"parent": "bone94",
					"pivot": [-0.2, 1, 7.6],
					"rotation": [25, 0, 0],
					"cubes": [
						{"origin": [-7.00549, 12.39752, 3.42307], "size": [1, 1, 1.9], "pivot": [-0.2, 1, 7.6], "rotation": [0, -30, 0], "uv": [0, 0], "mirror": true},
						{"origin": [-6.60105, 12.39752, 4.5322], "size": [1, 1, 1.4], "pivot": [2.98292, 1, 9.62932], "rotation": [0, -15, 0], "uv": [0, 0], "mirror": true},
						{"origin": [-5.3176, 12.39752, 3.57767], "size": [1, 1, 1.4], "uv": [0, 0], "mirror": true},
						{"origin": [-4.31712, 12.39752, 3.72772], "size": [1, 1, 1.4], "pivot": [0.88926, 1, 8.92035], "rotation": [0, 12.5, 0], "uv": [0, 0], "mirror": true},
						{"origin": [-3.79644, 12.39752, 3.04883], "size": [1, 1, 1.4], "pivot": [3.87867, 1, 7.75866], "rotation": [0, 22.5, 0], "uv": [0, 0], "mirror": true},
						{"origin": [-3.67578, 12.39752, 2.28106], "size": [1, 1, 1.4], "pivot": [5.91873, 1, 6.45799], "rotation": [0, 30, 0], "uv": [0, 0], "mirror": true}
					]
				}
			]
		}
	]
}