{
	"format_version": "1.12.0",
	"minecraft:geometry": [
		{
			"description": {
				"identifier": "geometry.gun",
				"texture_width": 128,
				"texture_height": 128,
				"visible_bounds_width": 3,
				"visible_bounds_height": 2.5,
				"visible_bounds_offset": [0, 0.75, 0]
			},
			"bones": [
				{
					"name": "bone",
					"pivot": [0, 0, 0],
					"cubes": [
						{"origin": [-0.9, 6, 0], "size": [1.675, 0.3, 1], "uv": [0, 0]},
						{"origin": [-3.35, 7.6, 0], "size": [3.625, 0.475, 1], "uv": [0, 0]},
						{"origin": [-3.33614, 10.34133, 0], "size": [3.7, 0.525, 1], "uv": [0, 0]},
						{"origin": [-3.75766, 10.13114, 0], "size": [4.1, 1, 1], "uv": [0, 0]},
						{"origin": [-4.2, 7.6, 0], "size": [0.9, 3.2, 1], "uv": [0, 0]},
						{"origin": [-9.9, 9.275, 0.75], "size": [5.7, 1.1, 0.25], "uv": [0, 0]},
						{"origin": [-9.9, 9.275, 0], "size": [5.7, 1.1, 0.25], "uv": [0, 0]},
						{"origin": [-9.75, 10, 0.125], "size": [5.75, 1, 0.725], "inflate": -0.2, "uv": [0, 0]},
						{"origin": [-9.75, 8.75, 0.125], "size": [5.75, 1, 0.725], "inflate": -0.2, "uv": [0, 0]},
						{"origin": [-10.2, 9.675, -0.15], "size": [6.3, 1, 1.225], "inflate": -0.3, "uv": [0, 0]},
						{"origin": [-10.2, 8.975, -0.05], "size": [6.3, 1, 1.125], "inflate": -0.3, "uv": [0, 0]},
						{"origin": [2.5, 3.125, 0], "size": [2.1, 4.75, 1], "inflate": 0.05, "pivot": [0, 0, 0], "rotation": [0, 0, -17.5], "uv": [110, 111]},
						{"origin": [5.01029, 5.50566, 0], "size": [2.1, 2.575, 1], "pivot": [-0.08971, 0.20566, 0], "rotation": [0, 0, -40], "uv": [3, 4]},
						{"origin": [-4.97049, 6.67794, 0], "size": [1.3, 0.3, 1], "pivot": [-3.67049, 0.67794, 0], "rotation": [0, 0, 27.5], "uv": [0, 0]},
						{"origin": [-9.45311, 12.60027, 0], "size": [1.4, 0.3, 1], "pivot": [-8.05311, 6.60027, 0], "rotation": [0, 0, 90], "uv": [0, 0]},
						{"origin": [-13.15311, 12.60027, 0.275], "size": [1.4, 0.3, 0.5], "pivot": [-8.05311, 6.60027, 0], "rotation": [0, 0, 118], "uv": [0, 0]},
						{"origin": [-16.82811, 12.80027, -0.025], "size": [1.525, 1, 1.1], "inflate": -0.3, "pivot": [-8.35311, 7.00027, 0], "rotation": [0, 0, 118], "uv": [0, 0]},
						{"origin": [-19.16671, 16.31172, -0.025], "size": [1, 1, 1.1], "inflate": -0.3, "pivot": [-9.74171, 10.51172, 0], "rotation": [0, 0, 140.5], "uv": [0, 0]}
					]
				},
				{
					"name": "bone6",
					"pivot": [-0.4, 8.1, -0.175]
				},
				{
					"name": "bone2",
					"parent": "bone6",
					"pivot": [-0.4, 8.1, -0.175],
					"cubes": [
						{"origin": [-2.8, 9.31603, -0.68122], "size": [2.4, 2.5, 0.7], "pivot": [-0.4, 9.31603, -0.98122], "rotation": [-60, 0, 0], "uv": [0, 0]},
						{"origin": [-2.8, 8.6, -0.44103], "size": [2.4, 1.9, 0.875], "pivot": [-0.4, 8.6, -0.74103], "rotation": [-30, 0, 0], "uv": [0, 0]},
						{"origin": [-2.8, 9.83122, -0.70622], "size": [2.4, 2.425, 0.7], "pivot": [-0.4, 9.85622, -0.80622], "rotation": [-90, 0, 0], "uv": [0, 0]}
					]
				},
				{
					"name": "bone3",
					"parent": "bone6",
					"pivot": [-0.4, 8.1, -0.175],
					"cubes": [
						{"origin": [-2.8, 7.09641, -0.68122], "size": [2.4, 2.4, 0.7], "pivot": [-0.4, 9.49641, -0.98122], "rotation": [60, 0, 0], "uv": [0, 0]},
						{"origin": [-2.8, 9.21244, -0.44103], "size": [2.4, 1, 0.7], "pivot": [-0.4, 10.21244, -0.74103], "rotation": [30, 0, 0], "uv": [0, 0]}
					]
				},
				{
					"name": "bone5",
					"parent": "bone6",
					"pivot": [-0.4, 8.1, -0.175],
					"cubes": [
						{"origin": [-2.8, 8.1, 0.125], "size": [2.4, 1, 0.7], "uv": [0, 0]},
						{"origin": [-2.8, 9.31603, 0.93122], "size": [2.4, 0.3, 0.7], "pivot": [-0.4, 9.31603, 1.93122], "rotation": [60, 0, 0], "uv": [0, 0]},
						{"origin": [-2.8, 8.6, 0.69103], "size": [2.4, 2.3, 0.7], "pivot": [-0.4, 8.6, 1.69103], "rotation": [30, 0, 0], "uv": [0, 0]},
						{"origin": [-2.8, 10.05622, 0.78122], "size": [2.4, 0.3, 0.7], "pivot": [-0.4, 10.05622, 1.78122], "rotation": [90, 0, 0], "uv": [0, 0]}
					]
				},
				{
					"name": "bone4",
					"parent": "bone5",
					"pivot": [-0.4, 8.1, -0.175],
					"cubes": [
						{"origin": [-2.8, 10.41244, 0.125], "size": [2.4, 0.3, 0.7], "uv": [0, 0]},
						{"origin": [-2.8, 9.19641, 0.93122], "size": [2.4, 0.3, 0.7], "pivot": [-0.4, 9.49641, 1.93122], "rotation": [-60, 0, 0], "uv": [0, 0]},
						{"origin": [-2.8, 8.01244, 0.49103], "size": [2.4, 2.2, 0.9], "pivot": [-0.4, 10.21244, 1.69103], "rotation": [-30, 0, 0], "uv": [0, 0]}
					]
				}
			]
		}
	]
}