{
	"format_version": "1.12.0",
	"minecraft:geometry": [
		{
			"description": {
				"identifier": "geometry.hukumamidushi",
				"texture_width": 320,
				"texture_height": 320,
				"visible_bounds_width": 7,
				"visible_bounds_height": 4.5,
				"visible_bounds_offset": [0, 1.75, 0]
			},
			"bones": [
				{
					"name": "root",
					"pivot": [0, 0, 0]
				},
				{
					"name": "hukumamidushi",
					"parent": "root",
					"pivot": [0, 0, 0],
					"cubes": [
						{"origin": [8, 0, 15], "size": [2, 20, 2], "uv": [313, 299]},
						{"origin": [-10, 0, 15], "size": [2, 20, 2], "uv": [313, 299]},
						{"origin": [-10, 0, 33], "size": [2, 20, 2], "uv": [313, 299]},
						{"origin": [8, 0, 33], "size": [2, 20, 2], "uv": [313, 299]},
						{"origin": [8, 15, 35], "size": [2, 4, 1], "uv": [315, 316]},
						{"origin": [-10, 15, 35], "size": [2, 4, 1], "uv": [315, 316]},
						{"origin": [-10, 15, 32], "size": [2, 4, 1], "uv": [315, 316]},
						{"origin": [-10, 15, 17], "size": [2, 4, 1], "uv": [315, 316]},
						{"origin": [-10, 15, 14], "size": [2, 4, 1], "uv": [315, 316]},
						{"origin": [8, 15, 14], "size": [2, 4, 1], "uv": [315, 316]},
						{"origin": [8, 15, 32], "size": [2, 4, 1], "uv": [315, 316]},
						{"origin": [8, 15, 17], "size": [2, 4, 1], "uv": [315, 316]},
						{"origin": [10, 15, 15], "size": [1, 4, 2], "uv": [315, 315]},
						{"origin": [7, 15, 15], "size": [1, 4, 2], "uv": [315, 315]},
						{"origin": [-8, 15, 15], "size": [1, 4, 2], "uv": [315, 315]},
						{"origin": [-11, 15, 15], "size": [1, 4, 2], "uv": [315, 315]},
						{"origin": [-11, 15, 33], "size": [1, 4, 2], "uv": [315, 315]},
						{"origin": [-8, 15, 33], "size": [1, 4, 2], "uv": [315, 315]},
						{"origin": [7, 15, 33], "size": [1, 5, 2], "uv": [315, 314]},
						{"origin": [10, 15, 33], "size": [1, 4, 2], "uv": [315, 315]},
						{"origin": [-11, 19, 14], "size": [22, 1, 22], "uv": [233, 298]},
						{"origin": [-12, 20, 13], "size": [24, 1, 24], "uv": [225, 296]},
						{"origin": [-13, 21, 12], "size": [26, 1, 26], "uv": [217, 0]},
						{"origin": [9, 19, 14], "size": [14, 4, 22], "pivot": [0, 0, 25], "rotation": [0, 0, -45], "uv": [247, 0]},
						{"origin": [-23, 19, 14], "size": [14, 4, 22], "pivot": [0, 0, 25], "rotation": [0, 0, 45], "uv": [247, 0]},
						{"origin": [10, 23, 17], "size": [4, 5, 3], "pivot": [0, 0, 25], "rotation": [0, 0, -45], "uv": [0, 0]},
						{"origin": [3.70775, 25.216, 17], "size": [3, 4, 3], "pivot": [-6.29225, -9.784, 25], "rotation": [0, 0, -25], "uv": [0, 0]},
						{"origin": [3.70775, 29.216, 17], "size": [3, 4, 3], "pivot": [-6.29225, -9.784, 25], "rotation": [0, 0, -25], "uv": [0, 0]},
						{"origin": [-36.06202, 44.3083, 17], "size": [3, 4, 3], "pivot": [-46.06202, 0.3083, 25], "rotation": [0, 0, 30], "uv": [0, 0]},
						{"origin": [-36.06202, 48.3083, 18], "size": [2, 4, 1], "pivot": [-46.06202, 0.3083, 25], "rotation": [0, 0, 30], "uv": [0, 0]},
						{"origin": [-13, 23, 17], "size": [4, 5, 3], "pivot": [0, 0, 25], "rotation": [0, 0, 45], "uv": [0, 0]},
						{"origin": [-7.29225, 30.216, 17], "size": [3, 4, 3], "pivot": [-6.29225, -9.784, 25], "rotation": [0, 0, 25], "uv": [0, 0]},
						{"origin": [-7.29225, 34.216, 17], "size": [3, 4, 3], "pivot": [-6.29225, -9.784, 25], "rotation": [0, 0, 25], "uv": [0, 0]},
						{"origin": [21.18426, -2.39442, 17], "size": [3, 4, 3], "pivot": [-45.81574, -0.39442, 25], "rotation": [0, 0, -30], "uv": [0, 0]},
						{"origin": [22.18426, 1.60558, 18], "size": [2, 4, 1], "pivot": [-45.81574, -0.39442, 25], "rotation": [0, 0, -30], "uv": [0, 0]},
						{"origin": [-15, 23, 23], "size": [4, 5, 3], "pivot": [0, 0, 25], "rotation": [0, 0, 45], "uv": [0, 0]},
						{"origin": [12, 23, 23], "size": [4, 5, 3], "pivot": [0, 0, 25], "rotation": [0, 0, -45], "uv": [0, 0]},
						{"origin": [8.02082, 27.57716, 23], "size": [4, 5, 3], "uv": [0, 0]},
						{"origin": [-11.31371, 28.28427, 23], "size": [4, 5, 3], "uv": [0, 0]},
						{"origin": [14.58409, 34.98864, 23], "size": [3, 5, 3], "pivot": [28.58409, 1.98864, 25], "rotation": [0, 0, -10], "uv": [0, 0]},
						{"origin": [-17.74948, 27.72312, 23], "size": [3, 4, 3], "pivot": [17.25052, -6.27688, 25], "rotation": [0, 0, 10], "uv": [0, 0]},
						{"origin": [-49.99, 23.74637, 24], "size": [2, 4, 1], "pivot": [-14.99, -14.25363, 23], "rotation": [0, 0, 47.5], "uv": [0, 0]},
						{"origin": [21.13469, -22.19452, 24], "size": [2, 4, 1], "pivot": [-46.86531, -5.19452, 24], "rotation": [0, 0, -50], "uv": [0, 0]},
						{"origin": [-12, 23, 30], "size": [4, 5, 3], "pivot": [0, 0, 25], "rotation": [0, 0, 45], "uv": [0, 0]},
						{"origin": [9, 23, 31], "size": [4, 5, 3], "pivot": [0, 0, 25], "rotation": [0, 0, -45], "uv": [0, 0]},
						{"origin": [-3.92966, 25.20713, 30], "size": [3, 5, 3], "pivot": [7.07034, -2.79287, 25], "rotation": [0, 0, 30], "uv": [0, 0]},
						{"origin": [1.77074, 25.41424, 31], "size": [3, 5, 3], "pivot": [-7.22926, -2.58576, 25], "rotation": [0, 0, -30], "uv": [0, 0]},
						{"origin": [31.12548, 20.26931, 31], "size": [2, 6, 1], "pivot": [7.12548, -5.73069, 26], "rotation": [0, 0, -30], "uv": [0, 0]},
						{"origin": [-31.22926, 39.41424, 32], "size": [2, 6, 1], "pivot": [-40.22926, 6.41424, 26], "rotation": [0, 0, 30], "uv": [0, 0]}
					]
				},
				{
					"name": "bone2",
					"parent": "hukumamidushi",
					"pivot": [0, 0, 0],
					"cubes": [
						{"origin": [-2.5359, 0, 41.4641], "size": [5, 4, 1], "uv": [0, 0]},
						{"origin": [0.4641, 4, 41.4641], "size": [2, 2, 1], "uv": [0, 321]},
						{"origin": [-2.5359, 4, 41.4641], "size": [2, 2, 1], "uv": [0, 321]},
						{"origin": [-2.5359, 0, 33.4641], "size": [5, 1, 8], "uv": [0, 0]},
						{"origin": [-6.30385, 0, 42.74167], "size": [4, 4, 1], "pivot": [-4.30385, 0, 26.74167], "rotation": [0, 30, 0], "uv": [0, 0]},
						{"origin": [-5.30385, 4, 42.74167], "size": [2, 2, 1], "pivot": [-4.30385, 0, 26.74167], "rotation": [0, 30, 0], "uv": [0, 321]},
						{"origin": [-6.30385, 0, 35.74167], "size": [4, 1, 7], "pivot": [-4.30385, 0, 26.74167], "rotation": [0, 30, 0], "uv": [0, 0]},
						{"origin": [-9.79423, 0, 46.23205], "size": [4, 4, 1], "pivot": [-7.79423, 0, 30.23205], "rotation": [0, 60, 0], "uv": [0, 0]},
						{"origin": [-8.79423, 4, 46.23205], "size": [2, 2, 1], "pivot": [-7.79423, 0, 30.23205], "rotation": [0, 60, 0], "uv": [0, 321]},
						{"origin": [-9.79423, 0, 39.23205], "size": [4, 1, 7], "pivot": [-7.79423, 0, 30.23205], "rotation": [0, 60, 0], "uv": [0, 0]},
						{"origin": [2.23205, 0, 42.74167], "size": [4, 4, 1], "pivot": [4.23205, 0, 26.74167], "rotation": [0, -30, 0], "uv": [0, 0]},
						{"origin": [3.23205, 4, 42.74167], "size": [2, 2, 1], "pivot": [4.23205, 0, 26.74167], "rotation": [0, -30, 0], "uv": [0, 321]},
						{"origin": [2.23205, 0, 35.74167], "size": [4, 1, 7], "pivot": [4.23205, 0, 26.74167], "rotation": [0, -30, 0], "uv": [0, 0]},
						{"origin": [5.72243, 0, 46.23205], "size": [4, 4, 1], "pivot": [7.72243, 0, 30.23205], "rotation": [0, -60, 0], "uv": [0, 0]},
						{"origin": [6.72243, 4, 46.23205], "size": [2, 2, 1], "pivot": [7.72243, 0, 30.23205], "rotation": [0, -60, 0], "uv": [0, 321]},
						{"origin": [5.72243, 0, 40.23205], "size": [4, 1, 6], "pivot": [7.72243, 0, 30.23205], "rotation": [0, -60, 0], "uv": [0, 0]},
						{"origin": [-8, 0, 33], "size": [1, 13, 4], "uv": [0, 0]},
						{"origin": [-8, 0.78248, 30.41329], "size": [15, 11, 3], "uv": [0, 0]},
						{"origin": [-7, 0, 30], "size": [14, 1, 7], "uv": [0, 0]},
						{"origin": [6.9282, 0, 33], "size": [1, 13, 4], "uv": [0, 0]}
					]
				},
				{
					"name": "bone3",
					"parent": "bone2",
					"pivot": [0, 7, 7],
					"rotation": [37.5, 0, 0],
					"cubes": [
						{"origin": [-2.5359, -7.45892, 38.9505], "size": [5, 4, 1], "uv": [0, 0]},
						{"origin": [0.4641, -9.45892, 38.9505], "size": [2, 2, 1], "uv": [0, 321]},
						{"origin": [-2.5359, -9.45892, 38.9505], "size": [2, 2, 1], "uv": [0, 321]},
						{"origin": [-2.5359, -4.45892, 30.9505], "size": [5, 1, 8], "uv": [0, 0]},
						{"origin": [-16.22077, -7.45892, 37.57084], "size": [4, 4, 1], "pivot": [-4.30385, 7.76012, 4.39424], "rotation": [0, 30, 0], "uv": [0, 0]},
						{"origin": [-15.22077, -9.45892, 37.57084], "size": [2, 2, 1], "pivot": [-4.30385, 7.76012, 4.39424], "rotation": [0, 30, 0], "uv": [0, 321]},
						{"origin": [-16.22077, -4.45892, 30.57084], "size": [4, 1, 7], "pivot": [-4.30385, 7.76012, 4.39424], "rotation": [0, 30, 0], "uv": [0, 0]},
						{"origin": [-26.97083, -7.45892, 33.80154], "size": [4, 4, 1], "pivot": [-7.79423, 7.76012, 7.88462], "rotation": [0, 60, 0], "uv": [0, 0]},
						{"origin": [-25.97083, -9.45892, 33.80154], "size": [2, 2, 1], "pivot": [-7.79423, 7.76012, 7.88462], "rotation": [0, 60, 0], "uv": [0, 321]},
						{"origin": [-26.97083, -4.45892, 26.80154], "size": [4, 1, 7], "pivot": [-7.79423, 7.76012, 7.88462], "rotation": [0, 60, 0], "uv": [0, 0]},
						{"origin": [12.14897, -7.45892, 37.57084], "size": [4, 4, 1], "pivot": [4.23205, 7.76012, 4.39424], "rotation": [0, -30, 0], "uv": [0, 0]},
						{"origin": [13.14897, -9.45892, 37.57084], "size": [2, 2, 1], "pivot": [4.23205, 7.76012, 4.39424], "rotation": [0, -30, 0], "uv": [0, 321]},
						{"origin": [12.14897, -4.45892, 30.57084], "size": [4, 1, 7], "pivot": [4.23205, 7.76012, 4.39424], "rotation": [0, -30, 0], "uv": [0, 0]},
						{"origin": [22.89903, -7.45892, 33.80154], "size": [4, 4, 1], "pivot": [7.72243, 7.76012, 7.88462], "rotation": [0, -60, 0], "uv": [0, 0]},
						{"origin": [23.89903, -9.45892, 33.80154], "size": [2, 2, 1], "pivot": [7.72243, 7.76012, 7.88462], "rotation": [0, -60, 0], "uv": [0, 321]},
						{"origin": [22.89903, -4.45892, 27.80154], "size": [4, 1, 6], "pivot": [7.72243, 7.76012, 7.88462], "rotation": [0, -60, 0], "uv": [0, 0]},
						{"origin": [-8, -7.45892, 29.4864], "size": [1, 4, 5], "uv": [0, 0]},
						{"origin": [-7, -4.45892, 28.4864], "size": [14, 1, 6], "uv": [0, 0]},
						{"origin": [6.9282, -7.45892, 29.4864], "size": [1, 4, 5], "uv": [0, 0]}
					]
				},
				{
					"name": "bone4",
					"parent": "hukumamidushi",
					"pivot": [0, 0, 0],
					"rotation": [0, -90, 0],
					"cubes": [
						{"origin": [22.4641, 0, 16.4641], "size": [5, 4, 1], "uv": [0, 0]},
						{"origin": [25.4641, 4, 16.4641], "size": [2, 2, 1], "uv": [0, 321]},
						{"origin": [22.4641, 4, 16.4641], "size": [2, 2, 1], "uv": [0, 321]},
						{"origin": [22.4641, 0, 8.4641], "size": [5, 1, 8], "uv": [0, 0]},
						{"origin": [15.34679, 0, 30.24167], "size": [4, 4, 1], "pivot": [-4.30385, 0, 1.74167], "rotation": [0, 30, 0], "uv": [0, 0]},
						{"origin": [16.34679, 4, 30.24167], "size": [2, 2, 1], "pivot": [-4.30385, 0, 1.74167], "rotation": [0, 30, 0], "uv": [0, 321]},
						{"origin": [15.34679, 0, 23.24167], "size": [4, 1, 7], "pivot": [-4.30385, 0, 1.74167], "rotation": [0, 30, 0], "uv": [0, 0]},
						{"origin": [2.70577, 0, 42.88269], "size": [4, 4, 1], "pivot": [-7.79423, 0, 5.23205], "rotation": [0, 60, 0], "uv": [0, 0]},
						{"origin": [3.70577, 4, 42.88269], "size": [2, 2, 1], "pivot": [-7.79423, 0, 5.23205], "rotation": [0, 60, 0], "uv": [0, 321]},
						{"origin": [2.70577, 0, 35.88269], "size": [4, 1, 7], "pivot": [-7.79423, 0, 5.23205], "rotation": [0, 60, 0], "uv": [0, 0]},
						{"origin": [23.88269, 0, 5.24167], "size": [4, 4, 1], "pivot": [4.23205, 0, 1.74167], "rotation": [0, -30, 0], "uv": [0, 0]},
						{"origin": [24.88269, 4, 5.24167], "size": [2, 2, 1], "pivot": [4.23205, 0, 1.74167], "rotation": [0, -30, 0], "uv": [0, 321]},
						{"origin": [23.88269, 0, -1.75833], "size": [4, 1, 7], "pivot": [4.23205, 0, 1.74167], "rotation": [0, -30, 0], "uv": [0, 0]},
						{"origin": [18.22243, 0, -0.41859], "size": [4, 4, 1], "pivot": [7.72243, 0, 5.23205], "rotation": [0, -60, 0], "uv": [0, 0]},
						{"origin": [19.22243, 4, -0.41859], "size": [2, 2, 1], "pivot": [7.72243, 0, 5.23205], "rotation": [0, -60, 0], "uv": [0, 321]},
						{"origin": [18.22243, 0, -6.41859], "size": [4, 1, 6], "pivot": [7.72243, 0, 5.23205], "rotation": [0, -60, 0], "uv": [0, 0]},
						{"origin": [17, 0, 8], "size": [1, 13, 4], "uv": [0, 0]},
						{"origin": [17, 0.78248, 5.41329], "size": [15, 11, 3], "uv": [0, 0]},
						{"origin": [18, 0, 5], "size": [14, 1, 7], "uv": [0, 0]},
						{"origin": [31.9282, 0, 8], "size": [1, 13, 4], "uv": [0, 0]}
					]
				},
				{
					"name": "bone5",
					"parent": "bone4",
					"pivot": [0, 7, 7],
					"rotation": [37.5, 0, 0],
					"cubes": [
						{"origin": [22.4641, 7.76012, 19.11667], "size": [5, 4, 1], "uv": [0, 0]},
						{"origin": [25.4641, 5.76012, 19.11667], "size": [2, 2, 1], "uv": [0, 321]},
						{"origin": [22.4641, 5.76012, 19.11667], "size": [2, 2, 1], "uv": [0, 321]},
						{"origin": [22.4641, 10.76012, 11.11667], "size": [5, 1, 8], "uv": [0, 0]},
						{"origin": [15.34679, 7.76012, 32.89424], "size": [4, 4, 1], "pivot": [-4.30385, 7.76012, 4.39424], "rotation": [0, 30, 0], "uv": [0, 0]},
						{"origin": [16.34679, 5.76012, 32.89424], "size": [2, 2, 1], "pivot": [-4.30385, 7.76012, 4.39424], "rotation": [0, 30, 0], "uv": [0, 321]},
						{"origin": [15.34679, 10.76012, 25.89424], "size": [4, 1, 7], "pivot": [-4.30385, 7.76012, 4.39424], "rotation": [0, 30, 0], "uv": [0, 0]},
						{"origin": [2.70577, 7.76012, 45.53526], "size": [4, 4, 1], "pivot": [-7.79423, 7.76012, 7.88462], "rotation": [0, 60, 0], "uv": [0, 0]},
						{"origin": [3.70577, 5.76012, 45.53526], "size": [2, 2, 1], "pivot": [-7.79423, 7.76012, 7.88462], "rotation": [0, 60, 0], "uv": [0, 321]},
						{"origin": [2.70577, 10.76012, 38.53526], "size": [4, 1, 7], "pivot": [-7.79423, 7.76012, 7.88462], "rotation": [0, 60, 0], "uv": [0, 0]},
						{"origin": [23.88269, 7.76012, 7.89424], "size": [4, 4, 1], "pivot": [4.23205, 7.76012, 4.39424], "rotation": [0, -30, 0], "uv": [0, 0]},
						{"origin": [24.88269, 5.76012, 7.89424], "size": [2, 2, 1], "pivot": [4.23205, 7.76012, 4.39424], "rotation": [0, -30, 0], "uv": [0, 321]},
						{"origin": [23.88269, 10.76012, 0.89424], "size": [4, 1, 7], "pivot": [4.23205, 7.76012, 4.39424], "rotation": [0, -30, 0], "uv": [0, 0]},
						{"origin": [18.22243, 7.76012, 2.23398], "size": [4, 4, 1], "pivot": [7.72243, 7.76012, 7.88462], "rotation": [0, -60, 0], "uv": [0, 0]},
						{"origin": [19.22243, 5.76012, 2.23398], "size": [2, 2, 1], "pivot": [7.72243, 7.76012, 7.88462], "rotation": [0, -60, 0], "uv": [0, 321]},
						{"origin": [18.22243, 10.76012, -3.76602], "size": [4, 1, 6], "pivot": [7.72243, 7.76012, 7.88462], "rotation": [0, -60, 0], "uv": [0, 0]},
						{"origin": [17, 7.76012, 9.65257], "size": [1, 4, 5], "uv": [0, 0]},
						{"origin": [18, 10.76012, 8.65257], "size": [14, 1, 6], "uv": [0, 0]},
						{"origin": [31.9282, 7.76012, 9.65257], "size": [1, 4, 5], "uv": [0, 0]}
					]
				},
				{
					"name": "bone6",
					"parent": "hukumamidushi",
					"pivot": [0, 0, 0],
					"rotation": [0, 180, 0],
					"cubes": [
						{"origin": [-2.5359, 0, -8.5359], "size": [5, 4, 1], "uv": [0, 0]},
						{"origin": [-2.5359, 22, -36.5359], "size": [5, 4, 23], "uv": [0, 0]},
						{"origin": [-1.5359, 22, -37.5359], "size": [3, 1, 1], "uv": [0, 0]},
						{"origin": [-1.5359, 22, -13.5359], "size": [3, 1, 1], "uv": [0, 0]},
						{"origin": [0.1641, 23, -13.5359], "size": [1.3, 1, 1], "uv": [0, 321]},
						{"origin": [0.1641, 26, -13.5359], "size": [1.3, -1.3, 1], "uv": [0, 321]},
						{"origin": [-0.2359, 23, -13.5359], "size": [-1.3, 1, 1], "uv": [0, 321]},
						{"origin": [-0.2359, 26, -13.5359], "size": [-1.3, -1.3, 1], "uv": [0, 321]},
						{"origin": [-0.2359, 26, -37.5359], "size": [-1.3, -1.3, 1], "uv": [0, 321]},
						{"origin": [0.1641, 26, -37.5359], "size": [1.3, -1.3, 1], "uv": [0, 321]},
						{"origin": [0.1641, 23, -37.5359], "size": [1.3, 1, 1], "uv": [0, 321]},
						{"origin": [-0.2359, 23, -37.5359], "size": [-1.3, 1, 1], "uv": [0, 321]},
						{"origin": [-2.5359, 26, -36.5359], "size": [5, 1, 23], "uv": [0, 0]},
						{"origin": [14.73205, 22, -34.92821], "size": [3, 1, 1], "pivot": [3.23205, 0, -0.27757], "rotation": [0, 30, 0], "uv": [0, 0]},
						{"origin": [17.03205, 23, -34.92821], "size": [-1.3, 1, 1], "pivot": [3.23205, 0, -0.27757], "rotation": [0, 30, 0], "uv": [0, 321]},
						{"origin": [17.03205, 26, -34.92821], "size": [-1.3, -1.3, 1], "pivot": [3.23205, 0, -0.27757], "rotation": [0, 30, 0], "uv": [0, 321]},
						{"origin": [14.73205, 23, -34.92821], "size": [1, 3, 1], "pivot": [3.23205, 0, -0.27757], "rotation": [0, 30, 0], "uv": [0, 0]},
						{"origin": [14.73205, 26, -34.92821], "size": [3, 1, 1], "pivot": [3.23205, 0, -0.27757], "rotation": [0, 30, 0], "uv": [0, 0]},
						{"origin": [-17.66987, 22, -35.42821], "size": [3, 1, 1], "pivot": [-4.16987, 0, -0.77757], "rotation": [0, -30, 0], "uv": [0, 0]},
						{"origin": [-16.96987, 23, -35.42821], "size": [1.3, 1, 1], "pivot": [-4.16987, 0, -0.77757], "rotation": [0, -30, 0], "uv": [0, 321]},
						{"origin": [-16.96987, 26, -35.42821], "size": [1.3, -1.3, 1], "pivot": [-4.16987, 0, -0.77757], "rotation": [0, -30, 0], "uv": [0, 321]},
						{"origin": [-15.66987, 23, -35.42821], "size": [1, 3, 1], "pivot": [-4.16987, 0, -0.77757], "rotation": [0, -30, 0], "uv": [0, 0]},
						{"origin": [-17.66987, 26, -35.42821], "size": [3, 1, 1], "pivot": [-4.16987, 0, -0.77757], "rotation": [0, -30, 0], "uv": [0, 0]},
						{"origin": [-1.5359, 26, -13.5359], "size": [3, 1, 1], "uv": [0, 0]},
						{"origin": [-1.5359, 26, -37.5359], "size": [3, 1, 1], "uv": [0, 0]},
						{"origin": [7.83013, 22, -9.07884], "size": [3, 1, 1], "pivot": [-3.66987, 0, 1.5718], "rotation": [0, 30, 0], "uv": [0, 0]},
						{"origin": [8.53013, 23, -9.07884], "size": [1.3, 1, 1], "pivot": [-3.66987, 0, 1.5718], "rotation": [0, 30, 0], "uv": [0, 321]},
						{"origin": [8.53013, 26, -9.07884], "size": [1.3, -1.3, 1], "pivot": [-3.66987, 0, 1.5718], "rotation": [0, 30, 0], "uv": [0, 321]},
						{"origin": [9.83013, 23, -9.07884], "size": [1, 3, 1], "pivot": [-3.66987, 0, 1.5718], "rotation": [0, 30, 0], "uv": [0, 0]},
						{"origin": [7.83013, 26, -9.07884], "size": [3, 1, 1], "pivot": [-3.66987, 0, 1.5718], "rotation": [0, 30, 0], "uv": [0, 0]},
						{"origin": [-10.76795, 22, -9.57884], "size": [3, 1, 1], "pivot": [2.73205, 0, 1.0718], "rotation": [0, -30, 0], "uv": [0, 0]},
						{"origin": [-8.46795, 23, -9.57884], "size": [-1.3, 1, 1], "pivot": [2.73205, 0, 1.0718], "rotation": [0, -30, 0], "uv": [0, 321]},
						{"origin": [-8.46795, 26, -9.57884], "size": [-1.3, -1.3, 1], "pivot": [2.73205, 0, 1.0718], "rotation": [0, -30, 0], "uv": [0, 321]},
						{"origin": [-10.76795, 23, -9.57884], "size": [1, 3, 1], "pivot": [2.73205, 0, 1.0718], "rotation": [0, -30, 0], "uv": [0, 0]},
						{"origin": [-10.76795, 26, -9.57884], "size": [3, 1, 1], "pivot": [2.73205, 0, 1.0718], "rotation": [0, -30, 0], "uv": [0, 0]},
						{"origin": [0.4641, 4, -8.5359], "size": [2, 2, 1], "uv": [0, 321]},
						{"origin": [-2.5359, 4, -8.5359], "size": [2, 2, 1], "uv": [0, 321]},
						{"origin": [-2.5359, 0, -16.5359], "size": [5, 1, 8], "uv": [0, 0]},
						{"origin": [6.19615, 0, -3.90897], "size": [4, 4, 1], "pivot": [-4.30385, 0, 1.74167], "rotation": [0, 30, 0], "uv": [0, 0]},
						{"origin": [7.19615, 4, -3.90897], "size": [2, 2, 1], "pivot": [-4.30385, 0, 1.74167], "rotation": [0, 30, 0], "uv": [0, 321]},
						{"origin": [6.19615, 0, -10.90897], "size": [4, 1, 7], "pivot": [-4.30385, 0, 1.74167], "rotation": [0, 30, 0], "uv": [0, 0]},
						{"origin": [11.85641, 0, 8.73205], "size": [4, 4, 1], "pivot": [-7.79423, 0, 5.23205], "rotation": [0, 60, 0], "uv": [0, 0]},
						{"origin": [12.85641, 4, 8.73205], "size": [2, 2, 1], "pivot": [-7.79423, 0, 5.23205], "rotation": [0, 60, 0], "uv": [0, 321]},
						{"origin": [11.85641, 0, 1.73205], "size": [4, 1, 7], "pivot": [-7.79423, 0, 5.23205], "rotation": [0, 60, 0], "uv": [0, 0]},
						{"origin": [-10.26795, 0, -3.90897], "size": [4, 4, 1], "pivot": [4.23205, 0, 1.74167], "rotation": [0, -30, 0], "uv": [0, 0]},
						{"origin": [-9.26795, 4, -3.90897], "size": [2, 2, 1], "pivot": [4.23205, 0, 1.74167], "rotation": [0, -30, 0], "uv": [0, 321]},
						{"origin": [-10.26795, 0, -10.90897], "size": [4, 1, 7], "pivot": [4.23205, 0, 1.74167], "rotation": [0, -30, 0], "uv": [0, 0]},
						{"origin": [-15.92821, 0, 8.73205], "size": [4, 4, 1], "pivot": [7.72243, 0, 5.23205], "rotation": [0, -60, 0], "uv": [0, 0]},
						{"origin": [-14.92821, 4, 8.73205], "size": [2, 2, 1], "pivot": [7.72243, 0, 5.23205], "rotation": [0, -60, 0], "uv": [0, 321]},
						{"origin": [-15.92821, 0, 2.73205], "size": [4, 1, 6], "pivot": [7.72243, 0, 5.23205], "rotation": [0, -60, 0], "uv": [0, 0]},
						{"origin": [-8, 0, -17], "size": [1, 13, 4], "uv": [0, 0]},
						{"origin": [-8, 0.78248, -19.58671], "size": [15, 11, 3], "uv": [0, 0]},
						{"origin": [-7, 0, -20], "size": [14, 1, 7], "uv": [0, 0]},
						{"origin": [6.9282, 0, -17], "size": [1, 13, 4], "uv": [0, 0]}
					]
				},
				{
					"name": "bone7",
					"parent": "bone6",
					"pivot": [0, 7, 7],
					"rotation": [37.5, 0, 0],
					"cubes": [
						{"origin": [-2.5359, 22.97916, -0.71716], "size": [5, 4, 1], "uv": [0, 0]},
						{"origin": [0.4641, 20.97916, -0.71716], "size": [2, 2, 1], "uv": [0, 321]},
						{"origin": [-2.5359, 20.97916, -0.71716], "size": [2, 2, 1], "uv": [0, 321]},
						{"origin": [-2.5359, 25.97916, -8.71716], "size": [5, 1, 8], "uv": [0, 0]},
						{"origin": [3.61307, 22.97916, 3.21764], "size": [4, 4, 1], "pivot": [-4.30385, 7.76012, 4.39424], "rotation": [0, 30, 0], "uv": [0, 0]},
						{"origin": [4.61307, 20.97916, 3.21764], "size": [2, 2, 1], "pivot": [-4.30385, 7.76012, 4.39424], "rotation": [0, 30, 0], "uv": [0, 321]},
						{"origin": [3.61307, 25.97916, -3.78236], "size": [4, 1, 7], "pivot": [-4.30385, 7.76012, 4.39424], "rotation": [0, 30, 0], "uv": [0, 0]},
						{"origin": [7.38237, 22.97916, 13.9677], "size": [4, 4, 1], "pivot": [-7.79423, 7.76012, 7.88462], "rotation": [0, 60, 0], "uv": [0, 0]},
						{"origin": [8.38237, 20.97916, 13.9677], "size": [2, 2, 1], "pivot": [-7.79423, 7.76012, 7.88462], "rotation": [0, 60, 0], "uv": [0, 321]},
						{"origin": [7.38237, 25.97916, 6.9677], "size": [4, 1, 7], "pivot": [-7.79423, 7.76012, 7.88462], "rotation": [0, 60, 0], "uv": [0, 0]},
						{"origin": [-7.68487, 22.97916, 3.21764], "size": [4, 4, 1], "pivot": [4.23205, 7.76012, 4.39424], "rotation": [0, -30, 0], "uv": [0, 0]},
						{"origin": [-6.68487, 20.97916, 3.21764], "size": [2, 2, 1], "pivot": [4.23205, 7.76012, 4.39424], "rotation": [0, -30, 0], "uv": [0, 321]},
						{"origin": [-7.68487, 25.97916, -3.78236], "size": [4, 1, 7], "pivot": [4.23205, 7.76012, 4.39424], "rotation": [0, -30, 0], "uv": [0, 0]},
						{"origin": [-11.45417, 22.97916, 13.9677], "size": [4, 4, 1], "pivot": [7.72243, 7.76012, 7.88462], "rotation": [0, -60, 0], "uv": [0, 0]},
						{"origin": [-10.45417, 20.97916, 13.9677], "size": [2, 2, 1], "pivot": [7.72243, 7.76012, 7.88462], "rotation": [0, -60, 0], "uv": [0, 321]},
						{"origin": [-11.45417, 25.97916, 7.9677], "size": [4, 1, 6], "pivot": [7.72243, 7.76012, 7.88462], "rotation": [0, -60, 0], "uv": [0, 0]},
						{"origin": [-8, 22.97916, -10.18126], "size": [1, 4, 5], "uv": [0, 0]},
						{"origin": [-7, 25.97916, -11.18126], "size": [14, 1, 6], "uv": [0, 0]},
						{"origin": [6.9282, 22.97916, -10.18126], "size": [1, 4, 5], "uv": [0, 0]}
					]
				},
				{
					"name": "bone8",
					"parent": "hukumamidushi",
					"pivot": [0, 0, 0],
					"rotation": [0, 90, 0],
					"cubes": [
						{"origin": [-27.5359, 0, 16.4641], "size": [5, 4, 1], "uv": [0, 0]},
						{"origin": [-24.5359, 4, 16.4641], "size": [2, 2, 1], "uv": [0, 321]},
						{"origin": [-27.5359, 4, 16.4641], "size": [2, 2, 1], "uv": [0, 321]},
						{"origin": [-27.5359, 0, 8.4641], "size": [5, 1, 8], "uv": [0, 0]},
						{"origin": [-27.95449, 0, 5.24167], "size": [4, 4, 1], "pivot": [-4.30385, 0, 1.74167], "rotation": [0, 30, 0], "uv": [0, 0]},
						{"origin": [-26.95449, 4, 5.24167], "size": [2, 2, 1], "pivot": [-4.30385, 0, 1.74167], "rotation": [0, 30, 0], "uv": [0, 321]},
						{"origin": [-27.95449, 0, -1.75833], "size": [4, 1, 7], "pivot": [-4.30385, 0, 1.74167], "rotation": [0, 30, 0], "uv": [0, 0]},
						{"origin": [-22.29423, 0, -0.41859], "size": [4, 4, 1], "pivot": [-7.79423, 0, 5.23205], "rotation": [0, 60, 0], "uv": [0, 0]},
						{"origin": [-21.29423, 4, -0.41859], "size": [2, 2, 1], "pivot": [-7.79423, 0, 5.23205], "rotation": [0, 60, 0], "uv": [0, 321]},
						{"origin": [-22.29423, 0, -7.41859], "size": [4, 1, 7], "pivot": [-7.79423, 0, 5.23205], "rotation": [0, 60, 0], "uv": [0, 0]},
						{"origin": [-19.41859, 0, 30.24167], "size": [4, 4, 1], "pivot": [4.23205, 0, 1.74167], "rotation": [0, -30, 0], "uv": [0, 0]},
						{"origin": [-18.41859, 4, 30.24167], "size": [2, 2, 1], "pivot": [4.23205, 0, 1.74167], "rotation": [0, -30, 0], "uv": [0, 321]},
						{"origin": [-19.41859, 0, 23.24167], "size": [4, 1, 7], "pivot": [4.23205, 0, 1.74167], "rotation": [0, -30, 0], "uv": [0, 0]},
						{"origin": [-6.77757, 0, 42.88269], "size": [4, 4, 1], "pivot": [7.72243, 0, 5.23205], "rotation": [0, -60, 0], "uv": [0, 0]},
						{"origin": [-5.77757, 4, 42.88269], "size": [2, 2, 1], "pivot": [7.72243, 0, 5.23205], "rotation": [0, -60, 0], "uv": [0, 321]},
						{"origin": [-6.77757, 0, 36.88269], "size": [4, 1, 6], "pivot": [7.72243, 0, 5.23205], "rotation": [0, -60, 0], "uv": [0, 0]},
						{"origin": [-33, 0, 8], "size": [1, 13, 4], "uv": [0, 0]},
						{"origin": [-33, 0.78248, 5.41329], "size": [15, 11, 3], "uv": [0, 0]},
						{"origin": [-32, 0, 5], "size": [14, 1, 7], "uv": [0, 0]},
						{"origin": [-33, 0, -8], "size": [16, 1, 16], "uv": [0, 0]},
						{"origin": [-18.0718, 0, 8], "size": [1, 13, 4], "uv": [0, 0]}
					]
				},
				{
					"name": "bone9",
					"parent": "bone8",
					"pivot": [0, 7, 7],
					"rotation": [37.5, 0, 0],
					"cubes": [
						{"origin": [-27.5359, 7.76012, 19.11667], "size": [5, 4, 1], "uv": [0, 0]},
						{"origin": [-24.5359, 5.76012, 19.11667], "size": [2, 2, 1], "uv": [0, 321]},
						{"origin": [-27.5359, 5.76012, 19.11667], "size": [2, 2, 1], "uv": [0, 321]},
						{"origin": [-27.5359, 10.76012, 11.11667], "size": [5, 1, 8], "uv": [0, 0]},
						{"origin": [-27.95449, 7.76012, 7.89424], "size": [4, 4, 1], "pivot": [-4.30385, 7.76012, 4.39424], "rotation": [0, 30, 0], "uv": [0, 0]},
						{"origin": [-26.95449, 5.76012, 7.89424], "size": [2, 2, 1], "pivot": [-4.30385, 7.76012, 4.39424], "rotation": [0, 30, 0], "uv": [0, 321]},
						{"origin": [-27.95449, 10.76012, 0.89424], "size": [4, 1, 7], "pivot": [-4.30385, 7.76012, 4.39424], "rotation": [0, 30, 0], "uv": [0, 0]},
						{"origin": [-22.29423, 7.76012, 2.23398], "size": [4, 4, 1], "pivot": [-7.79423, 7.76012, 7.88462], "rotation": [0, 60, 0], "uv": [0, 0]},
						{"origin": [-21.29423, 5.76012, 2.23398], "size": [2, 2, 1], "pivot": [-7.79423, 7.76012, 7.88462], "rotation": [0, 60, 0], "uv": [0, 321]},
						{"origin": [-22.29423, 10.76012, -4.76602], "size": [4, 1, 7], "pivot": [-7.79423, 7.76012, 7.88462], "rotation": [0, 60, 0], "uv": [0, 0]},
						{"origin": [-19.41859, 7.76012, 32.89424], "size": [4, 4, 1], "pivot": [4.23205, 7.76012, 4.39424], "rotation": [0, -30, 0], "uv": [0, 0]},
						{"origin": [-18.41859, 5.76012, 32.89424], "size": [2, 2, 1], "pivot": [4.23205, 7.76012, 4.39424], "rotation": [0, -30, 0], "uv": [0, 321]},
						{"origin": [-19.41859, 10.76012, 25.89424], "size": [4, 1, 7], "pivot": [4.23205, 7.76012, 4.39424], "rotation": [0, -30, 0], "uv": [0, 0]},
						{"origin": [-6.77757, 7.76012, 45.53526], "size": [4, 4, 1], "pivot": [7.72243, 7.76012, 7.88462], "rotation": [0, -60, 0], "uv": [0, 0]},
						{"origin": [-5.77757, 5.76012, 45.53526], "size": [2, 2, 1], "pivot": [7.72243, 7.76012, 7.88462], "rotation": [0, -60, 0], "uv": [0, 321]},
						{"origin": [-6.77757, 10.76012, 39.53526], "size": [4, 1, 6], "pivot": [7.72243, 7.76012, 7.88462], "rotation": [0, -60, 0], "uv": [0, 0]},
						{"origin": [-33, 7.76012, 9.65257], "size": [1, 4, 5], "uv": [0, 0]},
						{"origin": [-32, 10.76012, 8.65257], "size": [14, 1, 6], "uv": [0, 0]},
						{"origin": [-18.0718, 7.76012, 9.65257], "size": [1, 4, 5], "uv": [0, 0]}
					]
				}
			]
		}
	]
}