{
	"format_version": "1.10.0",
	"geometry.jugai": {
		"texturewidth": 64,
		"textureheight": 64,
		"visible_bounds_width": 3,
		"visible_bounds_height": 4.5,
		"visible_bounds_offset": [0, 0.75, 0],
		"bones": [
			{
				"name": "root",
				"pivot": [0, 0, 0]
			},
			{
				"name": "head",
				"parent": "root",
				"pivot": [0, 24, 0],
				"cubes": [
					{"origin": [-3.5, 24.5, -3], "size": [7, 8, 6], "uv": [0, 0]}
				]
			},
			{
				"name": "body",
				"parent": "root",
				"pivot": [0, 24, 0],
				"cubes": [
					{"origin": [-3.5, 12, -2], "size": [7, 12, 4], "uv": [0, 29]},
					{"origin": [-4.5, 19, -2], "size": [9, 5, 4], "uv": [0, 29], "inflate": 0.25},
					{"origin": [-3, 24, -2], "size": [6, 1, 4], "uv": [0, 29]}
				]
			},
			{
				"name": "rightArm",
				"parent": "root",
				"pivot": [-5, 24, 0],
				"cubes": [
					{"origin": [-6, 18, -1], "size": [1.5, 6, 2], "uv": [51, 52]}
				]
			},
			{
				"name": "bone6",
				"parent": "rightArm",
				"pivot": [-4.5, 18, 0],
				"rotation": [-10, 0, 0],
				"cubes": [
					{"origin": [-6, 11.3473, -1.03038], "size": [1.5, 7, 2], "uv": [51, 52]}
				]
			},
			{
				"name": "rightItem",
				"parent": "rightArm",
				"pivot": [-6, 15, 1]
			},
			{
				"name": "leftArm",
				"parent": "root",
				"pivot": [5, 24, 0],
				"mirror": true,
				"cubes": [
					{"origin": [4.5, 18, -1], "size": [1.5, 6, 2], "uv": [51, 52]}
				]
			},
			{
				"name": "bone5",
				"parent": "leftArm",
				"pivot": [5.5, 18, 0],
				"rotation": [-10, 0, 0],
				"cubes": [
					{"origin": [4.5, 11.3473, -1.03038], "size": [1.5, 7, 2], "uv": [51, 52], "mirror": true}
				]
			},
			{
				"name": "leftItem",
				"parent": "leftArm",
				"pivot": [6, 15, 1]
			},
			{
				"name": "rightLeg",
				"parent": "root",
				"pivot": [-1.9, 12, 0],
				"cubes": [
					{"origin": [-3.5, -0.06282, -2.31189], "size": [3, 1.4, 4], "uv": [0, 47], "inflate": -0.1, "mirror": true}
				]
			},
			{
				"name": "bone",
				"parent": "rightLeg",
				"pivot": [-2, 6.5, 0],
				"rotation": [5, 0, 0],
				"cubes": [
					{"origin": [-3.5, 0.76403, -1.4067], "size": [3, 6.5, 2.5], "uv": [0, 47], "inflate": -0.1}
				]
			},
			{
				"name": "bone2",
				"parent": "rightLeg",
				"pivot": [0, 0, -4],
				"rotation": [-5, 0, 0],
				"cubes": [
					{"origin": [-3.5, 6.97727, -2.0687], "size": [3, 6.5, 2.5], "uv": [0, 47], "inflate": -0.1}
				]
			},
			{
				"name": "leftLeg",
				"parent": "root",
				"pivot": [1.9, 12, 0],
				"mirror": true,
				"cubes": [
					{"origin": [0.5, -0.06282, -2.31189], "size": [3, 1.4, 4], "uv": [0, 47], "inflate": -0.1}
				]
			},
			{
				"name": "bone3",
				"parent": "leftLeg",
				"pivot": [-2, 6.5, 0],
				"rotation": [5, 0, 0],
				"cubes": [
					{"origin": [0.5, 0.76403, -1.4067], "size": [3, 6.5, 2.5], "uv": [0, 47], "inflate": -0.1}
				]
			},
			{
				"name": "bone4",
				"parent": "leftLeg",
				"pivot": [0, 0, -4],
				"rotation": [-5, 0, 0],
				"cubes": [
					{"origin": [0.5, 6.97727, -2.0687], "size": [3, 6.5, 2.5], "uv": [0, 47], "inflate": -0.1}
				]
			}
		]
	}
}