{
	"format_version": "1.10.0",
	"geometry.jugon": {
		"texturewidth": 8,
		"textureheight": 8,
		"visible_bounds_width": 2,
		"visible_bounds_height": 3.5,
		"visible_bounds_offset": [0, 1.25, 0],
		"bones": [
			{
				"name": "root",
				"pivot": [0, 0, 0]
			},
			{
				"name": "body",
				"parent": "root",
				"pivot": [0, 12, 0]
			},
			{
				"name": "head",
				"parent": "body",
				"pivot": [0, 24, 0],
				"mirror": true,
				"cubes": [
					{"origin": [0, 24.5, -4.1], "size": [4, 2, 0], "uv": [0, 4]}
				]
			},
			{
				"name": "head2",
				"parent": "head",
				"pivot": [-2, 0, 4],
				"rotation": [0, 180, 0],
				"cubes": [
					{"origin": [-4, 24.5, 12.1], "size": [4, 2, 0], "uv": [0, 4], "mirror": true}
				]
			}
		]
	}
}