{
	"format_version": "1.16.0",
	"minecraft:geometry": [
		{
			"description": {
				"identifier": "geometry.nanami_sword",
				"texture_width": 128,
				"texture_height": 128,
				"visible_bounds_width": 3,
				"visible_bounds_height": 2.5,
				"visible_bounds_offset": [0, 0.75, 0]
			},
			"bones": [
				{
					"name": "nanami_sword",
					"pivot": [0, 0, 0],
					"binding": "q.item_slot_to_bone_name(c.item_slot)"
				},
				{
					"name": "nanami_sword2",
					"parent": "nanami_sword",
					"pivot": [0, 0, 0]
				},
				{
					"name": "nanami_sword3",
					"parent": "nanami_sword2",
					"pivot": [0.05, -14, -2],
					"cubes": [
						{
							"origin": [-0.35, 20.95, -5],
							"size": [0.75, 1.65, 8.275],
							"uv": {
								"north": {"uv": [8, 8], "uv_size": [0, 1]},
								"east": {"uv": [0, 8], "uv_size": [8, 1]},
								"south": {"uv": [16, 8], "uv_size": [0, 1]},
								"west": {"uv": [8, 8], "uv_size": [8, 1]},
								"up": {"uv": [8, 0], "uv_size": [0, 8]},
								"down": {"uv": [8, 8], "uv_size": [0, -8]}
							}
						},
						{
							"origin": [-0.35, 21.7492, -0.69443],
							"size": [0.75, 1.9, 0.575],
							"pivot": [0.05, 8.0492, -2.69443],
							"rotation": [-15, 0, 0],
							"uv": {
								"north": {"uv": [0, 0], "uv_size": [0, 1]},
								"east": {"uv": [0, 0], "uv_size": [0, 1]},
								"south": {"uv": [0, 0], "uv_size": [0, 1]},
								"west": {"uv": [0, 0], "uv_size": [0, 1]},
								"up": {"uv": [0, 0], "uv_size": [0, 0]},
								"down": {"uv": [0, 0], "uv_size": [0, 0]}
							}
						},
						{
							"origin": [-0.35, 21.4742, -2.59443],
							"size": [0.75, 1.25, 2.475],
							"pivot": [0.05, 8.0492, -2.69443],
							"rotation": [-15, 0, 0],
							"uv": {
								"north": {"uv": [2, 2], "uv_size": [0, 1]},
								"east": {"uv": [0, 2], "uv_size": [2, 1]},
								"south": {"uv": [4, 2], "uv_size": [0, 1]},
								"west": {"uv": [2, 2], "uv_size": [2, 1]},
								"up": {"uv": [2, 0], "uv_size": [0, 2]},
								"down": {"uv": [2, 2], "uv_size": [0, -2]}
							}
						},
						{
							"origin": [-0.35, 23.89118, -3.70164],
							"size": [0.75, 1.65, 0.375],
							"pivot": [0.05, 9.94118, -5.70164],
							"rotation": [-30, 0, 0],
							"uv": {
								"north": {"uv": [0, 0], "uv_size": [0, 1]},
								"east": {"uv": [0, 0], "uv_size": [0, 1]},
								"south": {"uv": [0, 0], "uv_size": [0, 1]},
								"west": {"uv": [0, 0], "uv_size": [0, 1]},
								"up": {"uv": [0, 0], "uv_size": [0, 0]},
								"down": {"uv": [0, 0], "uv_size": [0, 0]}
							}
						},
						{
							"origin": [-0.35, 23.79908, -4.42632],
							"size": [0.75, 2.25, 0.675],
							"pivot": [0.05, 10.44908, -6.22632],
							"rotation": [-34, 0, 0],
							"uv": {
								"north": {"uv": [0, 0], "uv_size": [0, 2]},
								"east": {"uv": [0, 0], "uv_size": [0, 2]},
								"south": {"uv": [0, 0], "uv_size": [0, 2]},
								"west": {"uv": [0, 0], "uv_size": [0, 2]},
								"up": {"uv": [0, 0], "uv_size": [0, 0]},
								"down": {"uv": [0, 0], "uv_size": [0, 0]}
							}
						},
						{
							"origin": [-0.35, 26.03141, -5.89612],
							"size": [0.75, 1.95, 0.675],
							"pivot": [0.05, 12.38141, -7.89612],
							"rotation": [-45, 0, 0],
							"uv": {
								"north": {"uv": [0, 0], "uv_size": [0, 1]},
								"east": {"uv": [0, 0], "uv_size": [0, 1]},
								"south": {"uv": [0, 0], "uv_size": [0, 1]},
								"west": {"uv": [0, 0], "uv_size": [0, 1]},
								"up": {"uv": [0, 0], "uv_size": [0, 0]},
								"down": {"uv": [0, 0], "uv_size": [0, 0]}
							}
						},
						{
							"origin": [-0.35, 29.50282, -7.48374],
							"size": [0.75, 1.55, 0.475],
							"pivot": [0.05, 15.45282, -9.48374],
							"rotation": [-60, 0, 0],
							"uv": {
								"north": {"uv": [0, 0], "uv_size": [0, 1]},
								"east": {"uv": [0, 0], "uv_size": [0, 1]},
								"south": {"uv": [0, 0], "uv_size": [0, 1]},
								"west": {"uv": [0, 0], "uv_size": [0, 1]},
								"up": {"uv": [0, 0], "uv_size": [0, 0]},
								"down": {"uv": [0, 0], "uv_size": [0, 0]}
							}
						},
						{
							"origin": [-0.35, 32.45368, -8.32232],
							"size": [0.75, 2.15, 0.475],
							"pivot": [0.05, 19.00368, -10.32232],
							"rotation": [-75, 0, 0],
							"uv": {
								"north": {"uv": [0, 0], "uv_size": [0, 2]},
								"east": {"uv": [0, 0], "uv_size": [0, 2]},
								"south": {"uv": [0, 0], "uv_size": [0, 2]},
								"west": {"uv": [0, 0], "uv_size": [0, 2]},
								"up": {"uv": [0, 0], "uv_size": [0, 0]},
								"down": {"uv": [0, 0], "uv_size": [0, 0]}
							}
						},
						{
							"origin": [-0.35, 38.15261, -7.97963],
							"size": [0.75, 1.45, 0.475],
							"pivot": [0.05, 24.00261, -9.97963],
							"rotation": [-95, 0, 0],
							"uv": {
								"north": {"uv": [0, 0], "uv_size": [0, 1]},
								"east": {"uv": [0, 0], "uv_size": [0, 1]},
								"south": {"uv": [0, 0], "uv_size": [0, 1]},
								"west": {"uv": [0, 0], "uv_size": [0, 1]},
								"up": {"uv": [0, 0], "uv_size": [0, 0]},
								"down": {"uv": [0, 0], "uv_size": [0, 0]}
							}
						},
						{
							"origin": [-0.35, 37.95261, -7.60463],
							"size": [0.75, 1.45, 0.475],
							"pivot": [0.05, 24.00261, -9.97963],
							"rotation": [-95, 0, 0],
							"uv": {
								"north": {"uv": [0, 0], "uv_size": [0, 1]},
								"east": {"uv": [0, 0], "uv_size": [0, 1]},
								"south": {"uv": [0, 0], "uv_size": [0, 1]},
								"west": {"uv": [0, 0], "uv_size": [0, 1]},
								"up": {"uv": [0, 0], "uv_size": [0, 0]},
								"down": {"uv": [0, 0], "uv_size": [0, 0]}
							}
						},
						{
							"origin": [-0.35, 43.73286, -5.94787],
							"size": [0.75, 0.45, 1.375],
							"pivot": [0.05, 28.58286, -7.94787],
							"rotation": [-115, 0, 0],
							"uv": {
								"north": {"uv": [1, 1], "uv_size": [0, 0]},
								"east": {"uv": [0, 1], "uv_size": [1, 0]},
								"south": {"uv": [2, 1], "uv_size": [0, 0]},
								"west": {"uv": [1, 1], "uv_size": [1, 0]},
								"up": {"uv": [1, 0], "uv_size": [0, 1]},
								"down": {"uv": [1, 1], "uv_size": [0, -1]}
							}
						},
						{
							"origin": [-0.35, 47.94407, 9.22837],
							"size": [0.75, 0.85, 2.75],
							"pivot": [0.05, 33.19407, 11.47837],
							"rotation": [145, 0, 0],
							"uv": {
								"north": {"uv": [2, 2], "uv_size": [0, 0]},
								"east": {"uv": [0, 2], "uv_size": [2, 0]},
								"south": {"uv": [4, 2], "uv_size": [0, 0]},
								"west": {"uv": [2, 2], "uv_size": [2, 0]},
								"up": {"uv": [2, 0], "uv_size": [0, 2]},
								"down": {"uv": [2, 2], "uv_size": [0, -2]}
							}
						},
						{
							"origin": [-0.35, 40.42743, 16.75882],
							"size": [0.75, 0.25, 2.75],
							"pivot": [0.05, 25.07743, 19.00882],
							"rotation": [105, 0, 0],
							"uv": {
								"north": {"uv": [2, 2], "uv_size": [0, 0]},
								"east": {"uv": [0, 2], "uv_size": [2, 0]},
								"south": {"uv": [4, 2], "uv_size": [0, 0]},
								"west": {"uv": [2, 2], "uv_size": [2, 0]},
								"up": {"uv": [2, 0], "uv_size": [0, 2]},
								"down": {"uv": [2, 2], "uv_size": [0, -2]}
							}
						},
						{
							"origin": [-0.35, 19.56114, 5.83188],
							"size": [0.75, 0.25, 1.65],
							"pivot": [0.05, 18.32109, 5.65097],
							"rotation": [72.5, 0, 0],
							"uv": {
								"north": {"uv": [1, 1], "uv_size": [0, 0]},
								"east": {"uv": [0, 1], "uv_size": [1, 0]},
								"south": {"uv": [2, 1], "uv_size": [0, 0]},
								"west": {"uv": [1, 1], "uv_size": [1, 0]},
								"up": {"uv": [1, 0], "uv_size": [0, 1]},
								"down": {"uv": [1, 1], "uv_size": [0, -1]}
							}
						},
						{
							"origin": [-0.35, 19.54006, 5.54162],
							"size": [0.75, 0.25, 1.65],
							"pivot": [0.05, 18.30001, 5.36071],
							"rotation": [67.5, 0, 0],
							"uv": {
								"north": {"uv": [1, 1], "uv_size": [0, 0]},
								"east": {"uv": [0, 1], "uv_size": [1, 0]},
								"south": {"uv": [2, 1], "uv_size": [0, 0]},
								"west": {"uv": [1, 1], "uv_size": [1, 0]},
								"up": {"uv": [1, 0], "uv_size": [0, 1]},
								"down": {"uv": [1, 1], "uv_size": [0, -1]}
							}
						},
						{
							"origin": [-0.35, 19.50072, 5.21768],
							"size": [0.75, 0.25, 1.65],
							"pivot": [0.05, 18.26067, 5.03678],
							"rotation": [60, 0, 0],
							"uv": {
								"north": {"uv": [1, 1], "uv_size": [0, 0]},
								"east": {"uv": [0, 1], "uv_size": [1, 0]},
								"south": {"uv": [2, 1], "uv_size": [0, 0]},
								"west": {"uv": [1, 1], "uv_size": [1, 0]},
								"up": {"uv": [1, 0], "uv_size": [0, 1]},
								"down": {"uv": [1, 1], "uv_size": [0, -1]}
							}
						},
						{
							"origin": [-0.35, 19.46674, 4.85137],
							"size": [0.75, 2.35, 1.65],
							"pivot": [0.05, 18.22669, 4.67046],
							"rotation": [50, 0, 0],
							"uv": {
								"north": {"uv": [1, 1], "uv_size": [0, 2]},
								"east": {"uv": [0, 1], "uv_size": [1, 2]},
								"south": {"uv": [2, 1], "uv_size": [0, 2]},
								"west": {"uv": [1, 1], "uv_size": [1, 2]},
								"up": {"uv": [1, 0], "uv_size": [0, 1]},
								"down": {"uv": [1, 1], "uv_size": [0, -1]}
							}
						}
					]
				},
				{
					"name": "nanami_sword4",
					"parent": "nanami_sword2",
					"pivot": [0.15, -14.8, -3.3],
					"cubes": [
						{
							"origin": [-1.50556, 18.05661, -17.216],
							"size": [0.128, 1.152, 12.232],
							"pivot": [-1.18556, 1.28861, -4.984],
							"rotation": [0, 0, 5],
							"uv": {
								"north": {"uv": [112, 113], "uv_size": [0, 1]},
								"east": {"uv": [100, 113], "uv_size": [12, 1]},
								"south": {"uv": [124, 113], "uv_size": [0, 1]},
								"west": {"uv": [112, 113], "uv_size": [12, 1]},
								"up": {"uv": [112, 101], "uv_size": [0, 12]},
								"down": {"uv": [112, 113], "uv_size": [0, -12]}
							}
						},
						{
							"origin": [1.42561, 18.10123, -17.216],
							"size": [0.128, 1.152, 12.232],
							"pivot": [1.74561, 1.33323, -4.984],
							"rotation": [0, 0, -5],
							"uv": {
								"north": {"uv": [112, 113], "uv_size": [0, 1]},
								"east": {"uv": [100, 113], "uv_size": [12, 1]},
								"south": {"uv": [124, 113], "uv_size": [0, 1]},
								"west": {"uv": [112, 113], "uv_size": [12, 1]},
								"up": {"uv": [112, 101], "uv_size": [0, 12]},
								"down": {"uv": [112, 113], "uv_size": [0, -12]}
							}
						},
						{
							"origin": [-0.007, 18.77315, -17.216],
							"size": [0.064, 1.28, 12.232],
							"uv": {
								"north": {"uv": [112, 113], "uv_size": [0, 1]},
								"east": {"uv": [100, 113], "uv_size": [12, 1]},
								"south": {"uv": [124, 113], "uv_size": [0, 1]},
								"west": {"uv": [112, 113], "uv_size": [12, 1]},
								"up": {"uv": [112, 101], "uv_size": [0, 12]},
								"down": {"uv": [112, 113], "uv_size": [0, -12]}
							}
						},
						{
							"origin": [-0.135, 19.15715, -17.216],
							"size": [0.32, 3.328, 12.232],
							"uv": {
								"north": {"uv": [112, 113], "uv_size": [0, 3]},
								"east": {"uv": [100, 113], "uv_size": [12, 3]},
								"south": {"uv": [124, 113], "uv_size": [0, 3]},
								"west": {"uv": [112, 113], "uv_size": [12, 3]},
								"up": {"uv": [112, 101], "uv_size": [0, 12]},
								"down": {"uv": [112, 113], "uv_size": [0, -12]}
							}
						}
					]
				}
			]
		}
	]
}