{
	"format_version": "1.12.0",
	"minecraft:geometry": [
		{
			"description": {
				"identifier": "geometry.nue",
				"texture_width": 320,
				"texture_height": 320,
				"visible_bounds_width": 4,
				"visible_bounds_height": 2.5,
				"visible_bounds_offset": [0, 0.75, 0]
			},
			"bones": [
				{
					"name": "root",
					"pivot": [0, 0, 4],
					"rotation": [12.5, 0, 0]
				},
				{
					"name": "head",
					"parent": "root",
					"pivot": [1, 15, -1],
					"cubes": [
						{"origin": [-2.5, 13.8, -4], "size": [5, 5.2, 5], "uv": [104, 93]},
						{"origin": [1.30897, 13.875, -4.5], "size": [0.7, 3.25, 1], "pivot": [1.5, 14, -5], "rotation": [0, 0, -90], "uv": [2, 2]},
						{"origin": [1.13397, 13.9, -4.45], "size": [0.5, 1, 0.15], "uv": [57, 0]},
						{"origin": [1.13397, 15.1, -4.45], "size": [0.5, 1.1, 0.15], "uv": [57, 0]},
						{"origin": [0.5, 15.1, -4.45], "size": [0.5, 1.1, 0.15], "uv": [57, 0]},
						{"origin": [-1.61603, 13.9, -4.45], "size": [0.5, 1, 0.15], "uv": [57, 0]},
						{"origin": [-1.61603, 15.1, -4.45], "size": [0.5, 1.1, 0.15], "uv": [57, 0]},
						{"origin": [-1, 13.9, -4.45], "size": [0.5, 1, 0.15], "uv": [57, 0]},
						{"origin": [-1, 15.1, -4.45], "size": [0.5, 1.1, 0.15], "uv": [57, 0]},
						{"origin": [0.5, 13.9, -4.45], "size": [0.5, 1, 0.15], "uv": [57, 0]},
						{"origin": [-0.25, 15.1, -4.45], "size": [0.5, 1.1, 0.15], "uv": [57, 0]},
						{"origin": [-0.25, 13.9, -4.45], "size": [0.5, 1, 0.15], "uv": [57, 0]},
						{"origin": [-1.61603, 16, -4.5], "size": [3.25, 3, 1], "uv": [136, 217]},
						{"origin": [-1.81603, 17, -4.75981], "size": [3.6, 1, 0.3], "uv": [57, 0]},
						{"origin": [0.3, 16, -4.75981], "size": [0.6, 1, 0.3], "uv": [68, 96]},
						{"origin": [-0.81603, 16, -4.75981], "size": [0.6, 1, 0.3], "uv": [68, 96]},
						{"origin": [-1.81603, 15.5, -4.75981], "size": [3.6, 1, 0.3], "uv": [57, 0]},
						{"origin": [-0.45, 16, -5.05981], "size": [1, 2, 1.3], "uv": [243, 264]},
						{"origin": [-1.61603, 15.5, -4.5], "size": [3.25, 1, 1], "uv": [0, 0]},
						{"origin": [-5.76795, 13.8, -4.87564], "size": [1, 5.2, 1], "pivot": [-2.76795, -3, 9.12436], "rotation": [0, -30, 0], "uv": [120, 97]},
						{"origin": [-6.11795, 16, -5.26943], "size": [1, 2, 0.3], "pivot": [-3.11795, -3, 9.73057], "rotation": [0, -30, 0], "uv": [258, 245]},
						{"origin": [4.44808, 16, -7.76943], "size": [1, 2, 0.3], "pivot": [7.44808, -2, 7.23057], "rotation": [0, 30, 0], "uv": [246, 233]},
						{"origin": [4.09808, 13.8, -7.37564], "size": [1, 5.2, 1], "pivot": [7.09808, -3, 6.62436], "rotation": [0, 30, 0], "uv": [129, 80]},
						{"origin": [2.5, 14.01253, -2.03383], "size": [0.5, 5, 3], "uv": [0, 0]},
						{"origin": [-3, 14.01253, -2.03383], "size": [0.5, 5, 3], "uv": [0, 0]},
						{"origin": [-2.25, 3, 23], "size": [4.525, 4.5, 0.5], "pivot": [0, 0, 4], "rotation": [90, 0, 0], "uv": [0, 0]},
						{"origin": [-1.275, -6.7125, -15.9125], "size": [2.525, 3.5, 0.5], "pivot": [0, 0, 4], "rotation": [-90, 0, 0], "uv": [0, 0]}
					]
				},
				{
					"name": "body",
					"parent": "root",
					"pivot": [0, 0, 4],
					"cubes": [
						{"origin": [-3.5, 5, 8], "size": [7, 10, 6], "pivot": [0.5, -2, 4], "rotation": [35, 0, 0], "uv": [0, 0]},
						{"origin": [-2.5, 7.21863, 20.97833], "size": [5, 5, 5], "pivot": [0.5, -4.78137, 16.97833], "rotation": [65, 0, 0], "uv": [0, 0]},
						{"origin": [-1.5, 11.45857, 19.38122], "size": [3, 5, 1], "pivot": [2.5, -0.54143, 18.38122], "rotation": [72, 0, 0], "uv": [0, 0]},
						{"origin": [-2.5, 0.86743, 5.57728], "size": [5, 2, 2], "pivot": [0.5, -0.13257, 11.57728], "rotation": [-65, 0, 0], "uv": [0, 0]},
						{"origin": [-2.5, 13.91528, 28.79311], "size": [5, 3, 3], "pivot": [0.5, -0.08472, 24.79311], "rotation": [90, 0, 0], "uv": [0, 0]},
						{"origin": [-3.25, 15, 11], "size": [6.5, 2, 3], "pivot": [0.5, -2, 4], "rotation": [35, 0, 0], "uv": [0, 0]},
						{"origin": [-2.5, 15.80354, 16.21853], "size": [5, 2, 2], "pivot": [0.5, -1.19646, 8.21853], "rotation": [47.5, 0, 0], "uv": [0, 0]},
						{"origin": [-2.5, 15.63984, 18.3621], "size": [5, 1, 1], "pivot": [0.5, -1.36016, 8.3621], "rotation": [47.5, 0, 0], "uv": [0, 0]},
						{"origin": [-1.5, 20.0493, 19.99503], "size": [3, 2, 1.5], "pivot": [-0.5, 3.0493, 12.99503], "rotation": [60, 0, 0], "uv": [0, 0]},
						{"origin": [-2.5, 5, 7], "size": [5, 8, 1], "pivot": [0.5, -2, 4], "rotation": [35, 0, 0], "uv": [0, 0]},
						{"origin": [-1.5, 13, 7], "size": [3, 3, 1], "pivot": [0.5, -2, 4], "rotation": [35, 0, 0], "uv": [0, 0]},
						{"origin": [-2.5, 0, 13], "size": [5, 15, 2], "pivot": [0.5, -2, 4], "rotation": [35, 0, 0], "uv": [0, 0]}
					]
				},
				{
					"name": "left_feather",
					"parent": "body",
					"pivot": [2, 13, 6],
					"rotation": [35, 0, 0],
					"cubes": [
						{"origin": [1.5, 8.85988, 5.25805], "size": [8, 10, 0.5], "uv": [0, 0]},
						{"origin": [-0.5, 6.85988, 5.25805], "size": [6, 2, 0.5], "uv": [0, 0]},
						{"origin": [-0.5, 5.85988, 5.25805], "size": [5, 1, 0.5], "uv": [0, 0]},
						{"origin": [6.46236, 9.85988, 11.4345], "size": [6, 9, 0.5], "pivot": [-3.54423, 3.49818, 3.17796], "rotation": [0, 30, 0], "uv": [0, 0]},
						{"origin": [13.47708, 10.85988, 17.93503], "size": [5, 8, 0.5], "pivot": [-2.72308, 3.49818, 9.28938], "rotation": [0, 50, 0], "uv": [0, 0]},
						{"origin": [21.59878, 12.85988, 23.15461], "size": [4, 6, 0.5], "pivot": [0.3478, 3.49818, 14.18626], "rotation": [0, 65, 0], "uv": [0, 0]}
					]
				},
				{
					"name": "right_feather",
					"parent": "body",
					"pivot": [-2, 13, 6]
				},
				{
					"name": "right_feather2",
					"parent": "right_feather",
					"pivot": [0, 0, 4],
					"rotation": [35, 0, 0],
					"cubes": [
						{"origin": [-9.5, 5.3617, 12.35285], "size": [8, 10, 0.5], "uv": [0, 0], "mirror": true},
						{"origin": [-5.5, 3.3617, 12.35285], "size": [6, 2, 0.5], "uv": [0, 0], "mirror": true},
						{"origin": [-4.5, 2.3617, 12.35285], "size": [5, 1, 0.5], "uv": [0, 0], "mirror": true},
						{"origin": [-12.59634, 6.3617, 18.0293], "size": [6, 9, 0.5], "pivot": [2.54423, 0, 10.27276], "rotation": [0, -30, 0], "uv": [0, 0], "mirror": true},
						{"origin": [-18.83429, 7.3617, 24.26379], "size": [5, 8, 0.5], "pivot": [1.72308, 0, 16.38418], "rotation": [0, -50, 0], "uv": [0, 0], "mirror": true},
						{"origin": [-26.17617, 9.3617, 29.3431], "size": [4, 6, 0.5], "pivot": [-1.3478, 0, 21.28106], "rotation": [0, -65, 0], "uv": [0, 0], "mirror": true}
					]
				},
				{
					"name": "leftLeg",
					"parent": "root",
					"pivot": [2, 8, 3],
					"cubes": [
						{"origin": [0.5, 3, 0], "size": [3, 4, 3], "pivot": [0.5, -2, 4], "rotation": [-12.5, 0, 0], "uv": [0, 0]},
						{"origin": [1.5, 1, 1], "size": [1, 2, 1], "pivot": [0.5, -2, 4], "rotation": [-12.5, 0, 0], "uv": [295, 12]},
						{"origin": [1.5, 0, -1], "size": [2, 1, 3], "pivot": [0.5, -2, 4], "rotation": [-12.5, 0, 0], "uv": [267, 29]},
						{"origin": [2.80503, 0, -2.98538], "size": [0.3, 1, 3], "pivot": [2.10503, -2, 4.01462], "rotation": [-12.5, 17.5, 0], "uv": [317, 0]},
						{"origin": [2.26723, 0.21644, -3.42769], "size": [0.3, 1, 3], "pivot": [1.56723, -1.78356, 2.57231], "rotation": [-12.5, 0, 0], "uv": [265, 42]},
						{"origin": [2.26723, 0.21644, -3.42769], "size": [0.3, 1, 3], "pivot": [1.56723, -1.78356, 2.57231], "rotation": [-12.5, -17.5, 0], "uv": [278, 26]},
						{"origin": [1.5, 0, 2], "size": [1, 1, 0.5], "pivot": [0.5, -2, 4], "rotation": [-12.5, 0, 0], "uv": [270, 20]}
					]
				},
				{
					"name": "rightLeg",
					"parent": "root",
					"pivot": [-2, 8, 3],
					"cubes": [
						{"origin": [-3.5, 3, 0], "size": [3, 4, 3], "pivot": [0.5, -2, 4], "rotation": [-12.5, 0, 0], "uv": [0, 0]},
						{"origin": [-2.5, 1, 1], "size": [1, 2, 1], "pivot": [0.5, -2, 4], "rotation": [-12.5, 0, 0], "uv": [304, 6]},
						{"origin": [-3.5, 0, -1], "size": [2, 1, 3], "pivot": [0.5, -2, 4], "rotation": [-12.5, 0, 0], "uv": [285, 2]},
						{"origin": [-2.5, 0, 2], "size": [1, 1, 0.5], "pivot": [0.5, -2, 4], "rotation": [-12.5, 0, 0], "uv": [291, 20]},
						{"origin": [-2.48854, 0.21644, -2.91649], "size": [0.3, 1, 3], "pivot": [-3.18854, -1.78356, 3.08351], "rotation": [-12.5, 17.5, 0], "uv": [281, 22]},
						{"origin": [-2.53176, 0.43288, -2.75739], "size": [0.3, 1, 3], "pivot": [-1.23176, -1.56712, 2.24261], "rotation": [-12.5, -17.5, 0], "uv": [270, 36]},
						{"origin": [-2.53176, 0.43288, -2.75739], "size": [0.3, 1, 3], "pivot": [-1.23176, -1.56712, 2.24261], "rotation": [-12.5, 0, 0], "uv": [268, 23]}
					]
				},
				{
					"name": "tail",
					"parent": "root",
					"pivot": [0, 8, 12],
					"rotation": [60, 0, 0],
					"cubes": [
						{"origin": [0.5, 0.86751, 9.62749], "size": [1, 7, 1], "uv": [0, 0]},
						{"origin": [-0.5, 0.86751, 9.62749], "size": [1, 8, 1], "uv": [0, 0]},
						{"origin": [-1.5, 0.86751, 9.62749], "size": [1, 7, 1], "uv": [0, 0]},
						{"origin": [-2.93301, 1.75148, 9.62749], "size": [1, 7, 1], "pivot": [-2.86603, 3.36751, 3.35954], "rotation": [0, 0, 30], "uv": [0, 0]},
						{"origin": [-3.93301, 1.75148, 9.62749], "size": [1, 6, 1], "pivot": [-2.86603, 3.36751, 3.35954], "rotation": [0, 0, 30], "uv": [0, 0]},
						{"origin": [-1.93301, 1.75148, 9.62749], "size": [1, 6, 1], "pivot": [-2.86603, 3.36751, 3.35954], "rotation": [0, 0, 30], "uv": [0, 0]},
						{"origin": [1.66506, 1.75148, 9.62749], "size": [1, 8, 1], "pivot": [2.73205, 3.86751, 3.35954], "rotation": [0, 0, -30], "uv": [0, 0]},
						{"origin": [0.66506, 1.75148, 9.62749], "size": [1, 8, 1], "pivot": [2.73205, 3.86751, 3.35954], "rotation": [0, 0, -30], "uv": [0, 0]},
						{"origin": [2.66506, 1.75148, 9.62749], "size": [1, 7, 1], "pivot": [2.73205, 3.86751, 3.35954], "rotation": [0, 0, -30], "uv": [0, 0]},
						{"origin": [-4.98205, 5.16655, 9.62749], "size": [1, 6, 1], "pivot": [-5.09808, 5.23353, 3.35954], "rotation": [0, 0, 60], "uv": [0, 0]},
						{"origin": [-5.98205, 4.16655, 9.62749], "size": [1, 7, 1], "pivot": [-5.09808, 5.23353, 3.35954], "rotation": [0, 0, 60], "uv": [0, 0]},
						{"origin": [-3.98205, 4.16655, 9.62749], "size": [1, 6, 1], "pivot": [-5.09808, 5.23353, 3.35954], "rotation": [0, 0, 60], "uv": [0, 0]},
						{"origin": [3.98205, 4.16655, 9.62749], "size": [1, 7, 1], "pivot": [4.59808, 6.09956, 3.35954], "rotation": [0, 0, -60], "uv": [0, 0]},
						{"origin": [2.98205, 5.16655, 9.62749], "size": [1, 7, 1], "pivot": [4.59808, 6.09956, 3.35954], "rotation": [0, 0, -60], "uv": [0, 0]},
						{"origin": [1.98205, 4.16655, 9.62749], "size": [1, 8, 1], "pivot": [4.59808, 6.09956, 3.35954], "rotation": [0, 0, -60], "uv": [0, 0]}
					]
				}
			]
		}
	]
}