{
	"format_version": "1.12.0",
	"minecraft:geometry": [
		{
			"description": {
				"identifier": "geometry.shigemo_sword2",
				"texture_width": 16,
				"texture_height": 16,
				"visible_bounds_width": 5,
				"visible_bounds_height": 2.5,
				"visible_bounds_offset": [0, 0.75, 0]
			},
			"bones": [
				{
					"name": "sword",
					"pivot": [-8.075, -0.275, 26]
				},
				{
					"name": "shigemo_sword",
					"parent": "sword",
					"pivot": [0, 0.25, -0.5],
					"rotation": [2.5, 0, 0]
				},
				{
					"name": "shigemo_sword2",
					"parent": "shigemo_sword",
					"pivot": [-8.4, -1.025, 17.5],
					"rotation": [0, 0, 90]
				},
				{
					"name": "areyo",
					"parent": "shigemo_sword2",
					"pivot": [-9.725, 8.275, 16.525],
					"cubes": [
						{
							"origin": [-9.53675, 7.30286, 16.01644],
							"size": [0.08506, 0.17013, 0.51712],
							"uv": {
								"north": {"uv": [15, 8], "uv_size": [0, 0]},
								"east": {"uv": [14, 8], "uv_size": [1, 0]},
								"south": {"uv": [16, 8], "uv_size": [0, 0]},
								"west": {"uv": [15, 8], "uv_size": [1, 0]},
								"up": {"uv": [15, 7], "uv_size": [0, 1]},
								"down": {"uv": [15, 8], "uv_size": [0, -1]}
							}
						},
						{
							"origin": [-9.33827, 7.18944, 16.01644],
							"size": [0.48202, 0.39696, 0.51712],
							"uv": {
								"north": {"uv": [15, 8], "uv_size": [0, 0]},
								"east": {"uv": [14, 8], "uv_size": [1, 0]},
								"south": {"uv": [16, 8], "uv_size": [0, 0]},
								"west": {"uv": [15, 8], "uv_size": [1, 0]},
								"up": {"uv": [15, 7], "uv_size": [0, 1]},
								"down": {"uv": [15, 8], "uv_size": [0, -1]}
							}
						},
						{
							"origin": [-8.73781, 7.30286, 16.01644],
							"size": [0.08506, 0.17013, 0.51712],
							"uv": {
								"north": {"uv": [15, 8], "uv_size": [0, 0]},
								"east": {"uv": [14, 8], "uv_size": [1, 0]},
								"south": {"uv": [16, 8], "uv_size": [0, 0]},
								"west": {"uv": [15, 8], "uv_size": [1, 0]},
								"up": {"uv": [15, 7], "uv_size": [0, 1]},
								"down": {"uv": [15, 8], "uv_size": [0, -1]}
							}
						},
						{
							"origin": [-10.50813, 6.52773, 16.01644],
							"size": [0.14177, 0.51038, 0.51712],
							"pivot": [-9.20382, 6.15912, 16.43964],
							"rotation": [0, 0, 60],
							"uv": {
								"north": {"uv": [15, 8], "uv_size": [0, 0]},
								"east": {"uv": [14, 8], "uv_size": [1, 0]},
								"south": {"uv": [16, 8], "uv_size": [0, 0]},
								"west": {"uv": [15, 8], "uv_size": [1, 0]},
								"up": {"uv": [15, 7], "uv_size": [0, 1]},
								"down": {"uv": [15, 8], "uv_size": [0, -1]}
							}
						},
						{
							"origin": [-10.16536, 6.17608, 16.01644],
							"size": [0.14177, 0.51038, 0.51712],
							"pivot": [-8.80435, 5.80747, 16.43964],
							"rotation": [0, 0, 60],
							"uv": {
								"north": {"uv": [15, 8], "uv_size": [0, 0]},
								"east": {"uv": [14, 8], "uv_size": [1, 0]},
								"south": {"uv": [16, 8], "uv_size": [0, 0]},
								"west": {"uv": [15, 8], "uv_size": [1, 0]},
								"up": {"uv": [15, 7], "uv_size": [0, 1]},
								"down": {"uv": [15, 8], "uv_size": [0, -1]}
							}
						},
						{
							"origin": [-9.42768, 8.36153, 16.01644],
							"size": [0.14177, 0.51038, 0.51712],
							"pivot": [-8.12338, 7.99292, 16.43964],
							"rotation": [0, 0, -60],
							"uv": {
								"north": {"uv": [15, 8], "uv_size": [0, 0]},
								"east": {"uv": [14, 8], "uv_size": [1, 0]},
								"south": {"uv": [16, 8], "uv_size": [0, 0]},
								"west": {"uv": [15, 8], "uv_size": [1, 0]},
								"up": {"uv": [15, 7], "uv_size": [0, 1]},
								"down": {"uv": [15, 8], "uv_size": [0, -1]}
							}
						},
						{
							"origin": [-9.08492, 8.71318, 16.01644],
							"size": [0.14177, 0.51038, 0.51712],
							"pivot": [-7.72391, 8.34457, 16.43964],
							"rotation": [0, 0, -60],
							"uv": {
								"north": {"uv": [15, 8], "uv_size": [0, 0]},
								"east": {"uv": [14, 8], "uv_size": [1, 0]},
								"south": {"uv": [16, 8], "uv_size": [0, 0]},
								"west": {"uv": [15, 8], "uv_size": [1, 0]},
								"up": {"uv": [15, 7], "uv_size": [0, 1]},
								"down": {"uv": [15, 8], "uv_size": [0, -1]}
							}
						}
					]
				},
				{
					"name": "areyo2",
					"parent": "shigemo_sword2",
					"pivot": [1.875, -12.775, 16.5],
					"cubes": [
						{
							"origin": [-9.63969, 7.29108, 16.52055],
							"size": [0.10633, 0.21266, 0.4214],
							"uv": {
								"north": {"uv": [15, 8], "uv_size": [0, 0]},
								"east": {"uv": [14, 8], "uv_size": [1, 0]},
								"south": {"uv": [16, 8], "uv_size": [0, 0]},
								"west": {"uv": [15, 8], "uv_size": [1, 0]},
								"up": {"uv": [15, 7], "uv_size": [0, 1]},
								"down": {"uv": [15, 8], "uv_size": [0, -1]}
							}
						},
						{
							"origin": [-9.39159, 7.1493, 16.52055],
							"size": [0.60253, 0.4962, 0.4214],
							"uv": {
								"north": {"uv": [15, 8], "uv_size": [0, 0]},
								"east": {"uv": [14, 8], "uv_size": [1, 0]},
								"south": {"uv": [16, 8], "uv_size": [0, 0]},
								"west": {"uv": [15, 8], "uv_size": [1, 0]},
								"up": {"uv": [15, 7], "uv_size": [0, 1]},
								"down": {"uv": [15, 8], "uv_size": [0, -1]}
							}
						},
						{
							"origin": [-8.64101, 7.29108, 16.52055],
							"size": [0.10633, 0.21266, 0.4214],
							"uv": {
								"north": {"uv": [15, 8], "uv_size": [0, 0]},
								"east": {"uv": [14, 8], "uv_size": [1, 0]},
								"south": {"uv": [16, 8], "uv_size": [0, 0]},
								"west": {"uv": [15, 8], "uv_size": [1, 0]},
								"up": {"uv": [15, 7], "uv_size": [0, 1]},
								"down": {"uv": [15, 8], "uv_size": [0, -1]}
							}
						},
						{
							"origin": [-10.85391, 6.32216, 16.52055],
							"size": [0.17721, 0.63798, 0.4214],
							"pivot": [-9.22352, 5.8614, 16.42455],
							"rotation": [0, 0, 60],
							"uv": {
								"north": {"uv": [15, 8], "uv_size": [0, 0]},
								"east": {"uv": [14, 8], "uv_size": [1, 0]},
								"south": {"uv": [16, 8], "uv_size": [0, 0]},
								"west": {"uv": [15, 8], "uv_size": [1, 0]},
								"up": {"uv": [15, 7], "uv_size": [0, 1]},
								"down": {"uv": [15, 8], "uv_size": [0, -1]}
							}
						},
						{
							"origin": [-10.42545, 5.8826, 16.52055],
							"size": [0.17721, 0.63797, 0.4214],
							"pivot": [-8.72419, 5.42184, 16.42455],
							"rotation": [0, 0, 60],
							"uv": {
								"north": {"uv": [15, 8], "uv_size": [0, 0]},
								"east": {"uv": [14, 8], "uv_size": [1, 0]},
								"south": {"uv": [16, 8], "uv_size": [0, 0]},
								"west": {"uv": [15, 8], "uv_size": [1, 0]},
								"up": {"uv": [15, 7], "uv_size": [0, 1]},
								"down": {"uv": [15, 8], "uv_size": [0, -1]}
							}
						},
						{
							"origin": [-9.50335, 8.61441, 16.52055],
							"size": [0.17721, 0.63798, 0.4214],
							"pivot": [-7.87298, 8.15365, 16.42455],
							"rotation": [0, 0, -60],
							"uv": {
								"north": {"uv": [15, 8], "uv_size": [0, 0]},
								"east": {"uv": [14, 8], "uv_size": [1, 0]},
								"south": {"uv": [16, 8], "uv_size": [0, 0]},
								"west": {"uv": [15, 8], "uv_size": [1, 0]},
								"up": {"uv": [15, 7], "uv_size": [0, 1]},
								"down": {"uv": [15, 8], "uv_size": [0, -1]}
							}
						},
						{
							"origin": [-9.0749, 9.05398, 16.52055],
							"size": [0.17721, 0.63798, 0.4214],
							"pivot": [-7.37364, 8.59321, 16.42455],
							"rotation": [0, 0, -60],
							"uv": {
								"north": {"uv": [15, 8], "uv_size": [0, 0]},
								"east": {"uv": [14, 8], "uv_size": [1, 0]},
								"south": {"uv": [16, 8], "uv_size": [0, 0]},
								"west": {"uv": [15, 8], "uv_size": [1, 0]},
								"up": {"uv": [15, 7], "uv_size": [0, 1]},
								"down": {"uv": [15, 8], "uv_size": [0, -1]}
							}
						}
					]
				},
				{
					"name": "katanamatome",
					"parent": "shigemo_sword2",
					"pivot": [-8.15, -1.025, 15.5]
				},
				{
					"name": "okkotsu_sword_bone",
					"parent": "katanamatome",
					"pivot": [-8.2, -1.025, 15.5]
				},
				{
					"name": "yaiba6",
					"parent": "okkotsu_sword_bone",
					"pivot": [-8.2, -1.025, 15.5],
					"rotation": [0, 2.75, 0],
					"cubes": [
						{
							"origin": [-9.41579, 7.325, 8.10272],
							"size": [0.7, 0.1, 1.575],
							"uv": {
								"north": {"uv": [5, 4], "uv_size": [0, 0]},
								"east": {"uv": [4, 4], "uv_size": [1, 0]},
								"south": {"uv": [6, 4], "uv_size": [0, 0]},
								"west": {"uv": [5, 4], "uv_size": [1, 0]},
								"up": {"uv": [5, 3], "uv_size": [0, 1]},
								"down": {"uv": [5, 4], "uv_size": [0, -1]}
							}
						},
						{
							"origin": [-10.93943, 7.46143, 8.10272],
							"size": [0.125, 0.025, 1.475],
							"pivot": [-10.06091, -0.98942, 10.09792],
							"rotation": [0, 0, 15],
							"uv": {
								"north": {"uv": [5, 4], "uv_size": [0, 0]},
								"east": {"uv": [4, 4], "uv_size": [1, 0]},
								"south": {"uv": [6, 4], "uv_size": [0, 0]},
								"west": {"uv": [5, 4], "uv_size": [1, 0]},
								"up": {"uv": [5, 3], "uv_size": [0, 1]},
								"down": {"uv": [5, 4], "uv_size": [0, -1]}
							}
						},
						{
							"origin": [-6.40149, 6.54448, 8.10272],
							"size": [0.125, 0.025, 1.475],
							"pivot": [-10.52297, -1.85467, 10.09792],
							"rotation": [0, 0, -15],
							"uv": {
								"north": {"uv": [5, 4], "uv_size": [0, 0]},
								"east": {"uv": [4, 4], "uv_size": [1, 0]},
								"south": {"uv": [6, 4], "uv_size": [0, 0]},
								"west": {"uv": [5, 4], "uv_size": [1, 0]},
								"up": {"uv": [5, 3], "uv_size": [0, 1]},
								"down": {"uv": [5, 4], "uv_size": [0, -1]}
							}
						},
						{
							"origin": [-8.72005, 7.36265, 8.10272],
							"size": [0.125, 0.03, 1.475],
							"uv": {
								"north": {"uv": [5, 4], "uv_size": [0, 0]},
								"east": {"uv": [4, 4], "uv_size": [1, 0]},
								"south": {"uv": [6, 4], "uv_size": [0, 0]},
								"west": {"uv": [5, 4], "uv_size": [1, 0]},
								"up": {"uv": [5, 3], "uv_size": [0, 1]},
								"down": {"uv": [5, 4], "uv_size": [0, -1]}
							}
						},
						{
							"origin": [-8.77583, 7.3375, 8.10272],
							"size": [0.1, 0.075, 1.475],
							"uv": {
								"north": {"uv": [5, 4], "uv_size": [0, 0]},
								"east": {"uv": [4, 4], "uv_size": [1, 0]},
								"south": {"uv": [6, 4], "uv_size": [0, 0]},
								"west": {"uv": [5, 4], "uv_size": [1, 0]},
								"up": {"uv": [5, 3], "uv_size": [0, 1]},
								"down": {"uv": [5, 4], "uv_size": [0, -1]}
							}
						},
						{
							"origin": [-8.65083, 7.3625, 8.10272],
							"size": [0.025, 0.025, 1.475],
							"uv": {
								"north": {"uv": [5, 4], "uv_size": [0, 0]},
								"east": {"uv": [4, 4], "uv_size": [1, 0]},
								"south": {"uv": [6, 4], "uv_size": [0, 0]},
								"west": {"uv": [5, 4], "uv_size": [1, 0]},
								"up": {"uv": [5, 3], "uv_size": [0, 1]},
								"down": {"uv": [5, 4], "uv_size": [0, -1]}
							}
						},
						{
							"origin": [-8.75083, 7.3625, 8.10272],
							"size": [0.075, 0.025, 1.475],
							"uv": {
								"north": {"uv": [5, 4], "uv_size": [0, 0]},
								"east": {"uv": [4, 4], "uv_size": [1, 0]},
								"south": {"uv": [6, 4], "uv_size": [0, 0]},
								"west": {"uv": [5, 4], "uv_size": [1, 0]},
								"up": {"uv": [5, 3], "uv_size": [0, 1]},
								"down": {"uv": [5, 4], "uv_size": [0, -1]}
							}
						}
					]
				},
				{
					"name": "yaiba7",
					"parent": "okkotsu_sword_bone",
					"pivot": [-8.2, -1.025, 15.5],
					"rotation": [0, 3, 0],
					"cubes": [
						{
							"origin": [-9.38351, 7.325, 6.62607],
							"size": [0.7, 0.1, 1.575],
							"uv": {
								"north": {"uv": [5, 4], "uv_size": [0, 0]},
								"east": {"uv": [4, 4], "uv_size": [1, 0]},
								"south": {"uv": [6, 4], "uv_size": [0, 0]},
								"west": {"uv": [5, 4], "uv_size": [1, 0]},
								"up": {"uv": [5, 3], "uv_size": [0, 1]},
								"down": {"uv": [5, 4], "uv_size": [0, -1]}
							}
						},
						{
							"origin": [-10.90715, 7.46142, 6.62607],
							"size": [0.125, 0.025, 1.475],
							"pivot": [-10.02861, -0.98942, 8.62084],
							"rotation": [0, 0, 15],
							"uv": {
								"north": {"uv": [5, 4], "uv_size": [0, 0]},
								"east": {"uv": [4, 4], "uv_size": [1, 0]},
								"south": {"uv": [6, 4], "uv_size": [0, 0]},
								"west": {"uv": [5, 4], "uv_size": [1, 0]},
								"up": {"uv": [5, 3], "uv_size": [0, 1]},
								"down": {"uv": [5, 4], "uv_size": [0, -1]}
							}
						},
						{
							"origin": [-6.36921, 6.54448, 6.62607],
							"size": [0.125, 0.025, 1.475],
							"pivot": [-10.49067, -1.85467, 8.62084],
							"rotation": [0, 0, -15],
							"uv": {
								"north": {"uv": [5, 4], "uv_size": [0, 0]},
								"east": {"uv": [4, 4], "uv_size": [1, 0]},
								"south": {"uv": [6, 4], "uv_size": [0, 0]},
								"west": {"uv": [5, 4], "uv_size": [1, 0]},
								"up": {"uv": [5, 3], "uv_size": [0, 1]},
								"down": {"uv": [5, 4], "uv_size": [0, -1]}
							}
						},
						{
							"origin": [-8.68776, 7.36265, 6.62607],
							"size": [0.125, 0.03, 1.475],
							"uv": {
								"north": {"uv": [5, 4], "uv_size": [0, 0]},
								"east": {"uv": [4, 4], "uv_size": [1, 0]},
								"south": {"uv": [6, 4], "uv_size": [0, 0]},
								"west": {"uv": [5, 4], "uv_size": [1, 0]},
								"up": {"uv": [5, 3], "uv_size": [0, 1]},
								"down": {"uv": [5, 4], "uv_size": [0, -1]}
							}
						},
						{
							"origin": [-8.74355, 7.3375, 6.62607],
							"size": [0.1, 0.075, 1.475],
							"uv": {
								"north": {"uv": [5, 4], "uv_size": [0, 0]},
								"east": {"uv": [4, 4], "uv_size": [1, 0]},
								"south": {"uv": [6, 4], "uv_size": [0, 0]},
								"west": {"uv": [5, 4], "uv_size": [1, 0]},
								"up": {"uv": [5, 3], "uv_size": [0, 1]},
								"down": {"uv": [5, 4], "uv_size": [0, -1]}
							}
						},
						{
							"origin": [-8.61855, 7.3625, 6.62607],
							"size": [0.025, 0.025, 1.475],
							"uv": {
								"north": {"uv": [5, 4], "uv_size": [0, 0]},
								"east": {"uv": [4, 4], "uv_size": [1, 0]},
								"south": {"uv": [6, 4], "uv_size": [0, 0]},
								"west": {"uv": [5, 4], "uv_size": [1, 0]},
								"up": {"uv": [5, 3], "uv_size": [0, 1]},
								"down": {"uv": [5, 4], "uv_size": [0, -1]}
							}
						},
						{
							"origin": [-8.71855, 7.3625, 6.62607],
							"size": [0.075, 0.025, 1.475],
							"uv": {
								"north": {"uv": [5, 4], "uv_size": [0, 0]},
								"east": {"uv": [4, 4], "uv_size": [1, 0]},
								"south": {"uv": [6, 4], "uv_size": [0, 0]},
								"west": {"uv": [5, 4], "uv_size": [1, 0]},
								"up": {"uv": [5, 3], "uv_size": [0, 1]},
								"down": {"uv": [5, 4], "uv_size": [0, -1]}
							}
						}
					]
				},
				{
					"name": "yaiba2",
					"parent": "okkotsu_sword_bone",
					"pivot": [-8.2, -1.025, 15.5],
					"rotation": [0, 1.5, 0],
					"cubes": [
						{
							"origin": [-9.49984, 7.325, 14.01245],
							"size": [0.7, 0.1, 1.575],
							"uv": {
								"north": {"uv": [5, 4], "uv_size": [0, 0]},
								"east": {"uv": [4, 4], "uv_size": [1, 0]},
								"south": {"uv": [6, 4], "uv_size": [0, 0]},
								"west": {"uv": [5, 4], "uv_size": [1, 0]},
								"up": {"uv": [5, 3], "uv_size": [0, 1]},
								"down": {"uv": [5, 4], "uv_size": [0, -1]}
							}
						},
						{
							"origin": [-11.02349, 7.46145, 14.01245],
							"size": [0.125, 0.025, 1.475],
							"pivot": [-10.14504, -0.98942, 16.00984],
							"rotation": [0, 0, 15],
							"uv": {
								"north": {"uv": [5, 4], "uv_size": [0, 0]},
								"east": {"uv": [4, 4], "uv_size": [1, 0]},
								"south": {"uv": [6, 4], "uv_size": [0, 0]},
								"west": {"uv": [5, 4], "uv_size": [1, 0]},
								"up": {"uv": [5, 3], "uv_size": [0, 1]},
								"down": {"uv": [5, 4], "uv_size": [0, -1]}
							}
						},
						{
							"origin": [-6.48554, 6.54446, 14.01245],
							"size": [0.125, 0.025, 1.475],
							"pivot": [-10.6071, -1.85467, 16.00984],
							"rotation": [0, 0, -15],
							"uv": {
								"north": {"uv": [5, 4], "uv_size": [0, 0]},
								"east": {"uv": [4, 4], "uv_size": [1, 0]},
								"south": {"uv": [6, 4], "uv_size": [0, 0]},
								"west": {"uv": [5, 4], "uv_size": [1, 0]},
								"up": {"uv": [5, 3], "uv_size": [0, 1]},
								"down": {"uv": [5, 4], "uv_size": [0, -1]}
							}
						},
						{
							"origin": [-8.8041, 7.36265, 14.01245],
							"size": [0.125, 0.03, 1.475],
							"uv": {
								"north": {"uv": [5, 4], "uv_size": [0, 0]},
								"east": {"uv": [4, 4], "uv_size": [1, 0]},
								"south": {"uv": [6, 4], "uv_size": [0, 0]},
								"west": {"uv": [5, 4], "uv_size": [1, 0]},
								"up": {"uv": [5, 3], "uv_size": [0, 1]},
								"down": {"uv": [5, 4], "uv_size": [0, -1]}
							}
						},
						{
							"origin": [-8.85988, 7.3375, 14.01245],
							"size": [0.1, 0.075, 1.475],
							"uv": {
								"north": {"uv": [5, 4], "uv_size": [0, 0]},
								"east": {"uv": [4, 4], "uv_size": [1, 0]},
								"south": {"uv": [6, 4], "uv_size": [0, 0]},
								"west": {"uv": [5, 4], "uv_size": [1, 0]},
								"up": {"uv": [5, 3], "uv_size": [0, 1]},
								"down": {"uv": [5, 4], "uv_size": [0, -1]}
							}
						},
						{
							"origin": [-8.73488, 7.3625, 14.01245],
							"size": [0.025, 0.025, 1.475],
							"uv": {
								"north": {"uv": [5, 4], "uv_size": [0, 0]},
								"east": {"uv": [4, 4], "uv_size": [1, 0]},
								"south": {"uv": [6, 4], "uv_size": [0, 0]},
								"west": {"uv": [5, 4], "uv_size": [1, 0]},
								"up": {"uv": [5, 3], "uv_size": [0, 1]},
								"down": {"uv": [5, 4], "uv_size": [0, -1]}
							}
						},
						{
							"origin": [-8.83488, 7.3625, 14.01245],
							"size": [0.075, 0.025, 1.475],
							"uv": {
								"north": {"uv": [5, 4], "uv_size": [0, 0]},
								"east": {"uv": [4, 4], "uv_size": [1, 0]},
								"south": {"uv": [6, 4], "uv_size": [0, 0]},
								"west": {"uv": [5, 4], "uv_size": [1, 0]},
								"up": {"uv": [5, 3], "uv_size": [0, 1]},
								"down": {"uv": [5, 4], "uv_size": [0, -1]}
							}
						}
					]
				},
				{
					"name": "yaiba",
					"parent": "okkotsu_sword_bone",
					"pivot": [-8.2, -1.025, 17.5],
					"cubes": [
						{
							"origin": [-9.5, 7.325, 15.5],
							"size": [0.7, 0.1, 1.85],
							"uv": {
								"north": {"uv": [5, 4], "uv_size": [0, 0]},
								"east": {"uv": [4, 4], "uv_size": [1, 0]},
								"south": {"uv": [6, 4], "uv_size": [0, 0]},
								"west": {"uv": [5, 4], "uv_size": [1, 0]},
								"up": {"uv": [5, 3], "uv_size": [0, 1]},
								"down": {"uv": [5, 4], "uv_size": [0, -1]}
							}
						},
						{
							"origin": [-11.02024, 7.43558, 15.5],
							"size": [0.125, 0.025, 1.85],
							"pivot": [-10.04524, -0.98942, 17.5],
							"rotation": [0, 0, 15],
							"uv": {
								"north": {"uv": [5, 4], "uv_size": [0, 0]},
								"east": {"uv": [4, 4], "uv_size": [1, 0]},
								"south": {"uv": [6, 4], "uv_size": [0, 0]},
								"west": {"uv": [5, 4], "uv_size": [1, 0]},
								"up": {"uv": [5, 3], "uv_size": [0, 1]},
								"down": {"uv": [5, 4], "uv_size": [0, -1]}
							}
						},
						{
							"origin": [-6.4823, 6.57033, 15.5],
							"size": [0.125, 0.025, 1.85],
							"pivot": [-10.5073, -1.85467, 17.5],
							"rotation": [0, 0, -15],
							"uv": {
								"north": {"uv": [5, 4], "uv_size": [0, 0]},
								"east": {"uv": [4, 4], "uv_size": [1, 0]},
								"south": {"uv": [6, 4], "uv_size": [0, 0]},
								"west": {"uv": [5, 4], "uv_size": [1, 0]},
								"up": {"uv": [5, 3], "uv_size": [0, 1]},
								"down": {"uv": [5, 4], "uv_size": [0, -1]}
							}
						},
						{
							"origin": [-8.80426, 7.36265, 15.5],
							"size": [0.125, 0.03, 1.85],
							"uv": {
								"north": {"uv": [5, 4], "uv_size": [0, 0]},
								"east": {"uv": [4, 4], "uv_size": [1, 0]},
								"south": {"uv": [6, 4], "uv_size": [0, 0]},
								"west": {"uv": [5, 4], "uv_size": [1, 0]},
								"up": {"uv": [5, 3], "uv_size": [0, 1]},
								"down": {"uv": [5, 4], "uv_size": [0, -1]}
							}
						},
						{
							"origin": [-8.86005, 7.3375, 15.5],
							"size": [0.1, 0.075, 1.85],
							"uv": {
								"north": {"uv": [5, 4], "uv_size": [0, 0]},
								"east": {"uv": [4, 4], "uv_size": [1, 0]},
								"south": {"uv": [6, 4], "uv_size": [0, 0]},
								"west": {"uv": [5, 4], "uv_size": [1, 0]},
								"up": {"uv": [5, 3], "uv_size": [0, 1]},
								"down": {"uv": [5, 4], "uv_size": [0, -1]}
							}
						},
						{
							"origin": [-8.73505, 7.3625, 15.5],
							"size": [0.025, 0.025, 1.85],
							"uv": {
								"north": {"uv": [5, 4], "uv_size": [0, 0]},
								"east": {"uv": [4, 4], "uv_size": [1, 0]},
								"south": {"uv": [6, 4], "uv_size": [0, 0]},
								"west": {"uv": [5, 4], "uv_size": [1, 0]},
								"up": {"uv": [5, 3], "uv_size": [0, 1]},
								"down": {"uv": [5, 4], "uv_size": [0, -1]}
							}
						},
						{
							"origin": [-8.83505, 7.3625, 15.5],
							"size": [0.075, 0.025, 1.85],
							"uv": {
								"north": {"uv": [5, 4], "uv_size": [0, 0]},
								"east": {"uv": [4, 4], "uv_size": [1, 0]},
								"south": {"uv": [6, 4], "uv_size": [0, 0]},
								"west": {"uv": [5, 4], "uv_size": [1, 0]},
								"up": {"uv": [5, 3], "uv_size": [0, 1]},
								"down": {"uv": [5, 4], "uv_size": [0, -1]}
							}
						}
					]
				},
				{
					"name": "yaiba3",
					"parent": "okkotsu_sword_bone",
					"pivot": [-8.2, -1.025, 15.5],
					"rotation": [0, 1.75, 0],
					"cubes": [
						{
							"origin": [-9.49334, 7.325, 12.53538],
							"size": [0.7, 0.1, 1.575],
							"uv": {
								"north": {"uv": [5, 4], "uv_size": [0, 0]},
								"east": {"uv": [4, 4], "uv_size": [1, 0]},
								"south": {"uv": [6, 4], "uv_size": [0, 0]},
								"west": {"uv": [5, 4], "uv_size": [1, 0]},
								"up": {"uv": [5, 3], "uv_size": [0, 1]},
								"down": {"uv": [5, 4], "uv_size": [0, -1]}
							}
						},
						{
							"origin": [-11.01699, 7.46145, 12.53538],
							"size": [0.125, 0.025, 1.475],
							"pivot": [-10.13854, -0.98942, 14.53232],
							"rotation": [0, 0, 15],
							"uv": {
								"north": {"uv": [5, 4], "uv_size": [0, 0]},
								"east": {"uv": [4, 4], "uv_size": [1, 0]},
								"south": {"uv": [6, 4], "uv_size": [0, 0]},
								"west": {"uv": [5, 4], "uv_size": [1, 0]},
								"up": {"uv": [5, 3], "uv_size": [0, 1]},
								"down": {"uv": [5, 4], "uv_size": [0, -1]}
							}
						},
						{
							"origin": [-6.47905, 6.54446, 12.53538],
							"size": [0.125, 0.025, 1.475],
							"pivot": [-10.60059, -1.85467, 14.53232],
							"rotation": [0, 0, -15],
							"uv": {
								"north": {"uv": [5, 4], "uv_size": [0, 0]},
								"east": {"uv": [4, 4], "uv_size": [1, 0]},
								"south": {"uv": [6, 4], "uv_size": [0, 0]},
								"west": {"uv": [5, 4], "uv_size": [1, 0]},
								"up": {"uv": [5, 3], "uv_size": [0, 1]},
								"down": {"uv": [5, 4], "uv_size": [0, -1]}
							}
						},
						{
							"origin": [-8.7976, 7.36265, 12.53538],
							"size": [0.125, 0.03, 1.475],
							"uv": {
								"north": {"uv": [5, 4], "uv_size": [0, 0]},
								"east": {"uv": [4, 4], "uv_size": [1, 0]},
								"south": {"uv": [6, 4], "uv_size": [0, 0]},
								"west": {"uv": [5, 4], "uv_size": [1, 0]},
								"up": {"uv": [5, 3], "uv_size": [0, 1]},
								"down": {"uv": [5, 4], "uv_size": [0, -1]}
							}
						},
						{
							"origin": [-8.85339, 7.3375, 12.53538],
							"size": [0.1, 0.075, 1.475],
							"uv": {
								"north": {"uv": [5, 4], "uv_size": [0, 0]},
								"east": {"uv": [4, 4], "uv_size": [1, 0]},
								"south": {"uv": [6, 4], "uv_size": [0, 0]},
								"west": {"uv": [5, 4], "uv_size": [1, 0]},
								"up": {"uv": [5, 3], "uv_size": [0, 1]},
								"down": {"uv": [5, 4], "uv_size": [0, -1]}
							}
						},
						{
							"origin": [-8.72839, 7.3625, 12.53538],
							"size": [0.025, 0.025, 1.475],
							"uv": {
								"north": {"uv": [5, 4], "uv_size": [0, 0]},
								"east": {"uv": [4, 4], "uv_size": [1, 0]},
								"south": {"uv": [6, 4], "uv_size": [0, 0]},
								"west": {"uv": [5, 4], "uv_size": [1, 0]},
								"up": {"uv": [5, 3], "uv_size": [0, 1]},
								"down": {"uv": [5, 4], "uv_size": [0, -1]}
							}
						},
						{
							"origin": [-8.82839, 7.3625, 12.53538],
							"size": [0.075, 0.025, 1.475],
							"uv": {
								"north": {"uv": [5, 4], "uv_size": [0, 0]},
								"east": {"uv": [4, 4], "uv_size": [1, 0]},
								"south": {"uv": [6, 4], "uv_size": [0, 0]},
								"west": {"uv": [5, 4], "uv_size": [1, 0]},
								"up": {"uv": [5, 3], "uv_size": [0, 1]},
								"down": {"uv": [5, 4], "uv_size": [0, -1]}
							}
						}
					]
				},
				{
					"name": "yaiba4",
					"parent": "okkotsu_sword_bone",
					"pivot": [-8.2, -1.025, 15.5],
					"rotation": [0, 2, 0],
					"cubes": [
						{
							"origin": [-9.4804, 7.325, 11.05834],
							"size": [0.7, 0.1, 1.575],
							"uv": {
								"north": {"uv": [5, 4], "uv_size": [0, 0]},
								"east": {"uv": [4, 4], "uv_size": [1, 0]},
								"south": {"uv": [6, 4], "uv_size": [0, 0]},
								"west": {"uv": [5, 4], "uv_size": [1, 0]},
								"up": {"uv": [5, 3], "uv_size": [0, 1]},
								"down": {"uv": [5, 4], "uv_size": [0, -1]}
							}
						},
						{
							"origin": [-11.00405, 7.46144, 11.05834],
							"size": [0.125, 0.025, 1.475],
							"pivot": [-10.12558, -0.98942, 13.05485],
							"rotation": [0, 0, 15],
							"uv": {
								"north": {"uv": [5, 4], "uv_size": [0, 0]},
								"east": {"uv": [4, 4], "uv_size": [1, 0]},
								"south": {"uv": [6, 4], "uv_size": [0, 0]},
								"west": {"uv": [5, 4], "uv_size": [1, 0]},
								"up": {"uv": [5, 3], "uv_size": [0, 1]},
								"down": {"uv": [5, 4], "uv_size": [0, -1]}
							}
						},
						{
							"origin": [-6.46611, 6.54446, 11.05834],
							"size": [0.125, 0.025, 1.475],
							"pivot": [-10.58764, -1.85467, 13.05485],
							"rotation": [0, 0, -15],
							"uv": {
								"north": {"uv": [5, 4], "uv_size": [0, 0]},
								"east": {"uv": [4, 4], "uv_size": [1, 0]},
								"south": {"uv": [6, 4], "uv_size": [0, 0]},
								"west": {"uv": [5, 4], "uv_size": [1, 0]},
								"up": {"uv": [5, 3], "uv_size": [0, 1]},
								"down": {"uv": [5, 4], "uv_size": [0, -1]}
							}
						},
						{
							"origin": [-8.78466, 7.36265, 11.05834],
							"size": [0.125, 0.03, 1.475],
							"uv": {
								"north": {"uv": [5, 4], "uv_size": [0, 0]},
								"east": {"uv": [4, 4], "uv_size": [1, 0]},
								"south": {"uv": [6, 4], "uv_size": [0, 0]},
								"west": {"uv": [5, 4], "uv_size": [1, 0]},
								"up": {"uv": [5, 3], "uv_size": [0, 1]},
								"down": {"uv": [5, 4], "uv_size": [0, -1]}
							}
						},
						{
							"origin": [-8.84045, 7.3375, 11.05834],
							"size": [0.1, 0.075, 1.475],
							"uv": {
								"north": {"uv": [5, 4], "uv_size": [0, 0]},
								"east": {"uv": [4, 4], "uv_size": [1, 0]},
								"south": {"uv": [6, 4], "uv_size": [0, 0]},
								"west": {"uv": [5, 4], "uv_size": [1, 0]},
								"up": {"uv": [5, 3], "uv_size": [0, 1]},
								"down": {"uv": [5, 4], "uv_size": [0, -1]}
							}
						},
						{
							"origin": [-8.71545, 7.3625, 11.05834],
							"size": [0.025, 0.025, 1.475],
							"uv": {
								"north": {"uv": [5, 4], "uv_size": [0, 0]},
								"east": {"uv": [4, 4], "uv_size": [1, 0]},
								"south": {"uv": [6, 4], "uv_size": [0, 0]},
								"west": {"uv": [5, 4], "uv_size": [1, 0]},
								"up": {"uv": [5, 3], "uv_size": [0, 1]},
								"down": {"uv": [5, 4], "uv_size": [0, -1]}
							}
						},
						{
							"origin": [-8.81545, 7.3625, 11.05834],
							"size": [0.075, 0.025, 1.475],
							"uv": {
								"north": {"uv": [5, 4], "uv_size": [0, 0]},
								"east": {"uv": [4, 4], "uv_size": [1, 0]},
								"south": {"uv": [6, 4], "uv_size": [0, 0]},
								"west": {"uv": [5, 4], "uv_size": [1, 0]},
								"up": {"uv": [5, 3], "uv_size": [0, 1]},
								"down": {"uv": [5, 4], "uv_size": [0, -1]}
							}
						}
					]
				},
				{
					"name": "yaiba8",
					"parent": "okkotsu_sword_bone",
					"pivot": [-7.2, -1.025, 15.5],
					"rotation": [0, 3.5, 0],
					"cubes": [
						{
							"origin": [-9.30419, 7.325, 5.08719],
							"size": [0.7, 0.1, 1.575],
							"uv": {
								"north": {"uv": [5, 4], "uv_size": [0, 0]},
								"east": {"uv": [4, 4], "uv_size": [1, 0]},
								"south": {"uv": [6, 4], "uv_size": [0, 0]},
								"west": {"uv": [5, 4], "uv_size": [1, 0]},
								"up": {"uv": [5, 3], "uv_size": [0, 1]},
								"down": {"uv": [5, 4], "uv_size": [0, -1]}
							}
						},
						{
							"origin": [-10.82783, 7.46141, 5.08719],
							"size": [0.125, 0.025, 1.475],
							"pivot": [-9.94924, -0.98942, 7.08109],
							"rotation": [0, 0, 15],
							"uv": {
								"north": {"uv": [5, 4], "uv_size": [0, 0]},
								"east": {"uv": [4, 4], "uv_size": [1, 0]},
								"south": {"uv": [6, 4], "uv_size": [0, 0]},
								"west": {"uv": [5, 4], "uv_size": [1, 0]},
								"up": {"uv": [5, 3], "uv_size": [0, 1]},
								"down": {"uv": [5, 4], "uv_size": [0, -1]}
							}
						},
						{
							"origin": [-6.28989, 6.54449, 5.08719],
							"size": [0.125, 0.025, 1.475],
							"pivot": [-10.4113, -1.85467, 7.08109],
							"rotation": [0, 0, -15],
							"uv": {
								"north": {"uv": [5, 4], "uv_size": [0, 0]},
								"east": {"uv": [4, 4], "uv_size": [1, 0]},
								"south": {"uv": [6, 4], "uv_size": [0, 0]},
								"west": {"uv": [5, 4], "uv_size": [1, 0]},
								"up": {"uv": [5, 3], "uv_size": [0, 1]},
								"down": {"uv": [5, 4], "uv_size": [0, -1]}
							}
						},
						{
							"origin": [-8.60845, 7.36265, 5.08719],
							"size": [0.125, 0.03, 1.475],
							"uv": {
								"north": {"uv": [5, 4], "uv_size": [0, 0]},
								"east": {"uv": [4, 4], "uv_size": [1, 0]},
								"south": {"uv": [6, 4], "uv_size": [0, 0]},
								"west": {"uv": [5, 4], "uv_size": [1, 0]},
								"up": {"uv": [5, 3], "uv_size": [0, 1]},
								"down": {"uv": [5, 4], "uv_size": [0, -1]}
							}
						},
						{
							"origin": [-8.66424, 7.3375, 5.08719],
							"size": [0.1, 0.075, 1.475],
							"uv": {
								"north": {"uv": [5, 4], "uv_size": [0, 0]},
								"east": {"uv": [4, 4], "uv_size": [1, 0]},
								"south": {"uv": [6, 4], "uv_size": [0, 0]},
								"west": {"uv": [5, 4], "uv_size": [1, 0]},
								"up": {"uv": [5, 3], "uv_size": [0, 1]},
								"down": {"uv": [5, 4], "uv_size": [0, -1]}
							}
						},
						{
							"origin": [-8.53924, 7.3625, 5.08719],
							"size": [0.025, 0.025, 1.475],
							"uv": {
								"north": {"uv": [5, 4], "uv_size": [0, 0]},
								"east": {"uv": [4, 4], "uv_size": [1, 0]},
								"south": {"uv": [6, 4], "uv_size": [0, 0]},
								"west": {"uv": [5, 4], "uv_size": [1, 0]},
								"up": {"uv": [5, 3], "uv_size": [0, 1]},
								"down": {"uv": [5, 4], "uv_size": [0, -1]}
							}
						},
						{
							"origin": [-8.63924, 7.3625, 5.08719],
							"size": [0.075, 0.025, 1.475],
							"uv": {
								"north": {"uv": [5, 4], "uv_size": [0, 0]},
								"east": {"uv": [4, 4], "uv_size": [1, 0]},
								"south": {"uv": [6, 4], "uv_size": [0, 0]},
								"west": {"uv": [5, 4], "uv_size": [1, 0]},
								"up": {"uv": [5, 3], "uv_size": [0, 1]},
								"down": {"uv": [5, 4], "uv_size": [0, -1]}
							}
						}
					]
				},
				{
					"name": "yaiba10",
					"parent": "okkotsu_sword_bone",
					"pivot": [-9.05, -1.025, 15.5],
					"rotation": [0, 4, 0],
					"cubes": [
						{
							"origin": [-9.21134, 7.325, 2.25545],
							"size": [0.7, 0.1, 1.575],
							"uv": {
								"north": {"uv": [5, 4], "uv_size": [0, 0]},
								"east": {"uv": [4, 4], "uv_size": [1, 0]},
								"south": {"uv": [6, 4], "uv_size": [0, 0]},
								"west": {"uv": [5, 4], "uv_size": [1, 0]},
								"up": {"uv": [5, 3], "uv_size": [0, 1]},
								"down": {"uv": [5, 4], "uv_size": [0, -1]}
							}
						},
						{
							"origin": [-10.73498, 7.4614, 2.25545],
							"size": [0.125, 0.025, 1.475],
							"pivot": [-9.85634, -0.98942, 4.24848],
							"rotation": [0, 0, 15],
							"uv": {
								"north": {"uv": [5, 4], "uv_size": [0, 0]},
								"east": {"uv": [4, 4], "uv_size": [1, 0]},
								"south": {"uv": [6, 4], "uv_size": [0, 0]},
								"west": {"uv": [5, 4], "uv_size": [1, 0]},
								"up": {"uv": [5, 3], "uv_size": [0, 1]},
								"down": {"uv": [5, 4], "uv_size": [0, -1]}
							}
						},
						{
							"origin": [-6.19704, 6.54451, 2.25545],
							"size": [0.125, 0.025, 1.475],
							"pivot": [-10.3184, -1.85467, 4.24848],
							"rotation": [0, 0, -15],
							"uv": {
								"north": {"uv": [5, 4], "uv_size": [0, 0]},
								"east": {"uv": [4, 4], "uv_size": [1, 0]},
								"south": {"uv": [6, 4], "uv_size": [0, 0]},
								"west": {"uv": [5, 4], "uv_size": [1, 0]},
								"up": {"uv": [5, 3], "uv_size": [0, 1]},
								"down": {"uv": [5, 4], "uv_size": [0, -1]}
							}
						},
						{
							"origin": [-8.5156, 7.36265, 2.25545],
							"size": [0.125, 0.03, 1.475],
							"uv": {
								"north": {"uv": [5, 4], "uv_size": [0, 0]},
								"east": {"uv": [4, 4], "uv_size": [1, 0]},
								"south": {"uv": [6, 4], "uv_size": [0, 0]},
								"west": {"uv": [5, 4], "uv_size": [1, 0]},
								"up": {"uv": [5, 3], "uv_size": [0, 1]},
								"down": {"uv": [5, 4], "uv_size": [0, -1]}
							}
						},
						{
							"origin": [-8.57139, 7.3375, 2.25545],
							"size": [0.1, 0.075, 1.475],
							"uv": {
								"north": {"uv": [5, 4], "uv_size": [0, 0]},
								"east": {"uv": [4, 4], "uv_size": [1, 0]},
								"south": {"uv": [6, 4], "uv_size": [0, 0]},
								"west": {"uv": [5, 4], "uv_size": [1, 0]},
								"up": {"uv": [5, 3], "uv_size": [0, 1]},
								"down": {"uv": [5, 4], "uv_size": [0, -1]}
							}
						},
						{
							"origin": [-8.44639, 7.3625, 2.25545],
							"size": [0.025, 0.025, 1.475],
							"uv": {
								"north": {"uv": [5, 4], "uv_size": [0, 0]},
								"east": {"uv": [4, 4], "uv_size": [1, 0]},
								"south": {"uv": [6, 4], "uv_size": [0, 0]},
								"west": {"uv": [5, 4], "uv_size": [1, 0]},
								"up": {"uv": [5, 3], "uv_size": [0, 1]},
								"down": {"uv": [5, 4], "uv_size": [0, -1]}
							}
						},
						{
							"origin": [-8.54639, 7.3625, 2.25545],
							"size": [0.075, 0.025, 1.475],
							"uv": {
								"north": {"uv": [5, 4], "uv_size": [0, 0]},
								"east": {"uv": [4, 4], "uv_size": [1, 0]},
								"south": {"uv": [6, 4], "uv_size": [0, 0]},
								"west": {"uv": [5, 4], "uv_size": [1, 0]},
								"up": {"uv": [5, 3], "uv_size": [0, 1]},
								"down": {"uv": [5, 4], "uv_size": [0, -1]}
							}
						}
					]
				},
				{
					"name": "yaiba9",
					"parent": "okkotsu_sword_bone",
					"pivot": [-8.05, -1.025, 15.5],
					"rotation": [0, 3.75, 0],
					"cubes": [
						{
							"origin": [-9.26056, 7.325, 3.66228],
							"size": [0.7, 0.1, 1.575],
							"uv": {
								"north": {"uv": [5, 4], "uv_size": [0, 0]},
								"east": {"uv": [4, 4], "uv_size": [1, 0]},
								"south": {"uv": [6, 4], "uv_size": [0, 0]},
								"west": {"uv": [5, 4], "uv_size": [1, 0]},
								"up": {"uv": [5, 3], "uv_size": [0, 1]},
								"down": {"uv": [5, 4], "uv_size": [0, -1]}
							}
						},
						{
							"origin": [-10.7842, 7.4614, 3.66228],
							"size": [0.125, 0.025, 1.475],
							"pivot": [-9.90559, -0.98942, 5.65574],
							"rotation": [0, 0, 15],
							"uv": {
								"north": {"uv": [5, 4], "uv_size": [0, 0]},
								"east": {"uv": [4, 4], "uv_size": [1, 0]},
								"south": {"uv": [6, 4], "uv_size": [0, 0]},
								"west": {"uv": [5, 4], "uv_size": [1, 0]},
								"up": {"uv": [5, 3], "uv_size": [0, 1]},
								"down": {"uv": [5, 4], "uv_size": [0, -1]}
							}
						},
						{
							"origin": [-6.24626, 6.5445, 3.66228],
							"size": [0.125, 0.025, 1.475],
							"pivot": [-10.36765, -1.85467, 5.65574],
							"rotation": [0, 0, -15],
							"uv": {
								"north": {"uv": [5, 4], "uv_size": [0, 0]},
								"east": {"uv": [4, 4], "uv_size": [1, 0]},
								"south": {"uv": [6, 4], "uv_size": [0, 0]},
								"west": {"uv": [5, 4], "uv_size": [1, 0]},
								"up": {"uv": [5, 3], "uv_size": [0, 1]},
								"down": {"uv": [5, 4], "uv_size": [0, -1]}
							}
						},
						{
							"origin": [-8.56482, 7.36265, 3.66228],
							"size": [0.125, 0.03, 1.475],
							"uv": {
								"north": {"uv": [5, 4], "uv_size": [0, 0]},
								"east": {"uv": [4, 4], "uv_size": [1, 0]},
								"south": {"uv": [6, 4], "uv_size": [0, 0]},
								"west": {"uv": [5, 4], "uv_size": [1, 0]},
								"up": {"uv": [5, 3], "uv_size": [0, 1]},
								"down": {"uv": [5, 4], "uv_size": [0, -1]}
							}
						},
						{
							"origin": [-8.62061, 7.3375, 3.66228],
							"size": [0.1, 0.075, 1.475],
							"uv": {
								"north": {"uv": [5, 4], "uv_size": [0, 0]},
								"east": {"uv": [4, 4], "uv_size": [1, 0]},
								"south": {"uv": [6, 4], "uv_size": [0, 0]},
								"west": {"uv": [5, 4], "uv_size": [1, 0]},
								"up": {"uv": [5, 3], "uv_size": [0, 1]},
								"down": {"uv": [5, 4], "uv_size": [0, -1]}
							}
						},
						{
							"origin": [-8.49561, 7.3625, 3.66228],
							"size": [0.025, 0.025, 1.475],
							"uv": {
								"north": {"uv": [5, 4], "uv_size": [0, 0]},
								"east": {"uv": [4, 4], "uv_size": [1, 0]},
								"south": {"uv": [6, 4], "uv_size": [0, 0]},
								"west": {"uv": [5, 4], "uv_size": [1, 0]},
								"up": {"uv": [5, 3], "uv_size": [0, 1]},
								"down": {"uv": [5, 4], "uv_size": [0, -1]}
							}
						},
						{
							"origin": [-8.59561, 7.3625, 3.66228],
							"size": [0.075, 0.025, 1.475],
							"uv": {
								"north": {"uv": [5, 4], "uv_size": [0, 0]},
								"east": {"uv": [4, 4], "uv_size": [1, 0]},
								"south": {"uv": [6, 4], "uv_size": [0, 0]},
								"west": {"uv": [5, 4], "uv_size": [1, 0]},
								"up": {"uv": [5, 3], "uv_size": [0, 1]},
								"down": {"uv": [5, 4], "uv_size": [0, -1]}
							}
						}
					]
				},
				{
					"name": "yaiba11",
					"parent": "okkotsu_sword_bone",
					"pivot": [-10.05, -1.025, 15.5],
					"rotation": [0, 4.5, 0],
					"cubes": [
						{
							"origin": [-9.09887, 7.325, 0.86517],
							"size": [0.7, 0.1, 1.575],
							"uv": {
								"north": {"uv": [5, 4], "uv_size": [0, 0]},
								"east": {"uv": [4, 4], "uv_size": [1, 0]},
								"south": {"uv": [6, 4], "uv_size": [0, 0]},
								"west": {"uv": [5, 4], "uv_size": [1, 0]},
								"up": {"uv": [5, 3], "uv_size": [0, 1]},
								"down": {"uv": [5, 4], "uv_size": [0, -1]}
							}
						},
						{
							"origin": [-10.62251, 7.46138, 0.86517],
							"size": [0.125, 0.025, 1.475],
							"pivot": [-9.74381, -0.98942, 2.85732],
							"rotation": [0, 0, 15],
							"uv": {
								"north": {"uv": [5, 4], "uv_size": [0, 0]},
								"east": {"uv": [4, 4], "uv_size": [1, 0]},
								"south": {"uv": [6, 4], "uv_size": [0, 0]},
								"west": {"uv": [5, 4], "uv_size": [1, 0]},
								"up": {"uv": [5, 3], "uv_size": [0, 1]},
								"down": {"uv": [5, 4], "uv_size": [0, -1]}
							}
						},
						{
							"origin": [-6.08457, 6.54453, 0.86517],
							"size": [0.125, 0.025, 1.475],
							"pivot": [-10.20586, -1.85467, 2.85732],
							"rotation": [0, 0, -15],
							"uv": {
								"north": {"uv": [5, 4], "uv_size": [0, 0]},
								"east": {"uv": [4, 4], "uv_size": [1, 0]},
								"south": {"uv": [6, 4], "uv_size": [0, 0]},
								"west": {"uv": [5, 4], "uv_size": [1, 0]},
								"up": {"uv": [5, 3], "uv_size": [0, 1]},
								"down": {"uv": [5, 4], "uv_size": [0, -1]}
							}
						},
						{
							"origin": [-8.40313, 7.36265, 0.86517],
							"size": [0.125, 0.03, 1.475],
							"uv": {
								"north": {"uv": [5, 4], "uv_size": [0, 0]},
								"east": {"uv": [4, 4], "uv_size": [1, 0]},
								"south": {"uv": [6, 4], "uv_size": [0, 0]},
								"west": {"uv": [5, 4], "uv_size": [1, 0]},
								"up": {"uv": [5, 3], "uv_size": [0, 1]},
								"down": {"uv": [5, 4], "uv_size": [0, -1]}
							}
						},
						{
							"origin": [-8.45892, 7.3375, 0.86517],
							"size": [0.1, 0.075, 1.475],
							"uv": {
								"north": {"uv": [5, 4], "uv_size": [0, 0]},
								"east": {"uv": [4, 4], "uv_size": [1, 0]},
								"south": {"uv": [6, 4], "uv_size": [0, 0]},
								"west": {"uv": [5, 4], "uv_size": [1, 0]},
								"up": {"uv": [5, 3], "uv_size": [0, 1]},
								"down": {"uv": [5, 4], "uv_size": [0, -1]}
							}
						},
						{
							"origin": [-8.33392, 7.3625, 0.86517],
							"size": [0.025, 0.025, 1.475],
							"uv": {
								"north": {"uv": [5, 4], "uv_size": [0, 0]},
								"east": {"uv": [4, 4], "uv_size": [1, 0]},
								"south": {"uv": [6, 4], "uv_size": [0, 0]},
								"west": {"uv": [5, 4], "uv_size": [1, 0]},
								"up": {"uv": [5, 3], "uv_size": [0, 1]},
								"down": {"uv": [5, 4], "uv_size": [0, -1]}
							}
						},
						{
							"origin": [-8.43392, 7.3625, 0.86517],
							"size": [0.075, 0.025, 1.475],
							"uv": {
								"north": {"uv": [5, 4], "uv_size": [0, 0]},
								"east": {"uv": [4, 4], "uv_size": [1, 0]},
								"south": {"uv": [6, 4], "uv_size": [0, 0]},
								"west": {"uv": [5, 4], "uv_size": [1, 0]},
								"up": {"uv": [5, 3], "uv_size": [0, 1]},
								"down": {"uv": [5, 4], "uv_size": [0, -1]}
							}
						}
					]
				},
				{
					"name": "yaiba13",
					"parent": "okkotsu_sword_bone",
					"pivot": [-10.05, -1.025, 13.5],
					"rotation": [0, 30, 0],
					"cubes": [
						{
							"origin": [-3.18424, 7.325, 1.45331],
							"size": [0.175, 0.1, 0.55],
							"uv": {
								"north": {"uv": [4, 3], "uv_size": [0, 0]},
								"east": {"uv": [4, 3], "uv_size": [0, 0]},
								"south": {"uv": [4, 3], "uv_size": [0, 0]},
								"west": {"uv": [4, 3], "uv_size": [0, 0]},
								"up": {"uv": [4, 3], "uv_size": [0, 0]},
								"down": {"uv": [4, 3], "uv_size": [0, 0]}
							}
						},
						{
							"origin": [-5.23244, 7.45799, 1.45331],
							"size": [0.125, 0.025, 0.55],
							"pivot": [-4.34109, -0.98942, 2.47831],
							"rotation": [0, 0, 15],
							"uv": {
								"north": {"uv": [4, 3], "uv_size": [0, 0]},
								"east": {"uv": [4, 3], "uv_size": [0, 0]},
								"south": {"uv": [4, 3], "uv_size": [0, 0]},
								"west": {"uv": [4, 3], "uv_size": [0, 0]},
								"up": {"uv": [4, 3], "uv_size": [0, 0]},
								"down": {"uv": [4, 3], "uv_size": [0, 0]}
							}
						},
						{
							"origin": [-0.6945, 6.54791, 1.45331],
							"size": [0.125, 0.025, 0.55],
							"pivot": [-4.80315, -1.85467, 2.47831],
							"rotation": [0, 0, -15],
							"uv": {
								"north": {"uv": [4, 3], "uv_size": [0, 0]},
								"east": {"uv": [4, 3], "uv_size": [0, 0]},
								"south": {"uv": [4, 3], "uv_size": [0, 0]},
								"west": {"uv": [4, 3], "uv_size": [0, 0]},
								"up": {"uv": [4, 3], "uv_size": [0, 0]},
								"down": {"uv": [4, 3], "uv_size": [0, 0]}
							}
						},
						{
							"origin": [-3.06929, 7.3375, 1.45331],
							"size": [0.1, 0.075, 0.55],
							"uv": {
								"north": {"uv": [4, 3], "uv_size": [0, 0]},
								"east": {"uv": [4, 3], "uv_size": [0, 0]},
								"south": {"uv": [4, 3], "uv_size": [0, 0]},
								"west": {"uv": [4, 3], "uv_size": [0, 0]},
								"up": {"uv": [4, 3], "uv_size": [0, 0]},
								"down": {"uv": [4, 3], "uv_size": [0, 0]}
							}
						},
						{
							"origin": [-2.94429, 7.3625, 1.45331],
							"size": [0.025, 0.025, 0.55],
							"uv": {
								"north": {"uv": [4, 3], "uv_size": [0, 0]},
								"east": {"uv": [4, 3], "uv_size": [0, 0]},
								"south": {"uv": [4, 3], "uv_size": [0, 0]},
								"west": {"uv": [4, 3], "uv_size": [0, 0]},
								"up": {"uv": [4, 3], "uv_size": [0, 0]},
								"down": {"uv": [4, 3], "uv_size": [0, 0]}
							}
						},
						{
							"origin": [-3.04429, 7.3625, 1.45331],
							"size": [0.075, 0.025, 0.55],
							"uv": {
								"north": {"uv": [4, 3], "uv_size": [0, 0]},
								"east": {"uv": [4, 3], "uv_size": [0, 0]},
								"south": {"uv": [4, 3], "uv_size": [0, 0]},
								"west": {"uv": [4, 3], "uv_size": [0, 0]},
								"up": {"uv": [4, 3], "uv_size": [0, 0]},
								"down": {"uv": [4, 3], "uv_size": [0, 0]}
							}
						}
					]
				},
				{
					"name": "yaiba12",
					"parent": "okkotsu_sword_bone",
					"pivot": [-10.05, -1.025, 13.5],
					"rotation": [0, 11.5, 0],
					"cubes": [
						{
							"origin": [-7.20228, 7.325, 0.32504],
							"size": [0.175, 0.1, 0.825],
							"uv": {
								"north": {"uv": [4, 3], "uv_size": [0, 0]},
								"east": {"uv": [4, 3], "uv_size": [0, 0]},
								"south": {"uv": [4, 3], "uv_size": [0, 0]},
								"west": {"uv": [4, 3], "uv_size": [0, 0]},
								"up": {"uv": [4, 3], "uv_size": [0, 0]},
								"down": {"uv": [4, 3], "uv_size": [0, 0]}
							}
						},
						{
							"origin": [-9.25088, 7.46107, 0.32504],
							"size": [0.125, 0.025, 0.825],
							"pivot": [-8.371, -0.98942, 1.65768],
							"rotation": [0, 0, 15],
							"uv": {
								"north": {"uv": [4, 3], "uv_size": [0, 0]},
								"east": {"uv": [4, 3], "uv_size": [0, 0]},
								"south": {"uv": [4, 3], "uv_size": [0, 0]},
								"west": {"uv": [4, 3], "uv_size": [0, 0]},
								"up": {"uv": [4, 3], "uv_size": [0, 0]},
								"down": {"uv": [4, 3], "uv_size": [0, 0]}
							}
						},
						{
							"origin": [-4.71293, 6.54484, 0.32504],
							"size": [0.125, 0.025, 0.825],
							"pivot": [-8.83306, -1.85467, 1.65768],
							"rotation": [0, 0, -15],
							"uv": {
								"north": {"uv": [4, 3], "uv_size": [0, 0]},
								"east": {"uv": [4, 3], "uv_size": [0, 0]},
								"south": {"uv": [4, 3], "uv_size": [0, 0]},
								"west": {"uv": [4, 3], "uv_size": [0, 0]},
								"up": {"uv": [4, 3], "uv_size": [0, 0]},
								"down": {"uv": [4, 3], "uv_size": [0, 0]}
							}
						},
						{
							"origin": [-7.03154, 7.36265, 0.32504],
							"size": [0.125, 0.03, 0.825],
							"uv": {
								"north": {"uv": [4, 3], "uv_size": [0, 0]},
								"east": {"uv": [4, 3], "uv_size": [0, 0]},
								"south": {"uv": [4, 3], "uv_size": [0, 0]},
								"west": {"uv": [4, 3], "uv_size": [0, 0]},
								"up": {"uv": [4, 3], "uv_size": [0, 0]},
								"down": {"uv": [4, 3], "uv_size": [0, 0]}
							}
						},
						{
							"origin": [-7.08732, 7.3375, 0.32504],
							"size": [0.1, 0.075, 0.825],
							"uv": {
								"north": {"uv": [4, 3], "uv_size": [0, 0]},
								"east": {"uv": [4, 3], "uv_size": [0, 0]},
								"south": {"uv": [4, 3], "uv_size": [0, 0]},
								"west": {"uv": [4, 3], "uv_size": [0, 0]},
								"up": {"uv": [4, 3], "uv_size": [0, 0]},
								"down": {"uv": [4, 3], "uv_size": [0, 0]}
							}
						},
						{
							"origin": [-6.96232, 7.3625, 0.32504],
							"size": [0.025, 0.025, 0.825],
							"uv": {
								"north": {"uv": [4, 3], "uv_size": [0, 0]},
								"east": {"uv": [4, 3], "uv_size": [0, 0]},
								"south": {"uv": [4, 3], "uv_size": [0, 0]},
								"west": {"uv": [4, 3], "uv_size": [0, 0]},
								"up": {"uv": [4, 3], "uv_size": [0, 0]},
								"down": {"uv": [4, 3], "uv_size": [0, 0]}
							}
						},
						{
							"origin": [-7.06232, 7.3625, 0.32504],
							"size": [0.075, 0.025, 0.825],
							"uv": {
								"north": {"uv": [4, 3], "uv_size": [0, 0]},
								"east": {"uv": [4, 3], "uv_size": [0, 0]},
								"south": {"uv": [4, 3], "uv_size": [0, 0]},
								"west": {"uv": [4, 3], "uv_size": [0, 0]},
								"up": {"uv": [4, 3], "uv_size": [0, 0]},
								"down": {"uv": [4, 3], "uv_size": [0, 0]}
							}
						}
					]
				},
				{
					"name": "yaiba14",
					"parent": "okkotsu_sword_bone",
					"pivot": [-6.05, -1.025, 13.5],
					"rotation": [0, 50, 0],
					"cubes": [
						{
							"origin": [1.93292, 7.325, 1.19001],
							"size": [0.175, 0.1, 0.375],
							"uv": {
								"north": {"uv": [4, 3], "uv_size": [0, 0]},
								"east": {"uv": [4, 3], "uv_size": [0, 0]},
								"south": {"uv": [4, 3], "uv_size": [0, 0]},
								"west": {"uv": [4, 3], "uv_size": [0, 0]},
								"up": {"uv": [4, 3], "uv_size": [0, 0]},
								"down": {"uv": [4, 3], "uv_size": [0, 0]}
							}
						},
						{
							"origin": [-0.11451, 7.45221, 1.19001],
							"size": [0.125, 0.025, 0.375],
							"pivot": [0.7984, -0.98942, 2.01341],
							"rotation": [0, 0, 15],
							"uv": {
								"north": {"uv": [4, 3], "uv_size": [0, 0]},
								"east": {"uv": [4, 3], "uv_size": [0, 0]},
								"south": {"uv": [4, 3], "uv_size": [0, 0]},
								"west": {"uv": [4, 3], "uv_size": [0, 0]},
								"up": {"uv": [4, 3], "uv_size": [0, 0]},
								"down": {"uv": [4, 3], "uv_size": [0, 0]}
							}
						},
						{
							"origin": [4.42343, 6.55369, 1.19001],
							"size": [0.125, 0.025, 0.375],
							"pivot": [0.33635, -1.85467, 2.01341],
							"rotation": [0, 0, -15],
							"uv": {
								"north": {"uv": [4, 3], "uv_size": [0, 0]},
								"east": {"uv": [4, 3], "uv_size": [0, 0]},
								"south": {"uv": [4, 3], "uv_size": [0, 0]},
								"west": {"uv": [4, 3], "uv_size": [0, 0]},
								"up": {"uv": [4, 3], "uv_size": [0, 0]},
								"down": {"uv": [4, 3], "uv_size": [0, 0]}
							}
						},
						{
							"origin": [2.10367, 7.36265, 1.19001],
							"size": [0.125, 0.03, 0.375],
							"uv": {
								"north": {"uv": [4, 3], "uv_size": [0, 0]},
								"east": {"uv": [4, 3], "uv_size": [0, 0]},
								"south": {"uv": [4, 3], "uv_size": [0, 0]},
								"west": {"uv": [4, 3], "uv_size": [0, 0]},
								"up": {"uv": [4, 3], "uv_size": [0, 0]},
								"down": {"uv": [4, 3], "uv_size": [0, 0]}
							}
						},
						{
							"origin": [2.04788, 7.3375, 1.19001],
							"size": [0.1, 0.075, 0.375],
							"uv": {
								"north": {"uv": [4, 3], "uv_size": [0, 0]},
								"east": {"uv": [4, 3], "uv_size": [0, 0]},
								"south": {"uv": [4, 3], "uv_size": [0, 0]},
								"west": {"uv": [4, 3], "uv_size": [0, 0]},
								"up": {"uv": [4, 3], "uv_size": [0, 0]},
								"down": {"uv": [4, 3], "uv_size": [0, 0]}
							}
						},
						{
							"origin": [2.17288, 7.3625, 1.19001],
							"size": [0.025, 0.025, 0.375],
							"uv": {
								"north": {"uv": [4, 3], "uv_size": [0, 0]},
								"east": {"uv": [4, 3], "uv_size": [0, 0]},
								"south": {"uv": [4, 3], "uv_size": [0, 0]},
								"west": {"uv": [4, 3], "uv_size": [0, 0]},
								"up": {"uv": [4, 3], "uv_size": [0, 0]},
								"down": {"uv": [4, 3], "uv_size": [0, 0]}
							}
						},
						{
							"origin": [2.07288, 7.3625, 1.19001],
							"size": [0.075, 0.025, 0.375],
							"uv": {
								"north": {"uv": [4, 3], "uv_size": [0, 0]},
								"east": {"uv": [4, 3], "uv_size": [0, 0]},
								"south": {"uv": [4, 3], "uv_size": [0, 0]},
								"west": {"uv": [4, 3], "uv_size": [0, 0]},
								"up": {"uv": [4, 3], "uv_size": [0, 0]},
								"down": {"uv": [4, 3], "uv_size": [0, 0]}
							}
						}
					]
				},
				{
					"name": "yaiba15",
					"parent": "okkotsu_sword_bone",
					"pivot": [-6.05, -1.025, 13.5],
					"rotation": [0, 56.5, 0],
					"cubes": [
						{
							"origin": [3.34824, 7.325, 2.10632],
							"size": [0.1, 0.1, 0.1],
							"uv": {
								"north": {"uv": [4, 3], "uv_size": [0, 0]},
								"east": {"uv": [4, 3], "uv_size": [0, 0]},
								"south": {"uv": [4, 3], "uv_size": [0, 0]},
								"west": {"uv": [4, 3], "uv_size": [0, 0]},
								"up": {"uv": [4, 3], "uv_size": [0, 0]},
								"down": {"uv": [4, 3], "uv_size": [0, 0]}
							}
						},
						{
							"origin": [3.37324, 7.325, 2.05632],
							"size": [0.075, 0.1, 0.1],
							"uv": {
								"north": {"uv": [4, 3], "uv_size": [0, 0]},
								"east": {"uv": [4, 3], "uv_size": [0, 0]},
								"south": {"uv": [4, 3], "uv_size": [0, 0]},
								"west": {"uv": [4, 3], "uv_size": [0, 0]},
								"up": {"uv": [4, 3], "uv_size": [0, 0]},
								"down": {"uv": [4, 3], "uv_size": [0, 0]}
							}
						},
						{
							"origin": [1.2258, 7.45221, 2.10632],
							"size": [0.125, 0.025, 0.1],
							"pivot": [2.13872, -0.98942, 2.65471],
							"rotation": [0, 0, 15],
							"uv": {
								"north": {"uv": [4, 3], "uv_size": [0, 0]},
								"east": {"uv": [4, 3], "uv_size": [0, 0]},
								"south": {"uv": [4, 3], "uv_size": [0, 0]},
								"west": {"uv": [4, 3], "uv_size": [0, 0]},
								"up": {"uv": [4, 3], "uv_size": [0, 0]},
								"down": {"uv": [4, 3], "uv_size": [0, 0]}
							}
						},
						{
							"origin": [5.76375, 6.55369, 2.10632],
							"size": [0.125, 0.025, 0.1],
							"pivot": [1.67666, -1.85467, 2.65471],
							"rotation": [0, 0, -15],
							"uv": {
								"north": {"uv": [4, 3], "uv_size": [0, 0]},
								"east": {"uv": [4, 3], "uv_size": [0, 0]},
								"south": {"uv": [4, 3], "uv_size": [0, 0]},
								"west": {"uv": [4, 3], "uv_size": [0, 0]},
								"up": {"uv": [4, 3], "uv_size": [0, 0]},
								"down": {"uv": [4, 3], "uv_size": [0, 0]}
							}
						},
						{
							"origin": [3.44398, 7.36265, 2.10632],
							"size": [0.125, 0.03, 0.1],
							"uv": {
								"north": {"uv": [4, 3], "uv_size": [0, 0]},
								"east": {"uv": [4, 3], "uv_size": [0, 0]},
								"south": {"uv": [4, 3], "uv_size": [0, 0]},
								"west": {"uv": [4, 3], "uv_size": [0, 0]},
								"up": {"uv": [4, 3], "uv_size": [0, 0]},
								"down": {"uv": [4, 3], "uv_size": [0, 0]}
							}
						},
						{
							"origin": [3.38819, 7.3375, 2.10632],
							"size": [0.1, 0.075, 0.1],
							"uv": {
								"north": {"uv": [4, 3], "uv_size": [0, 0]},
								"east": {"uv": [4, 3], "uv_size": [0, 0]},
								"south": {"uv": [4, 3], "uv_size": [0, 0]},
								"west": {"uv": [4, 3], "uv_size": [0, 0]},
								"up": {"uv": [4, 3], "uv_size": [0, 0]},
								"down": {"uv": [4, 3], "uv_size": [0, 0]}
							}
						},
						{
							"origin": [3.51319, 7.3625, 2.10632],
							"size": [0.025, 0.025, 0.1],
							"uv": {
								"north": {"uv": [4, 3], "uv_size": [0, 0]},
								"east": {"uv": [4, 3], "uv_size": [0, 0]},
								"south": {"uv": [4, 3], "uv_size": [0, 0]},
								"west": {"uv": [4, 3], "uv_size": [0, 0]},
								"up": {"uv": [4, 3], "uv_size": [0, 0]},
								"down": {"uv": [4, 3], "uv_size": [0, 0]}
							}
						},
						{
							"origin": [3.41319, 7.3625, 2.10632],
							"size": [0.075, 0.025, 0.1],
							"uv": {
								"north": {"uv": [4, 3], "uv_size": [0, 0]},
								"east": {"uv": [4, 3], "uv_size": [0, 0]},
								"south": {"uv": [4, 3], "uv_size": [0, 0]},
								"west": {"uv": [4, 3], "uv_size": [0, 0]},
								"up": {"uv": [4, 3], "uv_size": [0, 0]},
								"down": {"uv": [4, 3], "uv_size": [0, 0]}
							}
						}
					]
				},
				{
					"name": "yaiba17",
					"parent": "okkotsu_sword_bone",
					"pivot": [-6.225, -1.025, 13.5],
					"rotation": [0, 56.5, 0],
					"cubes": [
						{
							"origin": [3.31983, 7.325, 2.17725],
							"size": [0.05, 0.1, 0.075],
							"uv": {
								"north": {"uv": [4, 3], "uv_size": [0, 0]},
								"east": {"uv": [4, 3], "uv_size": [0, 0]},
								"south": {"uv": [4, 3], "uv_size": [0, 0]},
								"west": {"uv": [4, 3], "uv_size": [0, 0]},
								"up": {"uv": [4, 3], "uv_size": [0, 0]},
								"down": {"uv": [4, 3], "uv_size": [0, 0]}
							}
						},
						{
							"origin": [1.14739, 7.45221, 2.20225],
							"size": [0.125, 0.025, 0.05],
							"pivot": [2.06031, -0.98942, 2.70064],
							"rotation": [0, 0, 15],
							"uv": {
								"north": {"uv": [4, 3], "uv_size": [0, 0]},
								"east": {"uv": [4, 3], "uv_size": [0, 0]},
								"south": {"uv": [4, 3], "uv_size": [0, 0]},
								"west": {"uv": [4, 3], "uv_size": [0, 0]},
								"up": {"uv": [4, 3], "uv_size": [0, 0]},
								"down": {"uv": [4, 3], "uv_size": [0, 0]}
							}
						},
						{
							"origin": [5.68534, 6.55369, 2.20225],
							"size": [0.125, 0.025, 0.05],
							"pivot": [1.59825, -1.85467, 2.70064],
							"rotation": [0, 0, -15],
							"uv": {
								"north": {"uv": [4, 3], "uv_size": [0, 0]},
								"east": {"uv": [4, 3], "uv_size": [0, 0]},
								"south": {"uv": [4, 3], "uv_size": [0, 0]},
								"west": {"uv": [4, 3], "uv_size": [0, 0]},
								"up": {"uv": [4, 3], "uv_size": [0, 0]},
								"down": {"uv": [4, 3], "uv_size": [0, 0]}
							}
						},
						{
							"origin": [3.36557, 7.36265, 2.20225],
							"size": [0.125, 0.03, 0.05],
							"uv": {
								"north": {"uv": [4, 3], "uv_size": [0, 0]},
								"east": {"uv": [4, 3], "uv_size": [0, 0]},
								"south": {"uv": [4, 3], "uv_size": [0, 0]},
								"west": {"uv": [4, 3], "uv_size": [0, 0]},
								"up": {"uv": [4, 3], "uv_size": [0, 0]},
								"down": {"uv": [4, 3], "uv_size": [0, 0]}
							}
						},
						{
							"origin": [3.30978, 7.3375, 2.20225],
							"size": [0.1, 0.075, 0.05],
							"uv": {
								"north": {"uv": [4, 3], "uv_size": [0, 0]},
								"east": {"uv": [4, 3], "uv_size": [0, 0]},
								"south": {"uv": [4, 3], "uv_size": [0, 0]},
								"west": {"uv": [4, 3], "uv_size": [0, 0]},
								"up": {"uv": [4, 3], "uv_size": [0, 0]},
								"down": {"uv": [4, 3], "uv_size": [0, 0]}
							}
						},
						{
							"origin": [3.43478, 7.3625, 2.20225],
							"size": [0.025, 0.025, 0.05],
							"uv": {
								"north": {"uv": [4, 3], "uv_size": [0, 0]},
								"east": {"uv": [4, 3], "uv_size": [0, 0]},
								"south": {"uv": [4, 3], "uv_size": [0, 0]},
								"west": {"uv": [4, 3], "uv_size": [0, 0]},
								"up": {"uv": [4, 3], "uv_size": [0, 0]},
								"down": {"uv": [4, 3], "uv_size": [0, 0]}
							}
						},
						{
							"origin": [3.33478, 7.3625, 2.20225],
							"size": [0.075, 0.025, 0.05],
							"uv": {
								"north": {"uv": [4, 3], "uv_size": [0, 0]},
								"east": {"uv": [4, 3], "uv_size": [0, 0]},
								"south": {"uv": [4, 3], "uv_size": [0, 0]},
								"west": {"uv": [4, 3], "uv_size": [0, 0]},
								"up": {"uv": [4, 3], "uv_size": [0, 0]},
								"down": {"uv": [4, 3], "uv_size": [0, 0]}
							}
						}
					]
				},
				{
					"name": "yaiba18",
					"parent": "okkotsu_sword_bone",
					"pivot": [-6.375, -1.025, 13.5],
					"rotation": [0, 56.5, 0],
					"cubes": [
						{
							"origin": [3.27762, 7.325, 2.27733],
							"size": [0.025, 0.1, 0.05],
							"uv": {
								"north": {"uv": [4, 3], "uv_size": [0, 0]},
								"east": {"uv": [4, 3], "uv_size": [0, 0]},
								"south": {"uv": [4, 3], "uv_size": [0, 0]},
								"west": {"uv": [4, 3], "uv_size": [0, 0]},
								"up": {"uv": [4, 3], "uv_size": [0, 0]},
								"down": {"uv": [4, 3], "uv_size": [0, 0]}
							}
						},
						{
							"origin": [1.08018, 7.45221, 2.27733],
							"size": [0.125, 0.025, 0.05],
							"pivot": [1.9931, -0.98942, 2.77572],
							"rotation": [0, 0, 15],
							"uv": {
								"north": {"uv": [4, 3], "uv_size": [0, 0]},
								"east": {"uv": [4, 3], "uv_size": [0, 0]},
								"south": {"uv": [4, 3], "uv_size": [0, 0]},
								"west": {"uv": [4, 3], "uv_size": [0, 0]},
								"up": {"uv": [4, 3], "uv_size": [0, 0]},
								"down": {"uv": [4, 3], "uv_size": [0, 0]}
							}
						},
						{
							"origin": [1.10518, 7.45221, 2.25233],
							"size": [0.075, 0.025, 0.05],
							"pivot": [1.9931, -0.98942, 2.77572],
							"rotation": [0, 0, 15],
							"uv": {
								"north": {"uv": [4, 3], "uv_size": [0, 0]},
								"east": {"uv": [4, 3], "uv_size": [0, 0]},
								"south": {"uv": [4, 3], "uv_size": [0, 0]},
								"west": {"uv": [4, 3], "uv_size": [0, 0]},
								"up": {"uv": [4, 3], "uv_size": [0, 0]},
								"down": {"uv": [4, 3], "uv_size": [0, 0]}
							}
						},
						{
							"origin": [5.61813, 6.55369, 2.27733],
							"size": [0.125, 0.025, 0.05],
							"pivot": [1.53104, -1.85467, 2.77572],
							"rotation": [0, 0, -15],
							"uv": {
								"north": {"uv": [4, 3], "uv_size": [0, 0]},
								"east": {"uv": [4, 3], "uv_size": [0, 0]},
								"south": {"uv": [4, 3], "uv_size": [0, 0]},
								"west": {"uv": [4, 3], "uv_size": [0, 0]},
								"up": {"uv": [4, 3], "uv_size": [0, 0]},
								"down": {"uv": [4, 3], "uv_size": [0, 0]}
							}
						},
						{
							"origin": [3.29836, 7.36265, 2.27733],
							"size": [0.125, 0.03, 0.05],
							"uv": {
								"north": {"uv": [4, 3], "uv_size": [0, 0]},
								"east": {"uv": [4, 3], "uv_size": [0, 0]},
								"south": {"uv": [4, 3], "uv_size": [0, 0]},
								"west": {"uv": [4, 3], "uv_size": [0, 0]},
								"up": {"uv": [4, 3], "uv_size": [0, 0]},
								"down": {"uv": [4, 3], "uv_size": [0, 0]}
							}
						},
						{
							"origin": [3.26757, 7.3375, 2.27733],
							"size": [0.075, 0.075, 0.05],
							"uv": {
								"north": {"uv": [4, 3], "uv_size": [0, 0]},
								"east": {"uv": [4, 3], "uv_size": [0, 0]},
								"south": {"uv": [4, 3], "uv_size": [0, 0]},
								"west": {"uv": [4, 3], "uv_size": [0, 0]},
								"up": {"uv": [4, 3], "uv_size": [0, 0]},
								"down": {"uv": [4, 3], "uv_size": [0, 0]}
							}
						},
						{
							"origin": [3.36757, 7.3625, 2.27733],
							"size": [0.025, 0.025, 0.05],
							"uv": {
								"north": {"uv": [4, 3], "uv_size": [0, 0]},
								"east": {"uv": [4, 3], "uv_size": [0, 0]},
								"south": {"uv": [4, 3], "uv_size": [0, 0]},
								"west": {"uv": [4, 3], "uv_size": [0, 0]},
								"up": {"uv": [4, 3], "uv_size": [0, 0]},
								"down": {"uv": [4, 3], "uv_size": [0, 0]}
							}
						},
						{
							"origin": [3.26757, 7.3625, 2.27733],
							"size": [0.075, 0.025, 0.05],
							"uv": {
								"north": {"uv": [4, 3], "uv_size": [0, 0]},
								"east": {"uv": [4, 3], "uv_size": [0, 0]},
								"south": {"uv": [4, 3], "uv_size": [0, 0]},
								"west": {"uv": [4, 3], "uv_size": [0, 0]},
								"up": {"uv": [4, 3], "uv_size": [0, 0]},
								"down": {"uv": [4, 3], "uv_size": [0, 0]}
							}
						}
					]
				},
				{
					"name": "yaiba20",
					"parent": "okkotsu_sword_bone",
					"pivot": [-6.55, -1.025, 13.5],
					"rotation": [0, 56.5, 0],
					"cubes": [
						{
							"origin": [1.07677, 7.45221, 2.37326],
							"size": [0.05, 0.025, 0.05],
							"pivot": [1.91468, -0.98942, 2.82165],
							"rotation": [0, 0, 15],
							"uv": {
								"north": {"uv": [4, 3], "uv_size": [0, 0]},
								"east": {"uv": [4, 3], "uv_size": [0, 0]},
								"south": {"uv": [4, 3], "uv_size": [0, 0]},
								"west": {"uv": [4, 3], "uv_size": [0, 0]},
								"up": {"uv": [4, 3], "uv_size": [0, 0]},
								"down": {"uv": [4, 3], "uv_size": [0, 0]}
							}
						},
						{
							"origin": [5.61472, 6.55369, 2.37326],
							"size": [0.05, 0.025, 0.05],
							"pivot": [1.45263, -1.85467, 2.82165],
							"rotation": [0, 0, -15],
							"uv": {
								"north": {"uv": [4, 3], "uv_size": [0, 0]},
								"east": {"uv": [4, 3], "uv_size": [0, 0]},
								"south": {"uv": [4, 3], "uv_size": [0, 0]},
								"west": {"uv": [4, 3], "uv_size": [0, 0]},
								"up": {"uv": [4, 3], "uv_size": [0, 0]},
								"down": {"uv": [4, 3], "uv_size": [0, 0]}
							}
						},
						{
							"origin": [3.24495, 7.36265, 2.37326],
							"size": [0.1, 0.03, 0.05],
							"uv": {
								"north": {"uv": [4, 3], "uv_size": [0, 0]},
								"east": {"uv": [4, 3], "uv_size": [0, 0]},
								"south": {"uv": [4, 3], "uv_size": [0, 0]},
								"west": {"uv": [4, 3], "uv_size": [0, 0]},
								"up": {"uv": [4, 3], "uv_size": [0, 0]},
								"down": {"uv": [4, 3], "uv_size": [0, 0]}
							}
						},
						{
							"origin": [3.28916, 7.3625, 2.37326],
							"size": [0.025, 0.025, 0.05],
							"uv": {
								"north": {"uv": [4, 3], "uv_size": [0, 0]},
								"east": {"uv": [4, 3], "uv_size": [0, 0]},
								"south": {"uv": [4, 3], "uv_size": [0, 0]},
								"west": {"uv": [4, 3], "uv_size": [0, 0]},
								"up": {"uv": [4, 3], "uv_size": [0, 0]},
								"down": {"uv": [4, 3], "uv_size": [0, 0]}
							}
						},
						{
							"origin": [3.23916, 7.3625, 2.37326],
							"size": [0.025, 0.025, 0.05],
							"uv": {
								"north": {"uv": [4, 3], "uv_size": [0, 0]},
								"east": {"uv": [4, 3], "uv_size": [0, 0]},
								"south": {"uv": [4, 3], "uv_size": [0, 0]},
								"west": {"uv": [4, 3], "uv_size": [0, 0]},
								"up": {"uv": [4, 3], "uv_size": [0, 0]},
								"down": {"uv": [4, 3], "uv_size": [0, 0]}
							}
						}
					]
				},
				{
					"name": "yaiba16",
					"parent": "okkotsu_sword_bone",
					"pivot": [-2.05, -0.025, 5.5],
					"rotation": [0, 100.75, 0],
					"cubes": [
						{
							"origin": [5.56255, 7.325, -1.55369],
							"size": [0.1, 0.1, 0.025],
							"uv": {
								"north": {"uv": [4, 3], "uv_size": [0, 0]},
								"east": {"uv": [4, 3], "uv_size": [0, 0]},
								"south": {"uv": [4, 3], "uv_size": [0, 0]},
								"west": {"uv": [4, 3], "uv_size": [0, 0]},
								"up": {"uv": [4, 3], "uv_size": [0, 0]},
								"down": {"uv": [4, 3], "uv_size": [0, 0]}
							}
						},
						{
							"origin": [3.44012, 7.45221, -1.55369],
							"size": [0.125, 0.025, 0.025],
							"pivot": [4.35303, -0.98942, -0.9303],
							"rotation": [0, 0, 15],
							"uv": {
								"north": {"uv": [4, 3], "uv_size": [0, 0]},
								"east": {"uv": [4, 3], "uv_size": [0, 0]},
								"south": {"uv": [4, 3], "uv_size": [0, 0]},
								"west": {"uv": [4, 3], "uv_size": [0, 0]},
								"up": {"uv": [4, 3], "uv_size": [0, 0]},
								"down": {"uv": [4, 3], "uv_size": [0, 0]}
							}
						},
						{
							"origin": [7.97806, 6.55369, -1.55369],
							"size": [0.125, 0.025, 0.025],
							"pivot": [3.89097, -1.85467, -0.9303],
							"rotation": [0, 0, -15],
							"uv": {
								"north": {"uv": [4, 3], "uv_size": [0, 0]},
								"east": {"uv": [4, 3], "uv_size": [0, 0]},
								"south": {"uv": [4, 3], "uv_size": [0, 0]},
								"west": {"uv": [4, 3], "uv_size": [0, 0]},
								"up": {"uv": [4, 3], "uv_size": [0, 0]},
								"down": {"uv": [4, 3], "uv_size": [0, 0]}
							}
						},
						{
							"origin": [5.65829, 7.36265, -1.55369],
							"size": [0.125, 0.03, 0.025],
							"uv": {
								"north": {"uv": [4, 3], "uv_size": [0, 0]},
								"east": {"uv": [4, 3], "uv_size": [0, 0]},
								"south": {"uv": [4, 3], "uv_size": [0, 0]},
								"west": {"uv": [4, 3], "uv_size": [0, 0]},
								"up": {"uv": [4, 3], "uv_size": [0, 0]},
								"down": {"uv": [4, 3], "uv_size": [0, 0]}
							}
						},
						{
							"origin": [5.60251, 7.3375, -1.55369],
							"size": [0.1, 0.075, 0.025],
							"uv": {
								"north": {"uv": [4, 3], "uv_size": [0, 0]},
								"east": {"uv": [4, 3], "uv_size": [0, 0]},
								"south": {"uv": [4, 3], "uv_size": [0, 0]},
								"west": {"uv": [4, 3], "uv_size": [0, 0]},
								"up": {"uv": [4, 3], "uv_size": [0, 0]},
								"down": {"uv": [4, 3], "uv_size": [0, 0]}
							}
						},
						{
							"origin": [5.72751, 7.3625, -1.55369],
							"size": [0.025, 0.025, 0.025],
							"uv": {
								"north": {"uv": [4, 3], "uv_size": [0, 0]},
								"east": {"uv": [4, 3], "uv_size": [0, 0]},
								"south": {"uv": [4, 3], "uv_size": [0, 0]},
								"west": {"uv": [4, 3], "uv_size": [0, 0]},
								"up": {"uv": [4, 3], "uv_size": [0, 0]},
								"down": {"uv": [4, 3], "uv_size": [0, 0]}
							}
						},
						{
							"origin": [5.62751, 7.3625, -1.55369],
							"size": [0.075, 0.025, 0.025],
							"uv": {
								"north": {"uv": [4, 3], "uv_size": [0, 0]},
								"east": {"uv": [4, 3], "uv_size": [0, 0]},
								"south": {"uv": [4, 3], "uv_size": [0, 0]},
								"west": {"uv": [4, 3], "uv_size": [0, 0]},
								"up": {"uv": [4, 3], "uv_size": [0, 0]},
								"down": {"uv": [4, 3], "uv_size": [0, 0]}
							}
						}
					]
				},
				{
					"name": "yaiba19",
					"parent": "okkotsu_sword_bone",
					"pivot": [-2.05, -0.025, 5.5],
					"rotation": [0, 99.75, 0],
					"cubes": [
						{
							"origin": [5.43869, 7.325, -1.66433],
							"size": [0.1, 0.1, 0.025],
							"uv": {
								"north": {"uv": [4, 3], "uv_size": [0, 0]},
								"east": {"uv": [4, 3], "uv_size": [0, 0]},
								"south": {"uv": [4, 3], "uv_size": [0, 0]},
								"west": {"uv": [4, 3], "uv_size": [0, 0]},
								"up": {"uv": [4, 3], "uv_size": [0, 0]},
								"down": {"uv": [4, 3], "uv_size": [0, 0]}
							}
						},
						{
							"origin": [3.31626, 7.45221, -1.66433],
							"size": [0.125, 0.025, 0.025],
							"pivot": [4.22917, -0.98942, -1.04094],
							"rotation": [0, 0, 15],
							"uv": {
								"north": {"uv": [4, 3], "uv_size": [0, 0]},
								"east": {"uv": [4, 3], "uv_size": [0, 0]},
								"south": {"uv": [4, 3], "uv_size": [0, 0]},
								"west": {"uv": [4, 3], "uv_size": [0, 0]},
								"up": {"uv": [4, 3], "uv_size": [0, 0]},
								"down": {"uv": [4, 3], "uv_size": [0, 0]}
							}
						},
						{
							"origin": [7.8542, 6.55369, -1.66433],
							"size": [0.125, 0.025, 0.025],
							"pivot": [3.76711, -1.85467, -1.04094],
							"rotation": [0, 0, -15],
							"uv": {
								"north": {"uv": [4, 3], "uv_size": [0, 0]},
								"east": {"uv": [4, 3], "uv_size": [0, 0]},
								"south": {"uv": [4, 3], "uv_size": [0, 0]},
								"west": {"uv": [4, 3], "uv_size": [0, 0]},
								"up": {"uv": [4, 3], "uv_size": [0, 0]},
								"down": {"uv": [4, 3], "uv_size": [0, 0]}
							}
						},
						{
							"origin": [5.53443, 7.36265, -1.66433],
							"size": [0.125, 0.03, 0.025],
							"uv": {
								"north": {"uv": [4, 3], "uv_size": [0, 0]},
								"east": {"uv": [4, 3], "uv_size": [0, 0]},
								"south": {"uv": [4, 3], "uv_size": [0, 0]},
								"west": {"uv": [4, 3], "uv_size": [0, 0]},
								"up": {"uv": [4, 3], "uv_size": [0, 0]},
								"down": {"uv": [4, 3], "uv_size": [0, 0]}
							}
						},
						{
							"origin": [5.47865, 7.3375, -1.66433],
							"size": [0.1, 0.075, 0.025],
							"uv": {
								"north": {"uv": [4, 3], "uv_size": [0, 0]},
								"east": {"uv": [4, 3], "uv_size": [0, 0]},
								"south": {"uv": [4, 3], "uv_size": [0, 0]},
								"west": {"uv": [4, 3], "uv_size": [0, 0]},
								"up": {"uv": [4, 3], "uv_size": [0, 0]},
								"down": {"uv": [4, 3], "uv_size": [0, 0]}
							}
						},
						{
							"origin": [5.60365, 7.3625, -1.66433],
							"size": [0.025, 0.025, 0.025],
							"uv": {
								"north": {"uv": [4, 3], "uv_size": [0, 0]},
								"east": {"uv": [4, 3], "uv_size": [0, 0]},
								"south": {"uv": [4, 3], "uv_size": [0, 0]},
								"west": {"uv": [4, 3], "uv_size": [0, 0]},
								"up": {"uv": [4, 3], "uv_size": [0, 0]},
								"down": {"uv": [4, 3], "uv_size": [0, 0]}
							}
						},
						{
							"origin": [5.50365, 7.3625, -1.66433],
							"size": [0.075, 0.025, 0.025],
							"uv": {
								"north": {"uv": [4, 3], "uv_size": [0, 0]},
								"east": {"uv": [4, 3], "uv_size": [0, 0]},
								"south": {"uv": [4, 3], "uv_size": [0, 0]},
								"west": {"uv": [4, 3], "uv_size": [0, 0]},
								"up": {"uv": [4, 3], "uv_size": [0, 0]},
								"down": {"uv": [4, 3], "uv_size": [0, 0]}
							}
						}
					]
				},
				{
					"name": "yaiba21",
					"parent": "okkotsu_sword_bone",
					"pivot": [-2.05, -0.025, 5.5],
					"rotation": [0, 98, 0],
					"cubes": [
						{
							"origin": [5.21707, 7.325, -1.87144],
							"size": [0.1, 0.1, 0.025],
							"uv": {
								"north": {"uv": [4, 3], "uv_size": [0, 0]},
								"east": {"uv": [4, 3], "uv_size": [0, 0]},
								"south": {"uv": [4, 3], "uv_size": [0, 0]},
								"west": {"uv": [4, 3], "uv_size": [0, 0]},
								"up": {"uv": [4, 3], "uv_size": [0, 0]},
								"down": {"uv": [4, 3], "uv_size": [0, 0]}
							}
						},
						{
							"origin": [3.09464, 7.45221, -1.87144],
							"size": [0.125, 0.025, 0.025],
							"pivot": [4.00755, -0.98942, -1.24804],
							"rotation": [0, 0, 15],
							"uv": {
								"north": {"uv": [4, 3], "uv_size": [0, 0]},
								"east": {"uv": [4, 3], "uv_size": [0, 0]},
								"south": {"uv": [4, 3], "uv_size": [0, 0]},
								"west": {"uv": [4, 3], "uv_size": [0, 0]},
								"up": {"uv": [4, 3], "uv_size": [0, 0]},
								"down": {"uv": [4, 3], "uv_size": [0, 0]}
							}
						},
						{
							"origin": [7.63258, 6.55369, -1.87144],
							"size": [0.125, 0.025, 0.025],
							"pivot": [3.54549, -1.85467, -1.24804],
							"rotation": [0, 0, -15],
							"uv": {
								"north": {"uv": [4, 3], "uv_size": [0, 0]},
								"east": {"uv": [4, 3], "uv_size": [0, 0]},
								"south": {"uv": [4, 3], "uv_size": [0, 0]},
								"west": {"uv": [4, 3], "uv_size": [0, 0]},
								"up": {"uv": [4, 3], "uv_size": [0, 0]},
								"down": {"uv": [4, 3], "uv_size": [0, 0]}
							}
						},
						{
							"origin": [5.31281, 7.36265, -1.87144],
							"size": [0.125, 0.03, 0.025],
							"uv": {
								"north": {"uv": [4, 3], "uv_size": [0, 0]},
								"east": {"uv": [4, 3], "uv_size": [0, 0]},
								"south": {"uv": [4, 3], "uv_size": [0, 0]},
								"west": {"uv": [4, 3], "uv_size": [0, 0]},
								"up": {"uv": [4, 3], "uv_size": [0, 0]},
								"down": {"uv": [4, 3], "uv_size": [0, 0]}
							}
						},
						{
							"origin": [5.25702, 7.3375, -1.87144],
							"size": [0.1, 0.075, 0.025],
							"uv": {
								"north": {"uv": [4, 3], "uv_size": [0, 0]},
								"east": {"uv": [4, 3], "uv_size": [0, 0]},
								"south": {"uv": [4, 3], "uv_size": [0, 0]},
								"west": {"uv": [4, 3], "uv_size": [0, 0]},
								"up": {"uv": [4, 3], "uv_size": [0, 0]},
								"down": {"uv": [4, 3], "uv_size": [0, 0]}
							}
						},
						{
							"origin": [5.38202, 7.3625, -1.87144],
							"size": [0.025, 0.025, 0.025],
							"uv": {
								"north": {"uv": [4, 3], "uv_size": [0, 0]},
								"east": {"uv": [4, 3], "uv_size": [0, 0]},
								"south": {"uv": [4, 3], "uv_size": [0, 0]},
								"west": {"uv": [4, 3], "uv_size": [0, 0]},
								"up": {"uv": [4, 3], "uv_size": [0, 0]},
								"down": {"uv": [4, 3], "uv_size": [0, 0]}
							}
						},
						{
							"origin": [5.28202, 7.3625, -1.87144],
							"size": [0.075, 0.025, 0.025],
							"uv": {
								"north": {"uv": [4, 3], "uv_size": [0, 0]},
								"east": {"uv": [4, 3], "uv_size": [0, 0]},
								"south": {"uv": [4, 3], "uv_size": [0, 0]},
								"west": {"uv": [4, 3], "uv_size": [0, 0]},
								"up": {"uv": [4, 3], "uv_size": [0, 0]},
								"down": {"uv": [4, 3], "uv_size": [0, 0]}
							}
						}
					]
				},
				{
					"name": "tyou",
					"parent": "okkotsu_sword_bone",
					"pivot": [-11.05, -1.025, 15.5],
					"rotation": [0, 4.75, 0],
					"cubes": [
						{
							"origin": [-9.03846, 7.325, 0.4777],
							"size": [0.575, 0.1, 0.575],
							"uv": {
								"north": {"uv": [4, 3], "uv_size": [0, 0]},
								"east": {"uv": [4, 3], "uv_size": [0, 0]},
								"south": {"uv": [4, 3], "uv_size": [0, 0]},
								"west": {"uv": [4, 3], "uv_size": [0, 0]},
								"up": {"uv": [4, 3], "uv_size": [0, 0]},
								"down": {"uv": [4, 3], "uv_size": [0, 0]}
							}
						},
						{
							"origin": [-9.02965, 7.325, -0.11833],
							"size": [0.5, 0.1, 0.675],
							"pivot": [-7.72915, -1.025, 0.97166],
							"rotation": [0, 1, 0],
							"uv": {
								"north": {"uv": [4, 3], "uv_size": [0, 0]},
								"east": {"uv": [4, 3], "uv_size": [0, 0]},
								"south": {"uv": [4, 3], "uv_size": [0, 0]},
								"west": {"uv": [4, 3], "uv_size": [0, 0]},
								"up": {"uv": [4, 3], "uv_size": [0, 0]},
								"down": {"uv": [4, 3], "uv_size": [0, 0]}
							}
						},
						{
							"origin": [-9.0337, 7.325, -0.30383],
							"size": [0.375, 0.1, 0.275],
							"pivot": [-7.73311, -1.025, 0.48529],
							"rotation": [0, 1.5, 0],
							"uv": {
								"north": {"uv": [4, 3], "uv_size": [0, 0]},
								"east": {"uv": [4, 3], "uv_size": [0, 0]},
								"south": {"uv": [4, 3], "uv_size": [0, 0]},
								"west": {"uv": [4, 3], "uv_size": [0, 0]},
								"up": {"uv": [4, 3], "uv_size": [0, 0]},
								"down": {"uv": [4, 3], "uv_size": [0, 0]}
							}
						},
						{
							"origin": [-9.03882, 7.325, -0.45903],
							"size": [0.275, 0.1, 0.15],
							"pivot": [-7.73818, -1.025, 0.20464],
							"rotation": [0, 1.75, 0],
							"uv": {
								"north": {"uv": [4, 3], "uv_size": [0, 0]},
								"east": {"uv": [4, 3], "uv_size": [0, 0]},
								"south": {"uv": [4, 3], "uv_size": [0, 0]},
								"west": {"uv": [4, 3], "uv_size": [0, 0]},
								"up": {"uv": [4, 3], "uv_size": [0, 0]},
								"down": {"uv": [4, 3], "uv_size": [0, 0]}
							}
						},
						{
							"origin": [-9.03437, 7.325, -0.61483],
							"size": [0.1, 0.1, 0.15],
							"pivot": [-7.73372, -1.025, 0.24885],
							"rotation": [0, 2, 0],
							"uv": {
								"north": {"uv": [4, 3], "uv_size": [0, 0]},
								"east": {"uv": [4, 3], "uv_size": [0, 0]},
								"south": {"uv": [4, 3], "uv_size": [0, 0]},
								"west": {"uv": [4, 3], "uv_size": [0, 0]},
								"up": {"uv": [4, 3], "uv_size": [0, 0]},
								"down": {"uv": [4, 3], "uv_size": [0, 0]}
							}
						},
						{
							"origin": [-9.03882, 7.325, -0.53403],
							"size": [0.1, 0.1, 0.125],
							"pivot": [-7.73818, -1.025, 0.20464],
							"rotation": [0, 1.75, 0],
							"uv": {
								"north": {"uv": [4, 3], "uv_size": [0, 0]},
								"east": {"uv": [4, 3], "uv_size": [0, 0]},
								"south": {"uv": [4, 3], "uv_size": [0, 0]},
								"west": {"uv": [4, 3], "uv_size": [0, 0]},
								"up": {"uv": [4, 3], "uv_size": [0, 0]},
								"down": {"uv": [4, 3], "uv_size": [0, 0]}
							}
						}
					]
				},
				{
					"name": "yaiba5",
					"parent": "okkotsu_sword_bone",
					"pivot": [-8.2, -1.025, 15.5],
					"rotation": [0, 2.5, 0],
					"cubes": [
						{
							"origin": [-9.44162, 7.325, 9.5795],
							"size": [0.7, 0.1, 1.575],
							"uv": {
								"north": {"uv": [5, 4], "uv_size": [0, 0]},
								"east": {"uv": [4, 4], "uv_size": [1, 0]},
								"south": {"uv": [6, 4], "uv_size": [0, 0]},
								"west": {"uv": [5, 4], "uv_size": [1, 0]},
								"up": {"uv": [5, 3], "uv_size": [0, 1]},
								"down": {"uv": [5, 4], "uv_size": [0, -1]}
							}
						},
						{
							"origin": [-10.96527, 7.46144, 9.5795],
							"size": [0.125, 0.025, 1.475],
							"pivot": [-10.08677, -0.98942, 11.57514],
							"rotation": [0, 0, 15],
							"uv": {
								"north": {"uv": [5, 4], "uv_size": [0, 0]},
								"east": {"uv": [4, 4], "uv_size": [1, 0]},
								"south": {"uv": [6, 4], "uv_size": [0, 0]},
								"west": {"uv": [5, 4], "uv_size": [1, 0]},
								"up": {"uv": [5, 3], "uv_size": [0, 1]},
								"down": {"uv": [5, 4], "uv_size": [0, -1]}
							}
						},
						{
							"origin": [-6.42733, 6.54447, 9.5795],
							"size": [0.125, 0.025, 1.475],
							"pivot": [-10.54883, -1.85467, 11.57514],
							"rotation": [0, 0, -15],
							"uv": {
								"north": {"uv": [5, 4], "uv_size": [0, 0]},
								"east": {"uv": [4, 4], "uv_size": [1, 0]},
								"south": {"uv": [6, 4], "uv_size": [0, 0]},
								"west": {"uv": [5, 4], "uv_size": [1, 0]},
								"up": {"uv": [5, 3], "uv_size": [0, 1]},
								"down": {"uv": [5, 4], "uv_size": [0, -1]}
							}
						},
						{
							"origin": [-8.74588, 7.36265, 9.5795],
							"size": [0.125, 0.03, 1.475],
							"uv": {
								"north": {"uv": [5, 4], "uv_size": [0, 0]},
								"east": {"uv": [4, 4], "uv_size": [1, 0]},
								"south": {"uv": [6, 4], "uv_size": [0, 0]},
								"west": {"uv": [5, 4], "uv_size": [1, 0]},
								"up": {"uv": [5, 3], "uv_size": [0, 1]},
								"down": {"uv": [5, 4], "uv_size": [0, -1]}
							}
						},
						{
							"origin": [-8.80167, 7.3375, 9.5795],
							"size": [0.1, 0.075, 1.475],
							"uv": {
								"north": {"uv": [5, 4], "uv_size": [0, 0]},
								"east": {"uv": [4, 4], "uv_size": [1, 0]},
								"south": {"uv": [6, 4], "uv_size": [0, 0]},
								"west": {"uv": [5, 4], "uv_size": [1, 0]},
								"up": {"uv": [5, 3], "uv_size": [0, 1]},
								"down": {"uv": [5, 4], "uv_size": [0, -1]}
							}
						},
						{
							"origin": [-8.67667, 7.3625, 9.5795],
							"size": [0.025, 0.025, 1.475],
							"uv": {
								"north": {"uv": [5, 4], "uv_size": [0, 0]},
								"east": {"uv": [4, 4], "uv_size": [1, 0]},
								"south": {"uv": [6, 4], "uv_size": [0, 0]},
								"west": {"uv": [5, 4], "uv_size": [1, 0]},
								"up": {"uv": [5, 3], "uv_size": [0, 1]},
								"down": {"uv": [5, 4], "uv_size": [0, -1]}
							}
						},
						{
							"origin": [-8.77667, 7.3625, 9.5795],
							"size": [0.075, 0.025, 1.475],
							"uv": {
								"north": {"uv": [5, 4], "uv_size": [0, 0]},
								"east": {"uv": [4, 4], "uv_size": [1, 0]},
								"south": {"uv": [6, 4], "uv_size": [0, 0]},
								"west": {"uv": [5, 4], "uv_size": [1, 0]},
								"up": {"uv": [5, 3], "uv_size": [0, 1]},
								"down": {"uv": [5, 4], "uv_size": [0, -1]}
							}
						}
					]
				},
				{
					"name": "hand",
					"parent": "shigemo_sword",
					"pivot": [-0.225, -8.75, 16.5],
					"cubes": [
						{
							"origin": [0.15708, -1.38553, 17.44],
							"size": [-0.28, 1.88, -0.28],
							"inflate": 0.5,
							"uv": {
								"north": {"uv": [0, 16], "uv_size": [0.0625, 0.34375]},
								"east": {"uv": [0, 16], "uv_size": [0.0625, 0.34375]},
								"south": {"uv": [0, 16], "uv_size": [0.0625, 0.34375]},
								"west": {"uv": [0, 16], "uv_size": [0.0625, 0.34375]},
								"up": {"uv": [-0.0625, 15.9375], "uv_size": [0.0625, 0.0625]},
								"down": {"uv": [-0.0625, 16.0625], "uv_size": [0.0625, -0.0625]}
							}
						},
						{
							"origin": [0.15708, -1.38553, 18.16],
							"size": [-0.28, 1.88, -0.28],
							"inflate": 0.5,
							"uv": {
								"north": {"uv": [0, 16], "uv_size": [0.0625, 0.34375]},
								"east": {"uv": [0, 16], "uv_size": [0.0625, 0.34375]},
								"south": {"uv": [0, 16], "uv_size": [0.0625, 0.34375]},
								"west": {"uv": [0, 16], "uv_size": [0.0625, 0.34375]},
								"up": {"uv": [-0.0625, 15.9375], "uv_size": [0.0625, 0.0625]},
								"down": {"uv": [-0.0625, 16.0625], "uv_size": [0.0625, -0.0625]}
							}
						},
						{
							"origin": [0.15708, -1.38553, 19.20079],
							"size": [-0.28, 1.88, -0.28],
							"inflate": 0.5,
							"uv": {
								"north": {"uv": [0, 16], "uv_size": [0.0625, 0.34375]},
								"east": {"uv": [0, 16], "uv_size": [0.0625, 0.34375]},
								"south": {"uv": [0, 16], "uv_size": [0.0625, 0.34375]},
								"west": {"uv": [0, 16], "uv_size": [0.0625, 0.34375]},
								"up": {"uv": [-0.0625, 15.9375], "uv_size": [0.0625, 0.0625]},
								"down": {"uv": [-0.0625, 16.0625], "uv_size": [0.0625, -0.0625]}
							}
						},
						{
							"origin": [0.02708, 0.57555, 19.15719],
							"size": [-0.08, 0.04, 1.84],
							"inflate": 0.25,
							"uv": {
								"north": {"uv": [0, 16], "uv_size": [0.03125, 0.03125]},
								"east": {"uv": [0, 16], "uv_size": [0.28125, 0.03125]},
								"south": {"uv": [0, 16], "uv_size": [0.03125, 0.03125]},
								"west": {"uv": [0, 16], "uv_size": [0.28125, 0.03125]},
								"up": {"uv": [-0.03125, 15.71875], "uv_size": [0.03125, 0.28125]},
								"down": {"uv": [-0.03125, 16.28125], "uv_size": [0.03125, -0.28125]}
							}
						},
						{
							"origin": [0.02708, -0.14445, 19.15719],
							"size": [-0.08, 0.04, 1.84],
							"inflate": 0.25,
							"uv": {
								"north": {"uv": [0, 16], "uv_size": [0.03125, 0.03125]},
								"east": {"uv": [0, 16], "uv_size": [0.28125, 0.03125]},
								"south": {"uv": [0, 16], "uv_size": [0.03125, 0.03125]},
								"west": {"uv": [0, 16], "uv_size": [0.28125, 0.03125]},
								"up": {"uv": [-0.03125, 15.71875], "uv_size": [0.03125, 0.28125]},
								"down": {"uv": [-0.03125, 16.28125], "uv_size": [0.03125, -0.28125]}
							}
						},
						{
							"origin": [0.02708, -0.86445, 19.15719],
							"size": [-0.08, 0.04, 1.84],
							"inflate": 0.25,
							"uv": {
								"north": {"uv": [0, 16], "uv_size": [0.03125, 0.03125]},
								"east": {"uv": [0, 16], "uv_size": [0.28125, 0.03125]},
								"south": {"uv": [0, 16], "uv_size": [0.03125, 0.03125]},
								"west": {"uv": [0, 16], "uv_size": [0.28125, 0.03125]},
								"up": {"uv": [-0.03125, 15.71875], "uv_size": [0.03125, 0.28125]},
								"down": {"uv": [-0.03125, 16.28125], "uv_size": [0.03125, -0.28125]}
							}
						},
						{
							"origin": [0.02708, -1.58445, 19.15719],
							"size": [-0.08, 0.04, 1.84],
							"inflate": 0.25,
							"uv": {
								"north": {"uv": [0, 16], "uv_size": [0.03125, 0.03125]},
								"east": {"uv": [0, 16], "uv_size": [0.28125, 0.03125]},
								"south": {"uv": [0, 16], "uv_size": [0.03125, 0.03125]},
								"west": {"uv": [0, 16], "uv_size": [0.28125, 0.03125]},
								"up": {"uv": [-0.03125, 15.71875], "uv_size": [0.03125, 0.28125]},
								"down": {"uv": [-0.03125, 16.28125], "uv_size": [0.03125, -0.28125]}
							}
						}
					]
				},
				{
					"name": "bone4_1",
					"parent": "hand",
					"pivot": [0.775, -1.03, 1.94],
					"rotation": [0, -20, 0],
					"cubes": [
						{
							"origin": [5.15986, -2.38553, 16.68266],
							"size": [1.72, 3.88, 2.32],
							"inflate": -0.5,
							"uv": {
								"north": {"uv": [0, 16], "uv_size": [0.125, 0.40625]},
								"east": {"uv": [0, 16], "uv_size": [0.1875, 0.40625]},
								"south": {"uv": [0, 16], "uv_size": [0.125, 0.40625]},
								"west": {"uv": [0, 16], "uv_size": [0.1875, 0.40625]},
								"up": {"uv": [-0.125, 15.8125], "uv_size": [0.125, 0.1875]},
								"down": {"uv": [-0.125, 16.1875], "uv_size": [0.125, -0.1875]}
							}
						},
						{
							"origin": [4.35481, -2.38553, 15.91774],
							"size": [1.72, 3.88, 2.32],
							"inflate": -0.5,
							"uv": {
								"north": {"uv": [0, 16], "uv_size": [0.125, 0.40625]},
								"east": {"uv": [0, 16], "uv_size": [0.1875, 0.40625]},
								"south": {"uv": [0, 16], "uv_size": [0.125, 0.40625]},
								"west": {"uv": [0, 16], "uv_size": [0.1875, 0.40625]},
								"up": {"uv": [-0.125, 15.8125], "uv_size": [0.125, 0.1875]},
								"down": {"uv": [-0.125, 16.1875], "uv_size": [0.125, -0.1875]}
							}
						}
					]
				},
				{
					"name": "bone4_2",
					"parent": "hand",
					"pivot": [0.775, -1.03, 1.94],
					"rotation": [0, 20, 0],
					"cubes": [
						{
							"origin": [-5.94922, -2.38553, 15.3993],
							"size": [1.72, 3.88, 2.32],
							"inflate": -0.5,
							"uv": {
								"north": {"uv": [0, 16], "uv_size": [0.125, 0.40625]},
								"east": {"uv": [0, 16], "uv_size": [0.1875, 0.40625]},
								"south": {"uv": [0, 16], "uv_size": [0.125, 0.40625]},
								"west": {"uv": [0, 16], "uv_size": [0.1875, 0.40625]},
								"up": {"uv": [-0.125, 15.8125], "uv_size": [0.125, 0.1875]},
								"down": {"uv": [-0.125, 16.1875], "uv_size": [0.125, -0.1875]}
							}
						},
						{
							"origin": [-6.75428, -2.38553, 16.16422],
							"size": [1.72, 3.88, 2.32],
							"inflate": -0.5,
							"uv": {
								"north": {"uv": [0, 16], "uv_size": [0.125, 0.40625]},
								"east": {"uv": [0, 16], "uv_size": [0.1875, 0.40625]},
								"south": {"uv": [0, 16], "uv_size": [0.125, 0.40625]},
								"west": {"uv": [0, 16], "uv_size": [0.1875, 0.40625]},
								"up": {"uv": [-0.125, 15.8125], "uv_size": [0.125, 0.1875]},
								"down": {"uv": [-0.125, 16.1875], "uv_size": [0.125, -0.1875]}
							}
						}
					]
				},
				{
					"name": "bone4_3",
					"parent": "hand",
					"pivot": [2.935, -0.67, -0.46],
					"rotation": [-60, 0, 0],
					"cubes": [
						{
							"origin": [0.15708, 15.73108, 7.29852],
							"size": [-0.28, 1.16, -0.28],
							"inflate": 0.5,
							"uv": {
								"north": {"uv": [0, 16], "uv_size": [0.0625, 0.25]},
								"east": {"uv": [0, 16], "uv_size": [0.0625, 0.25]},
								"south": {"uv": [0, 16], "uv_size": [0.0625, 0.25]},
								"west": {"uv": [0, 16], "uv_size": [0.0625, 0.25]},
								"up": {"uv": [-0.0625, 15.9375], "uv_size": [0.0625, 0.0625]},
								"down": {"uv": [-0.0625, 16.0625], "uv_size": [0.0625, -0.0625]}
							}
						}
					]
				}
			]
		}
	]
}