{
	"format_version": "1.16.0",
	"minecraft:geometry": [
		{
			"description": {
				"identifier": "geometry.shigemo_sword",
				"texture_width": 16,
				"texture_height": 16,
				"visible_bounds_width": 3,
				"visible_bounds_height": 2.5,
				"visible_bounds_offset": [0, 0.75, 0]
			},
			"bones": [
				{
					"name": "sword",
					"pivot": [-8.075, 7.725, 1],
					"binding": "q.item_slot_to_bone_name(c.item_slot)"
				},
				{
					"name": "shigemo_sword",
					"parent": "sword",
					"pivot": [0, 0, 0]
				},
				{
					"name": "shigemo_sword2",
					"parent": "shigemo_sword",
					"pivot": [-8.075, 7.725, 1],
					"rotation": [0, 0, 90]
				},
				{
					"name": "areyo",
					"parent": "shigemo_sword2",
					"pivot": [-9.4, 17.025, 0.025],
					"cubes": [
						{
							"origin": [-9.21175, 16.05286, -0.48356],
							"size": [0.08506, 0.17013, 0.51712],
							"uv": {
								"north": {"uv": [15, 8], "uv_size": [0, 0]},
								"east": {"uv": [14, 8], "uv_size": [1, 0]},
								"south": {"uv": [16, 8], "uv_size": [0, 0]},
								"west": {"uv": [15, 8], "uv_size": [1, 0]},
								"up": {"uv": [15, 7], "uv_size": [0, 1]},
								"down": {"uv": [15, 8], "uv_size": [0, -1]}
							}
						},
						{
							"origin": [-9.01327, 15.93944, -0.48356],
							"size": [0.48202, 0.39696, 0.51712],
							"uv": {
								"north": {"uv": [15, 8], "uv_size": [0, 0]},
								"east": {"uv": [14, 8], "uv_size": [1, 0]},
								"south": {"uv": [16, 8], "uv_size": [0, 0]},
								"west": {"uv": [15, 8], "uv_size": [1, 0]},
								"up": {"uv": [15, 7], "uv_size": [0, 1]},
								"down": {"uv": [15, 8], "uv_size": [0, -1]}
							}
						},
						{
							"origin": [-8.41281, 16.05286, -0.48356],
							"size": [0.08506, 0.17013, 0.51712],
							"uv": {
								"north": {"uv": [15, 8], "uv_size": [0, 0]},
								"east": {"uv": [14, 8], "uv_size": [1, 0]},
								"south": {"uv": [16, 8], "uv_size": [0, 0]},
								"west": {"uv": [15, 8], "uv_size": [1, 0]},
								"up": {"uv": [15, 7], "uv_size": [0, 1]},
								"down": {"uv": [15, 8], "uv_size": [0, -1]}
							}
						},
						{
							"origin": [-10.18313, 15.27773, -0.48356],
							"size": [0.14177, 0.51038, 0.51712],
							"pivot": [-8.87882, 14.90912, -0.06036],
							"rotation": [0, 0, 60],
							"uv": {
								"north": {"uv": [15, 8], "uv_size": [0, 0]},
								"east": {"uv": [14, 8], "uv_size": [1, 0]},
								"south": {"uv": [16, 8], "uv_size": [0, 0]},
								"west": {"uv": [15, 8], "uv_size": [1, 0]},
								"up": {"uv": [15, 7], "uv_size": [0, 1]},
								"down": {"uv": [15, 8], "uv_size": [0, -1]}
							}
						},
						{
							"origin": [-9.84036, 14.92608, -0.48356],
							"size": [0.14177, 0.51038, 0.51712],
							"pivot": [-8.47935, 14.55747, -0.06036],
							"rotation": [0, 0, 60],
							"uv": {
								"north": {"uv": [15, 8], "uv_size": [0, 0]},
								"east": {"uv": [14, 8], "uv_size": [1, 0]},
								"south": {"uv": [16, 8], "uv_size": [0, 0]},
								"west": {"uv": [15, 8], "uv_size": [1, 0]},
								"up": {"uv": [15, 7], "uv_size": [0, 1]},
								"down": {"uv": [15, 8], "uv_size": [0, -1]}
							}
						},
						{
							"origin": [-9.10268, 17.11153, -0.48356],
							"size": [0.14177, 0.51038, 0.51712],
							"pivot": [-7.79838, 16.74292, -0.06036],
							"rotation": [0, 0, -60],
							"uv": {
								"north": {"uv": [15, 8], "uv_size": [0, 0]},
								"east": {"uv": [14, 8], "uv_size": [1, 0]},
								"south": {"uv": [16, 8], "uv_size": [0, 0]},
								"west": {"uv": [15, 8], "uv_size": [1, 0]},
								"up": {"uv": [15, 7], "uv_size": [0, 1]},
								"down": {"uv": [15, 8], "uv_size": [0, -1]}
							}
						},
						{
							"origin": [-8.75992, 17.46318, -0.48356],
							"size": [0.14177, 0.51038, 0.51712],
							"pivot": [-7.39891, 17.09457, -0.06036],
							"rotation": [0, 0, -60],
							"uv": {
								"north": {"uv": [15, 8], "uv_size": [0, 0]},
								"east": {"uv": [14, 8], "uv_size": [1, 0]},
								"south": {"uv": [16, 8], "uv_size": [0, 0]},
								"west": {"uv": [15, 8], "uv_size": [1, 0]},
								"up": {"uv": [15, 7], "uv_size": [0, 1]},
								"down": {"uv": [15, 8], "uv_size": [0, -1]}
							}
						}
					]
				},
				{
					"name": "areyo2",
					"parent": "shigemo_sword2",
					"pivot": [2.2, -4.025, 0],
					"cubes": [
						{
							"origin": [-9.31469, 16.04108, 0.02055],
							"size": [0.10633, 0.21266, 0.4214],
							"uv": {
								"north": {"uv": [15, 8], "uv_size": [0, 0]},
								"east": {"uv": [14, 8], "uv_size": [1, 0]},
								"south": {"uv": [16, 8], "uv_size": [0, 0]},
								"west": {"uv": [15, 8], "uv_size": [1, 0]},
								"up": {"uv": [15, 7], "uv_size": [0, 1]},
								"down": {"uv": [15, 8], "uv_size": [0, -1]}
							}
						},
						{
							"origin": [-9.06659, 15.8993, 0.02055],
							"size": [0.60253, 0.4962, 0.4214],
							"uv": {
								"north": {"uv": [15, 8], "uv_size": [0, 0]},
								"east": {"uv": [14, 8], "uv_size": [1, 0]},
								"south": {"uv": [16, 8], "uv_size": [0, 0]},
								"west": {"uv": [15, 8], "uv_size": [1, 0]},
								"up": {"uv": [15, 7], "uv_size": [0, 1]},
								"down": {"uv": [15, 8], "uv_size": [0, -1]}
							}
						},
						{
							"origin": [-8.31601, 16.04108, 0.02055],
							"size": [0.10633, 0.21266, 0.4214],
							"uv": {
								"north": {"uv": [15, 8], "uv_size": [0, 0]},
								"east": {"uv": [14, 8], "uv_size": [1, 0]},
								"south": {"uv": [16, 8], "uv_size": [0, 0]},
								"west": {"uv": [15, 8], "uv_size": [1, 0]},
								"up": {"uv": [15, 7], "uv_size": [0, 1]},
								"down": {"uv": [15, 8], "uv_size": [0, -1]}
							}
						},
						{
							"origin": [-10.52891, 15.07216, 0.02055],
							"size": [0.17721, 0.63798, 0.4214],
							"pivot": [-8.89852, 14.6114, -0.07545],
							"rotation": [0, 0, 60],
							"uv": {
								"north": {"uv": [15, 8], "uv_size": [0, 0]},
								"east": {"uv": [14, 8], "uv_size": [1, 0]},
								"south": {"uv": [16, 8], "uv_size": [0, 0]},
								"west": {"uv": [15, 8], "uv_size": [1, 0]},
								"up": {"uv": [15, 7], "uv_size": [0, 1]},
								"down": {"uv": [15, 8], "uv_size": [0, -1]}
							}
						},
						{
							"origin": [-10.10045, 14.6326, 0.02055],
							"size": [0.17721, 0.63797, 0.4214],
							"pivot": [-8.39919, 14.17184, -0.07545],
							"rotation": [0, 0, 60],
							"uv": {
								"north": {"uv": [15, 8], "uv_size": [0, 0]},
								"east": {"uv": [14, 8], "uv_size": [1, 0]},
								"south": {"uv": [16, 8], "uv_size": [0, 0]},
								"west": {"uv": [15, 8], "uv_size": [1, 0]},
								"up": {"uv": [15, 7], "uv_size": [0, 1]},
								"down": {"uv": [15, 8], "uv_size": [0, -1]}
							}
						},
						{
							"origin": [-9.17835, 17.36441, 0.02055],
							"size": [0.17721, 0.63798, 0.4214],
							"pivot": [-7.54798, 16.90365, -0.07545],
							"rotation": [0, 0, -60],
							"uv": {
								"north": {"uv": [15, 8], "uv_size": [0, 0]},
								"east": {"uv": [14, 8], "uv_size": [1, 0]},
								"south": {"uv": [16, 8], "uv_size": [0, 0]},
								"west": {"uv": [15, 8], "uv_size": [1, 0]},
								"up": {"uv": [15, 7], "uv_size": [0, 1]},
								"down": {"uv": [15, 8], "uv_size": [0, -1]}
							}
						},
						{
							"origin": [-8.7499, 17.80398, 0.02055],
							"size": [0.17721, 0.63798, 0.4214],
							"pivot": [-7.04864, 17.34321, -0.07545],
							"rotation": [0, 0, -60],
							"uv": {
								"north": {"uv": [15, 8], "uv_size": [0, 0]},
								"east": {"uv": [14, 8], "uv_size": [1, 0]},
								"south": {"uv": [16, 8], "uv_size": [0, 0]},
								"west": {"uv": [15, 8], "uv_size": [1, 0]},
								"up": {"uv": [15, 7], "uv_size": [0, 1]},
								"down": {"uv": [15, 8], "uv_size": [0, -1]}
							}
						}
					]
				},
				{
					"name": "katanamatome",
					"parent": "shigemo_sword2",
					"pivot": [-7.825, 7.725, -1]
				},
				{
					"name": "okkotsu_sword_bone",
					"parent": "katanamatome",
					"pivot": [-7.875, 7.725, -1]
				},
				{
					"name": "yaiba6",
					"parent": "okkotsu_sword_bone",
					"pivot": [-7.875, 7.725, -1],
					"rotation": [0, 2.75, 0],
					"cubes": [
						{
							"origin": [-9.09079, 16.075, -8.39728],
							"size": [0.7, 0.1, 1.575],
							"uv": {
								"north": {"uv": [5, 4], "uv_size": [0, 0]},
								"east": {"uv": [4, 4], "uv_size": [1, 0]},
								"south": {"uv": [6, 4], "uv_size": [0, 0]},
								"west": {"uv": [5, 4], "uv_size": [1, 0]},
								"up": {"uv": [5, 3], "uv_size": [0, 1]},
								"down": {"uv": [5, 4], "uv_size": [0, -1]}
							}
						},
						{
							"origin": [-10.61443, 16.21143, -8.39728],
							"size": [0.125, 0.025, 1.475],
							"pivot": [-9.73591, 7.76058, -6.40208],
							"rotation": [0, 0, 15],
							"uv": {
								"north": {"uv": [5, 4], "uv_size": [0, 0]},
								"east": {"uv": [4, 4], "uv_size": [1, 0]},
								"south": {"uv": [6, 4], "uv_size": [0, 0]},
								"west": {"uv": [5, 4], "uv_size": [1, 0]},
								"up": {"uv": [5, 3], "uv_size": [0, 1]},
								"down": {"uv": [5, 4], "uv_size": [0, -1]}
							}
						},
						{
							"origin": [-6.07649, 15.29448, -8.39728],
							"size": [0.125, 0.025, 1.475],
							"pivot": [-10.19797, 6.89533, -6.40208],
							"rotation": [0, 0, -15],
							"uv": {
								"north": {"uv": [5, 4], "uv_size": [0, 0]},
								"east": {"uv": [4, 4], "uv_size": [1, 0]},
								"south": {"uv": [6, 4], "uv_size": [0, 0]},
								"west": {"uv": [5, 4], "uv_size": [1, 0]},
								"up": {"uv": [5, 3], "uv_size": [0, 1]},
								"down": {"uv": [5, 4], "uv_size": [0, -1]}
							}
						},
						{
							"origin": [-8.39505, 16.11265, -8.39728],
							"size": [0.125, 0.03, 1.475],
							"uv": {
								"north": {"uv": [5, 4], "uv_size": [0, 0]},
								"east": {"uv": [4, 4], "uv_size": [1, 0]},
								"south": {"uv": [6, 4], "uv_size": [0, 0]},
								"west": {"uv": [5, 4], "uv_size": [1, 0]},
								"up": {"uv": [5, 3], "uv_size": [0, 1]},
								"down": {"uv": [5, 4], "uv_size": [0, -1]}
							}
						},
						{
							"origin": [-8.45083, 16.0875, -8.39728],
							"size": [0.1, 0.075, 1.475],
							"uv": {
								"north": {"uv": [5, 4], "uv_size": [0, 0]},
								"east": {"uv": [4, 4], "uv_size": [1, 0]},
								"south": {"uv": [6, 4], "uv_size": [0, 0]},
								"west": {"uv": [5, 4], "uv_size": [1, 0]},
								"up": {"uv": [5, 3], "uv_size": [0, 1]},
								"down": {"uv": [5, 4], "uv_size": [0, -1]}
							}
						},
						{
							"origin": [-8.32583, 16.1125, -8.39728],
							"size": [0.025, 0.025, 1.475],
							"uv": {
								"north": {"uv": [5, 4], "uv_size": [0, 0]},
								"east": {"uv": [4, 4], "uv_size": [1, 0]},
								"south": {"uv": [6, 4], "uv_size": [0, 0]},
								"west": {"uv": [5, 4], "uv_size": [1, 0]},
								"up": {"uv": [5, 3], "uv_size": [0, 1]},
								"down": {"uv": [5, 4], "uv_size": [0, -1]}
							}
						},
						{
							"origin": [-8.42583, 16.1125, -8.39728],
							"size": [0.075, 0.025, 1.475],
							"uv": {
								"north": {"uv": [5, 4], "uv_size": [0, 0]},
								"east": {"uv": [4, 4], "uv_size": [1, 0]},
								"south": {"uv": [6, 4], "uv_size": [0, 0]},
								"west": {"uv": [5, 4], "uv_size": [1, 0]},
								"up": {"uv": [5, 3], "uv_size": [0, 1]},
								"down": {"uv": [5, 4], "uv_size": [0, -1]}
							}
						}
					]
				},
				{
					"name": "yaiba7",
					"parent": "okkotsu_sword_bone",
					"pivot": [-7.875, 7.725, -1],
					"rotation": [0, 3, 0],
					"cubes": [
						{
							"origin": [-9.05851, 16.075, -9.87393],
							"size": [0.7, 0.1, 1.575],
							"uv": {
								"north": {"uv": [5, 4], "uv_size": [0, 0]},
								"east": {"uv": [4, 4], "uv_size": [1, 0]},
								"south": {"uv": [6, 4], "uv_size": [0, 0]},
								"west": {"uv": [5, 4], "uv_size": [1, 0]},
								"up": {"uv": [5, 3], "uv_size": [0, 1]},
								"down": {"uv": [5, 4], "uv_size": [0, -1]}
							}
						},
						{
							"origin": [-10.58215, 16.21142, -9.87393],
							"size": [0.125, 0.025, 1.475],
							"pivot": [-9.70361, 7.76058, -7.87916],
							"rotation": [0, 0, 15],
							"uv": {
								"north": {"uv": [5, 4], "uv_size": [0, 0]},
								"east": {"uv": [4, 4], "uv_size": [1, 0]},
								"south": {"uv": [6, 4], "uv_size": [0, 0]},
								"west": {"uv": [5, 4], "uv_size": [1, 0]},
								"up": {"uv": [5, 3], "uv_size": [0, 1]},
								"down": {"uv": [5, 4], "uv_size": [0, -1]}
							}
						},
						{
							"origin": [-6.04421, 15.29448, -9.87393],
							"size": [0.125, 0.025, 1.475],
							"pivot": [-10.16567, 6.89533, -7.87916],
							"rotation": [0, 0, -15],
							"uv": {
								"north": {"uv": [5, 4], "uv_size": [0, 0]},
								"east": {"uv": [4, 4], "uv_size": [1, 0]},
								"south": {"uv": [6, 4], "uv_size": [0, 0]},
								"west": {"uv": [5, 4], "uv_size": [1, 0]},
								"up": {"uv": [5, 3], "uv_size": [0, 1]},
								"down": {"uv": [5, 4], "uv_size": [0, -1]}
							}
						},
						{
							"origin": [-8.36276, 16.11265, -9.87393],
							"size": [0.125, 0.03, 1.475],
							"uv": {
								"north": {"uv": [5, 4], "uv_size": [0, 0]},
								"east": {"uv": [4, 4], "uv_size": [1, 0]},
								"south": {"uv": [6, 4], "uv_size": [0, 0]},
								"west": {"uv": [5, 4], "uv_size": [1, 0]},
								"up": {"uv": [5, 3], "uv_size": [0, 1]},
								"down": {"uv": [5, 4], "uv_size": [0, -1]}
							}
						},
						{
							"origin": [-8.41855, 16.0875, -9.87393],
							"size": [0.1, 0.075, 1.475],
							"uv": {
								"north": {"uv": [5, 4], "uv_size": [0, 0]},
								"east": {"uv": [4, 4], "uv_size": [1, 0]},
								"south": {"uv": [6, 4], "uv_size": [0, 0]},
								"west": {"uv": [5, 4], "uv_size": [1, 0]},
								"up": {"uv": [5, 3], "uv_size": [0, 1]},
								"down": {"uv": [5, 4], "uv_size": [0, -1]}
							}
						},
						{
							"origin": [-8.29355, 16.1125, -9.87393],
							"size": [0.025, 0.025, 1.475],
							"uv": {
								"north": {"uv": [5, 4], "uv_size": [0, 0]},
								"east": {"uv": [4, 4], "uv_size": [1, 0]},
								"south": {"uv": [6, 4], "uv_size": [0, 0]},
								"west": {"uv": [5, 4], "uv_size": [1, 0]},
								"up": {"uv": [5, 3], "uv_size": [0, 1]},
								"down": {"uv": [5, 4], "uv_size": [0, -1]}
							}
						},
						{
							"origin": [-8.39355, 16.1125, -9.87393],
							"size": [0.075, 0.025, 1.475],
							"uv": {
								"north": {"uv": [5, 4], "uv_size": [0, 0]},
								"east": {"uv": [4, 4], "uv_size": [1, 0]},
								"south": {"uv": [6, 4], "uv_size": [0, 0]},
								"west": {"uv": [5, 4], "uv_size": [1, 0]},
								"up": {"uv": [5, 3], "uv_size": [0, 1]},
								"down": {"uv": [5, 4], "uv_size": [0, -1]}
							}
						}
					]
				},
				{
					"name": "yaiba2",
					"parent": "okkotsu_sword_bone",
					"pivot": [-7.875, 7.725, -1],
					"rotation": [0, 1.5, 0],
					"cubes": [
						{
							"origin": [-9.17484, 16.075, -2.48755],
							"size": [0.7, 0.1, 1.575],
							"uv": {
								"north": {"uv": [5, 4], "uv_size": [0, 0]},
								"east": {"uv": [4, 4], "uv_size": [1, 0]},
								"south": {"uv": [6, 4], "uv_size": [0, 0]},
								"west": {"uv": [5, 4], "uv_size": [1, 0]},
								"up": {"uv": [5, 3], "uv_size": [0, 1]},
								"down": {"uv": [5, 4], "uv_size": [0, -1]}
							}
						},
						{
							"origin": [-10.69849, 16.21145, -2.48755],
							"size": [0.125, 0.025, 1.475],
							"pivot": [-9.82004, 7.76058, -0.49016],
							"rotation": [0, 0, 15],
							"uv": {
								"north": {"uv": [5, 4], "uv_size": [0, 0]},
								"east": {"uv": [4, 4], "uv_size": [1, 0]},
								"south": {"uv": [6, 4], "uv_size": [0, 0]},
								"west": {"uv": [5, 4], "uv_size": [1, 0]},
								"up": {"uv": [5, 3], "uv_size": [0, 1]},
								"down": {"uv": [5, 4], "uv_size": [0, -1]}
							}
						},
						{
							"origin": [-6.16054, 15.29446, -2.48755],
							"size": [0.125, 0.025, 1.475],
							"pivot": [-10.2821, 6.89533, -0.49016],
							"rotation": [0, 0, -15],
							"uv": {
								"north": {"uv": [5, 4], "uv_size": [0, 0]},
								"east": {"uv": [4, 4], "uv_size": [1, 0]},
								"south": {"uv": [6, 4], "uv_size": [0, 0]},
								"west": {"uv": [5, 4], "uv_size": [1, 0]},
								"up": {"uv": [5, 3], "uv_size": [0, 1]},
								"down": {"uv": [5, 4], "uv_size": [0, -1]}
							}
						},
						{
							"origin": [-8.4791, 16.11265, -2.48755],
							"size": [0.125, 0.03, 1.475],
							"uv": {
								"north": {"uv": [5, 4], "uv_size": [0, 0]},
								"east": {"uv": [4, 4], "uv_size": [1, 0]},
								"south": {"uv": [6, 4], "uv_size": [0, 0]},
								"west": {"uv": [5, 4], "uv_size": [1, 0]},
								"up": {"uv": [5, 3], "uv_size": [0, 1]},
								"down": {"uv": [5, 4], "uv_size": [0, -1]}
							}
						},
						{
							"origin": [-8.53488, 16.0875, -2.48755],
							"size": [0.1, 0.075, 1.475],
							"uv": {
								"north": {"uv": [5, 4], "uv_size": [0, 0]},
								"east": {"uv": [4, 4], "uv_size": [1, 0]},
								"south": {"uv": [6, 4], "uv_size": [0, 0]},
								"west": {"uv": [5, 4], "uv_size": [1, 0]},
								"up": {"uv": [5, 3], "uv_size": [0, 1]},
								"down": {"uv": [5, 4], "uv_size": [0, -1]}
							}
						},
						{
							"origin": [-8.40988, 16.1125, -2.48755],
							"size": [0.025, 0.025, 1.475],
							"uv": {
								"north": {"uv": [5, 4], "uv_size": [0, 0]},
								"east": {"uv": [4, 4], "uv_size": [1, 0]},
								"south": {"uv": [6, 4], "uv_size": [0, 0]},
								"west": {"uv": [5, 4], "uv_size": [1, 0]},
								"up": {"uv": [5, 3], "uv_size": [0, 1]},
								"down": {"uv": [5, 4], "uv_size": [0, -1]}
							}
						},
						{
							"origin": [-8.50988, 16.1125, -2.48755],
							"size": [0.075, 0.025, 1.475],
							"uv": {
								"north": {"uv": [5, 4], "uv_size": [0, 0]},
								"east": {"uv": [4, 4], "uv_size": [1, 0]},
								"south": {"uv": [6, 4], "uv_size": [0, 0]},
								"west": {"uv": [5, 4], "uv_size": [1, 0]},
								"up": {"uv": [5, 3], "uv_size": [0, 1]},
								"down": {"uv": [5, 4], "uv_size": [0, -1]}
							}
						}
					]
				},
				{
					"name": "yaiba",
					"parent": "okkotsu_sword_bone",
					"pivot": [-7.875, 7.725, 1],
					"cubes": [
						{
							"origin": [-9.175, 16.075, -1],
							"size": [0.7, 0.1, 1.85],
							"uv": {
								"north": {"uv": [5, 4], "uv_size": [0, 0]},
								"east": {"uv": [4, 4], "uv_size": [1, 0]},
								"south": {"uv": [6, 4], "uv_size": [0, 0]},
								"west": {"uv": [5, 4], "uv_size": [1, 0]},
								"up": {"uv": [5, 3], "uv_size": [0, 1]},
								"down": {"uv": [5, 4], "uv_size": [0, -1]}
							}
						},
						{
							"origin": [-10.69524, 16.18558, -1],
							"size": [0.125, 0.025, 1.85],
							"pivot": [-9.72024, 7.76058, 1],
							"rotation": [0, 0, 15],
							"uv": {
								"north": {"uv": [5, 4], "uv_size": [0, 0]},
								"east": {"uv": [4, 4], "uv_size": [1, 0]},
								"south": {"uv": [6, 4], "uv_size": [0, 0]},
								"west": {"uv": [5, 4], "uv_size": [1, 0]},
								"up": {"uv": [5, 3], "uv_size": [0, 1]},
								"down": {"uv": [5, 4], "uv_size": [0, -1]}
							}
						},
						{
							"origin": [-6.1573, 15.32033, -1],
							"size": [0.125, 0.025, 1.85],
							"pivot": [-10.1823, 6.89533, 1],
							"rotation": [0, 0, -15],
							"uv": {
								"north": {"uv": [5, 4], "uv_size": [0, 0]},
								"east": {"uv": [4, 4], "uv_size": [1, 0]},
								"south": {"uv": [6, 4], "uv_size": [0, 0]},
								"west": {"uv": [5, 4], "uv_size": [1, 0]},
								"up": {"uv": [5, 3], "uv_size": [0, 1]},
								"down": {"uv": [5, 4], "uv_size": [0, -1]}
							}
						},
						{
							"origin": [-8.47926, 16.11265, -1],
							"size": [0.125, 0.03, 1.85],
							"uv": {
								"north": {"uv": [5, 4], "uv_size": [0, 0]},
								"east": {"uv": [4, 4], "uv_size": [1, 0]},
								"south": {"uv": [6, 4], "uv_size": [0, 0]},
								"west": {"uv": [5, 4], "uv_size": [1, 0]},
								"up": {"uv": [5, 3], "uv_size": [0, 1]},
								"down": {"uv": [5, 4], "uv_size": [0, -1]}
							}
						},
						{
							"origin": [-8.53505, 16.0875, -1],
							"size": [0.1, 0.075, 1.85],
							"uv": {
								"north": {"uv": [5, 4], "uv_size": [0, 0]},
								"east": {"uv": [4, 4], "uv_size": [1, 0]},
								"south": {"uv": [6, 4], "uv_size": [0, 0]},
								"west": {"uv": [5, 4], "uv_size": [1, 0]},
								"up": {"uv": [5, 3], "uv_size": [0, 1]},
								"down": {"uv": [5, 4], "uv_size": [0, -1]}
							}
						},
						{
							"origin": [-8.41005, 16.1125, -1],
							"size": [0.025, 0.025, 1.85],
							"uv": {
								"north": {"uv": [5, 4], "uv_size": [0, 0]},
								"east": {"uv": [4, 4], "uv_size": [1, 0]},
								"south": {"uv": [6, 4], "uv_size": [0, 0]},
								"west": {"uv": [5, 4], "uv_size": [1, 0]},
								"up": {"uv": [5, 3], "uv_size": [0, 1]},
								"down": {"uv": [5, 4], "uv_size": [0, -1]}
							}
						},
						{
							"origin": [-8.51005, 16.1125, -1],
							"size": [0.075, 0.025, 1.85],
							"uv": {
								"north": {"uv": [5, 4], "uv_size": [0, 0]},
								"east": {"uv": [4, 4], "uv_size": [1, 0]},
								"south": {"uv": [6, 4], "uv_size": [0, 0]},
								"west": {"uv": [5, 4], "uv_size": [1, 0]},
								"up": {"uv": [5, 3], "uv_size": [0, 1]},
								"down": {"uv": [5, 4], "uv_size": [0, -1]}
							}
						}
					]
				},
				{
					"name": "yaiba3",
					"parent": "okkotsu_sword_bone",
					"pivot": [-7.875, 7.725, -1],
					"rotation": [0, 1.75, 0],
					"cubes": [
						{
							"origin": [-9.16834, 16.075, -3.96462],
							"size": [0.7, 0.1, 1.575],
							"uv": {
								"north": {"uv": [5, 4], "uv_size": [0, 0]},
								"east": {"uv": [4, 4], "uv_size": [1, 0]},
								"south": {"uv": [6, 4], "uv_size": [0, 0]},
								"west": {"uv": [5, 4], "uv_size": [1, 0]},
								"up": {"uv": [5, 3], "uv_size": [0, 1]},
								"down": {"uv": [5, 4], "uv_size": [0, -1]}
							}
						},
						{
							"origin": [-10.69199, 16.21145, -3.96462],
							"size": [0.125, 0.025, 1.475],
							"pivot": [-9.81354, 7.76058, -1.96768],
							"rotation": [0, 0, 15],
							"uv": {
								"north": {"uv": [5, 4], "uv_size": [0, 0]},
								"east": {"uv": [4, 4], "uv_size": [1, 0]},
								"south": {"uv": [6, 4], "uv_size": [0, 0]},
								"west": {"uv": [5, 4], "uv_size": [1, 0]},
								"up": {"uv": [5, 3], "uv_size": [0, 1]},
								"down": {"uv": [5, 4], "uv_size": [0, -1]}
							}
						},
						{
							"origin": [-6.15405, 15.29446, -3.96462],
							"size": [0.125, 0.025, 1.475],
							"pivot": [-10.27559, 6.89533, -1.96768],
							"rotation": [0, 0, -15],
							"uv": {
								"north": {"uv": [5, 4], "uv_size": [0, 0]},
								"east": {"uv": [4, 4], "uv_size": [1, 0]},
								"south": {"uv": [6, 4], "uv_size": [0, 0]},
								"west": {"uv": [5, 4], "uv_size": [1, 0]},
								"up": {"uv": [5, 3], "uv_size": [0, 1]},
								"down": {"uv": [5, 4], "uv_size": [0, -1]}
							}
						},
						{
							"origin": [-8.4726, 16.11265, -3.96462],
							"size": [0.125, 0.03, 1.475],
							"uv": {
								"north": {"uv": [5, 4], "uv_size": [0, 0]},
								"east": {"uv": [4, 4], "uv_size": [1, 0]},
								"south": {"uv": [6, 4], "uv_size": [0, 0]},
								"west": {"uv": [5, 4], "uv_size": [1, 0]},
								"up": {"uv": [5, 3], "uv_size": [0, 1]},
								"down": {"uv": [5, 4], "uv_size": [0, -1]}
							}
						},
						{
							"origin": [-8.52839, 16.0875, -3.96462],
							"size": [0.1, 0.075, 1.475],
							"uv": {
								"north": {"uv": [5, 4], "uv_size": [0, 0]},
								"east": {"uv": [4, 4], "uv_size": [1, 0]},
								"south": {"uv": [6, 4], "uv_size": [0, 0]},
								"west": {"uv": [5, 4], "uv_size": [1, 0]},
								"up": {"uv": [5, 3], "uv_size": [0, 1]},
								"down": {"uv": [5, 4], "uv_size": [0, -1]}
							}
						},
						{
							"origin": [-8.40339, 16.1125, -3.96462],
							"size": [0.025, 0.025, 1.475],
							"uv": {
								"north": {"uv": [5, 4], "uv_size": [0, 0]},
								"east": {"uv": [4, 4], "uv_size": [1, 0]},
								"south": {"uv": [6, 4], "uv_size": [0, 0]},
								"west": {"uv": [5, 4], "uv_size": [1, 0]},
								"up": {"uv": [5, 3], "uv_size": [0, 1]},
								"down": {"uv": [5, 4], "uv_size": [0, -1]}
							}
						},
						{
							"origin": [-8.50339, 16.1125, -3.96462],
							"size": [0.075, 0.025, 1.475],
							"uv": {
								"north": {"uv": [5, 4], "uv_size": [0, 0]},
								"east": {"uv": [4, 4], "uv_size": [1, 0]},
								"south": {"uv": [6, 4], "uv_size": [0, 0]},
								"west": {"uv": [5, 4], "uv_size": [1, 0]},
								"up": {"uv": [5, 3], "uv_size": [0, 1]},
								"down": {"uv": [5, 4], "uv_size": [0, -1]}
							}
						}
					]
				},
				{
					"name": "yaiba4",
					"parent": "okkotsu_sword_bone",
					"pivot": [-7.875, 7.725, -1],
					"rotation": [0, 2, 0],
					"cubes": [
						{
							"origin": [-9.1554, 16.075, -5.44166],
							"size": [0.7, 0.1, 1.575],
							"uv": {
								"north": {"uv": [5, 4], "uv_size": [0, 0]},
								"east": {"uv": [4, 4], "uv_size": [1, 0]},
								"south": {"uv": [6, 4], "uv_size": [0, 0]},
								"west": {"uv": [5, 4], "uv_size": [1, 0]},
								"up": {"uv": [5, 3], "uv_size": [0, 1]},
								"down": {"uv": [5, 4], "uv_size": [0, -1]}
							}
						},
						{
							"origin": [-10.67905, 16.21144, -5.44166],
							"size": [0.125, 0.025, 1.475],
							"pivot": [-9.80058, 7.76058, -3.44515],
							"rotation": [0, 0, 15],
							"uv": {
								"north": {"uv": [5, 4], "uv_size": [0, 0]},
								"east": {"uv": [4, 4], "uv_size": [1, 0]},
								"south": {"uv": [6, 4], "uv_size": [0, 0]},
								"west": {"uv": [5, 4], "uv_size": [1, 0]},
								"up": {"uv": [5, 3], "uv_size": [0, 1]},
								"down": {"uv": [5, 4], "uv_size": [0, -1]}
							}
						},
						{
							"origin": [-6.14111, 15.29446, -5.44166],
							"size": [0.125, 0.025, 1.475],
							"pivot": [-10.26264, 6.89533, -3.44515],
							"rotation": [0, 0, -15],
							"uv": {
								"north": {"uv": [5, 4], "uv_size": [0, 0]},
								"east": {"uv": [4, 4], "uv_size": [1, 0]},
								"south": {"uv": [6, 4], "uv_size": [0, 0]},
								"west": {"uv": [5, 4], "uv_size": [1, 0]},
								"up": {"uv": [5, 3], "uv_size": [0, 1]},
								"down": {"uv": [5, 4], "uv_size": [0, -1]}
							}
						},
						{
							"origin": [-8.45966, 16.11265, -5.44166],
							"size": [0.125, 0.03, 1.475],
							"uv": {
								"north": {"uv": [5, 4], "uv_size": [0, 0]},
								"east": {"uv": [4, 4], "uv_size": [1, 0]},
								"south": {"uv": [6, 4], "uv_size": [0, 0]},
								"west": {"uv": [5, 4], "uv_size": [1, 0]},
								"up": {"uv": [5, 3], "uv_size": [0, 1]},
								"down": {"uv": [5, 4], "uv_size": [0, -1]}
							}
						},
						{
							"origin": [-8.51545, 16.0875, -5.44166],
							"size": [0.1, 0.075, 1.475],
							"uv": {
								"north": {"uv": [5, 4], "uv_size": [0, 0]},
								"east": {"uv": [4, 4], "uv_size": [1, 0]},
								"south": {"uv": [6, 4], "uv_size": [0, 0]},
								"west": {"uv": [5, 4], "uv_size": [1, 0]},
								"up": {"uv": [5, 3], "uv_size": [0, 1]},
								"down": {"uv": [5, 4], "uv_size": [0, -1]}
							}
						},
						{
							"origin": [-8.39045, 16.1125, -5.44166],
							"size": [0.025, 0.025, 1.475],
							"uv": {
								"north": {"uv": [5, 4], "uv_size": [0, 0]},
								"east": {"uv": [4, 4], "uv_size": [1, 0]},
								"south": {"uv": [6, 4], "uv_size": [0, 0]},
								"west": {"uv": [5, 4], "uv_size": [1, 0]},
								"up": {"uv": [5, 3], "uv_size": [0, 1]},
								"down": {"uv": [5, 4], "uv_size": [0, -1]}
							}
						},
						{
							"origin": [-8.49045, 16.1125, -5.44166],
							"size": [0.075, 0.025, 1.475],
							"uv": {
								"north": {"uv": [5, 4], "uv_size": [0, 0]},
								"east": {"uv": [4, 4], "uv_size": [1, 0]},
								"south": {"uv": [6, 4], "uv_size": [0, 0]},
								"west": {"uv": [5, 4], "uv_size": [1, 0]},
								"up": {"uv": [5, 3], "uv_size": [0, 1]},
								"down": {"uv": [5, 4], "uv_size": [0, -1]}
							}
						}
					]
				},
				{
					"name": "yaiba8",
					"parent": "okkotsu_sword_bone",
					"pivot": [-6.875, 7.725, -1],
					"rotation": [0, 3.5, 0],
					"cubes": [
						{
							"origin": [-8.97919, 16.075, -11.41281],
							"size": [0.7, 0.1, 1.575],
							"uv": {
								"north": {"uv": [5, 4], "uv_size": [0, 0]},
								"east": {"uv": [4, 4], "uv_size": [1, 0]},
								"south": {"uv": [6, 4], "uv_size": [0, 0]},
								"west": {"uv": [5, 4], "uv_size": [1, 0]},
								"up": {"uv": [5, 3], "uv_size": [0, 1]},
								"down": {"uv": [5, 4], "uv_size": [0, -1]}
							}
						},
						{
							"origin": [-10.50283, 16.21141, -11.41281],
							"size": [0.125, 0.025, 1.475],
							"pivot": [-9.62424, 7.76058, -9.41891],
							"rotation": [0, 0, 15],
							"uv": {
								"north": {"uv": [5, 4], "uv_size": [0, 0]},
								"east": {"uv": [4, 4], "uv_size": [1, 0]},
								"south": {"uv": [6, 4], "uv_size": [0, 0]},
								"west": {"uv": [5, 4], "uv_size": [1, 0]},
								"up": {"uv": [5, 3], "uv_size": [0, 1]},
								"down": {"uv": [5, 4], "uv_size": [0, -1]}
							}
						},
						{
							"origin": [-5.96489, 15.29449, -11.41281],
							"size": [0.125, 0.025, 1.475],
							"pivot": [-10.0863, 6.89533, -9.41891],
							"rotation": [0, 0, -15],
							"uv": {
								"north": {"uv": [5, 4], "uv_size": [0, 0]},
								"east": {"uv": [4, 4], "uv_size": [1, 0]},
								"south": {"uv": [6, 4], "uv_size": [0, 0]},
								"west": {"uv": [5, 4], "uv_size": [1, 0]},
								"up": {"uv": [5, 3], "uv_size": [0, 1]},
								"down": {"uv": [5, 4], "uv_size": [0, -1]}
							}
						},
						{
							"origin": [-8.28345, 16.11265, -11.41281],
							"size": [0.125, 0.03, 1.475],
							"uv": {
								"north": {"uv": [5, 4], "uv_size": [0, 0]},
								"east": {"uv": [4, 4], "uv_size": [1, 0]},
								"south": {"uv": [6, 4], "uv_size": [0, 0]},
								"west": {"uv": [5, 4], "uv_size": [1, 0]},
								"up": {"uv": [5, 3], "uv_size": [0, 1]},
								"down": {"uv": [5, 4], "uv_size": [0, -1]}
							}
						},
						{
							"origin": [-8.33924, 16.0875, -11.41281],
							"size": [0.1, 0.075, 1.475],
							"uv": {
								"north": {"uv": [5, 4], "uv_size": [0, 0]},
								"east": {"uv": [4, 4], "uv_size": [1, 0]},
								"south": {"uv": [6, 4], "uv_size": [0, 0]},
								"west": {"uv": [5, 4], "uv_size": [1, 0]},
								"up": {"uv": [5, 3], "uv_size": [0, 1]},
								"down": {"uv": [5, 4], "uv_size": [0, -1]}
							}
						},
						{
							"origin": [-8.21424, 16.1125, -11.41281],
							"size": [0.025, 0.025, 1.475],
							"uv": {
								"north": {"uv": [5, 4], "uv_size": [0, 0]},
								"east": {"uv": [4, 4], "uv_size": [1, 0]},
								"south": {"uv": [6, 4], "uv_size": [0, 0]},
								"west": {"uv": [5, 4], "uv_size": [1, 0]},
								"up": {"uv": [5, 3], "uv_size": [0, 1]},
								"down": {"uv": [5, 4], "uv_size": [0, -1]}
							}
						},
						{
							"origin": [-8.31424, 16.1125, -11.41281],
							"size": [0.075, 0.025, 1.475],
							"uv": {
								"north": {"uv": [5, 4], "uv_size": [0, 0]},
								"east": {"uv": [4, 4], "uv_size": [1, 0]},
								"south": {"uv": [6, 4], "uv_size": [0, 0]},
								"west": {"uv": [5, 4], "uv_size": [1, 0]},
								"up": {"uv": [5, 3], "uv_size": [0, 1]},
								"down": {"uv": [5, 4], "uv_size": [0, -1]}
							}
						}
					]
				},
				{
					"name": "yaiba10",
					"parent": "okkotsu_sword_bone",
					"pivot": [-8.725, 7.725, -1],
					"rotation": [0, 4, 0],
					"cubes": [
						{
							"origin": [-8.88634, 16.075, -14.24455],
							"size": [0.7, 0.1, 1.575],
							"uv": {
								"north": {"uv": [5, 4], "uv_size": [0, 0]},
								"east": {"uv": [4, 4], "uv_size": [1, 0]},
								"south": {"uv": [6, 4], "uv_size": [0, 0]},
								"west": {"uv": [5, 4], "uv_size": [1, 0]},
								"up": {"uv": [5, 3], "uv_size": [0, 1]},
								"down": {"uv": [5, 4], "uv_size": [0, -1]}
							}
						},
						{
							"origin": [-10.40998, 16.2114, -14.24455],
							"size": [0.125, 0.025, 1.475],
							"pivot": [-9.53134, 7.76058, -12.25152],
							"rotation": [0, 0, 15],
							"uv": {
								"north": {"uv": [5, 4], "uv_size": [0, 0]},
								"east": {"uv": [4, 4], "uv_size": [1, 0]},
								"south": {"uv": [6, 4], "uv_size": [0, 0]},
								"west": {"uv": [5, 4], "uv_size": [1, 0]},
								"up": {"uv": [5, 3], "uv_size": [0, 1]},
								"down": {"uv": [5, 4], "uv_size": [0, -1]}
							}
						},
						{
							"origin": [-5.87204, 15.29451, -14.24455],
							"size": [0.125, 0.025, 1.475],
							"pivot": [-9.9934, 6.89533, -12.25152],
							"rotation": [0, 0, -15],
							"uv": {
								"north": {"uv": [5, 4], "uv_size": [0, 0]},
								"east": {"uv": [4, 4], "uv_size": [1, 0]},
								"south": {"uv": [6, 4], "uv_size": [0, 0]},
								"west": {"uv": [5, 4], "uv_size": [1, 0]},
								"up": {"uv": [5, 3], "uv_size": [0, 1]},
								"down": {"uv": [5, 4], "uv_size": [0, -1]}
							}
						},
						{
							"origin": [-8.1906, 16.11265, -14.24455],
							"size": [0.125, 0.03, 1.475],
							"uv": {
								"north": {"uv": [5, 4], "uv_size": [0, 0]},
								"east": {"uv": [4, 4], "uv_size": [1, 0]},
								"south": {"uv": [6, 4], "uv_size": [0, 0]},
								"west": {"uv": [5, 4], "uv_size": [1, 0]},
								"up": {"uv": [5, 3], "uv_size": [0, 1]},
								"down": {"uv": [5, 4], "uv_size": [0, -1]}
							}
						},
						{
							"origin": [-8.24639, 16.0875, -14.24455],
							"size": [0.1, 0.075, 1.475],
							"uv": {
								"north": {"uv": [5, 4], "uv_size": [0, 0]},
								"east": {"uv": [4, 4], "uv_size": [1, 0]},
								"south": {"uv": [6, 4], "uv_size": [0, 0]},
								"west": {"uv": [5, 4], "uv_size": [1, 0]},
								"up": {"uv": [5, 3], "uv_size": [0, 1]},
								"down": {"uv": [5, 4], "uv_size": [0, -1]}
							}
						},
						{
							"origin": [-8.12139, 16.1125, -14.24455],
							"size": [0.025, 0.025, 1.475],
							"uv": {
								"north": {"uv": [5, 4], "uv_size": [0, 0]},
								"east": {"uv": [4, 4], "uv_size": [1, 0]},
								"south": {"uv": [6, 4], "uv_size": [0, 0]},
								"west": {"uv": [5, 4], "uv_size": [1, 0]},
								"up": {"uv": [5, 3], "uv_size": [0, 1]},
								"down": {"uv": [5, 4], "uv_size": [0, -1]}
							}
						},
						{
							"origin": [-8.22139, 16.1125, -14.24455],
							"size": [0.075, 0.025, 1.475],
							"uv": {
								"north": {"uv": [5, 4], "uv_size": [0, 0]},
								"east": {"uv": [4, 4], "uv_size": [1, 0]},
								"south": {"uv": [6, 4], "uv_size": [0, 0]},
								"west": {"uv": [5, 4], "uv_size": [1, 0]},
								"up": {"uv": [5, 3], "uv_size": [0, 1]},
								"down": {"uv": [5, 4], "uv_size": [0, -1]}
							}
						}
					]
				},
				{
					"name": "yaiba9",
					"parent": "okkotsu_sword_bone",
					"pivot": [-7.725, 7.725, -1],
					"rotation": [0, 3.75, 0],
					"cubes": [
						{
							"origin": [-8.93556, 16.075, -12.83772],
							"size": [0.7, 0.1, 1.575],
							"uv": {
								"north": {"uv": [5, 4], "uv_size": [0, 0]},
								"east": {"uv": [4, 4], "uv_size": [1, 0]},
								"south": {"uv": [6, 4], "uv_size": [0, 0]},
								"west": {"uv": [5, 4], "uv_size": [1, 0]},
								"up": {"uv": [5, 3], "uv_size": [0, 1]},
								"down": {"uv": [5, 4], "uv_size": [0, -1]}
							}
						},
						{
							"origin": [-10.4592, 16.2114, -12.83772],
							"size": [0.125, 0.025, 1.475],
							"pivot": [-9.58059, 7.76058, -10.84426],
							"rotation": [0, 0, 15],
							"uv": {
								"north": {"uv": [5, 4], "uv_size": [0, 0]},
								"east": {"uv": [4, 4], "uv_size": [1, 0]},
								"south": {"uv": [6, 4], "uv_size": [0, 0]},
								"west": {"uv": [5, 4], "uv_size": [1, 0]},
								"up": {"uv": [5, 3], "uv_size": [0, 1]},
								"down": {"uv": [5, 4], "uv_size": [0, -1]}
							}
						},
						{
							"origin": [-5.92126, 15.2945, -12.83772],
							"size": [0.125, 0.025, 1.475],
							"pivot": [-10.04265, 6.89533, -10.84426],
							"rotation": [0, 0, -15],
							"uv": {
								"north": {"uv": [5, 4], "uv_size": [0, 0]},
								"east": {"uv": [4, 4], "uv_size": [1, 0]},
								"south": {"uv": [6, 4], "uv_size": [0, 0]},
								"west": {"uv": [5, 4], "uv_size": [1, 0]},
								"up": {"uv": [5, 3], "uv_size": [0, 1]},
								"down": {"uv": [5, 4], "uv_size": [0, -1]}
							}
						},
						{
							"origin": [-8.23982, 16.11265, -12.83772],
							"size": [0.125, 0.03, 1.475],
							"uv": {
								"north": {"uv": [5, 4], "uv_size": [0, 0]},
								"east": {"uv": [4, 4], "uv_size": [1, 0]},
								"south": {"uv": [6, 4], "uv_size": [0, 0]},
								"west": {"uv": [5, 4], "uv_size": [1, 0]},
								"up": {"uv": [5, 3], "uv_size": [0, 1]},
								"down": {"uv": [5, 4], "uv_size": [0, -1]}
							}
						},
						{
							"origin": [-8.29561, 16.0875, -12.83772],
							"size": [0.1, 0.075, 1.475],
							"uv": {
								"north": {"uv": [5, 4], "uv_size": [0, 0]},
								"east": {"uv": [4, 4], "uv_size": [1, 0]},
								"south": {"uv": [6, 4], "uv_size": [0, 0]},
								"west": {"uv": [5, 4], "uv_size": [1, 0]},
								"up": {"uv": [5, 3], "uv_size": [0, 1]},
								"down": {"uv": [5, 4], "uv_size": [0, -1]}
							}
						},
						{
							"origin": [-8.17061, 16.1125, -12.83772],
							"size": [0.025, 0.025, 1.475],
							"uv": {
								"north": {"uv": [5, 4], "uv_size": [0, 0]},
								"east": {"uv": [4, 4], "uv_size": [1, 0]},
								"south": {"uv": [6, 4], "uv_size": [0, 0]},
								"west": {"uv": [5, 4], "uv_size": [1, 0]},
								"up": {"uv": [5, 3], "uv_size": [0, 1]},
								"down": {"uv": [5, 4], "uv_size": [0, -1]}
							}
						},
						{
							"origin": [-8.27061, 16.1125, -12.83772],
							"size": [0.075, 0.025, 1.475],
							"uv": {
								"north": {"uv": [5, 4], "uv_size": [0, 0]},
								"east": {"uv": [4, 4], "uv_size": [1, 0]},
								"south": {"uv": [6, 4], "uv_size": [0, 0]},
								"west": {"uv": [5, 4], "uv_size": [1, 0]},
								"up": {"uv": [5, 3], "uv_size": [0, 1]},
								"down": {"uv": [5, 4], "uv_size": [0, -1]}
							}
						}
					]
				},
				{
					"name": "yaiba11",
					"parent": "okkotsu_sword_bone",
					"pivot": [-9.725, 7.725, -1],
					"rotation": [0, 4.5, 0],
					"cubes": [
						{
							"origin": [-8.77387, 16.075, -15.63483],
							"size": [0.7, 0.1, 1.575],
							"uv": {
								"north": {"uv": [5, 4], "uv_size": [0, 0]},
								"east": {"uv": [4, 4], "uv_size": [1, 0]},
								"south": {"uv": [6, 4], "uv_size": [0, 0]},
								"west": {"uv": [5, 4], "uv_size": [1, 0]},
								"up": {"uv": [5, 3], "uv_size": [0, 1]},
								"down": {"uv": [5, 4], "uv_size": [0, -1]}
							}
						},
						{
							"origin": [-10.29751, 16.21138, -15.63483],
							"size": [0.125, 0.025, 1.475],
							"pivot": [-9.41881, 7.76058, -13.64268],
							"rotation": [0, 0, 15],
							"uv": {
								"north": {"uv": [5, 4], "uv_size": [0, 0]},
								"east": {"uv": [4, 4], "uv_size": [1, 0]},
								"south": {"uv": [6, 4], "uv_size": [0, 0]},
								"west": {"uv": [5, 4], "uv_size": [1, 0]},
								"up": {"uv": [5, 3], "uv_size": [0, 1]},
								"down": {"uv": [5, 4], "uv_size": [0, -1]}
							}
						},
						{
							"origin": [-5.75957, 15.29453, -15.63483],
							"size": [0.125, 0.025, 1.475],
							"pivot": [-9.88086, 6.89533, -13.64268],
							"rotation": [0, 0, -15],
							"uv": {
								"north": {"uv": [5, 4], "uv_size": [0, 0]},
								"east": {"uv": [4, 4], "uv_size": [1, 0]},
								"south": {"uv": [6, 4], "uv_size": [0, 0]},
								"west": {"uv": [5, 4], "uv_size": [1, 0]},
								"up": {"uv": [5, 3], "uv_size": [0, 1]},
								"down": {"uv": [5, 4], "uv_size": [0, -1]}
							}
						},
						{
							"origin": [-8.07813, 16.11265, -15.63483],
							"size": [0.125, 0.03, 1.475],
							"uv": {
								"north": {"uv": [5, 4], "uv_size": [0, 0]},
								"east": {"uv": [4, 4], "uv_size": [1, 0]},
								"south": {"uv": [6, 4], "uv_size": [0, 0]},
								"west": {"uv": [5, 4], "uv_size": [1, 0]},
								"up": {"uv": [5, 3], "uv_size": [0, 1]},
								"down": {"uv": [5, 4], "uv_size": [0, -1]}
							}
						},
						{
							"origin": [-8.13392, 16.0875, -15.63483],
							"size": [0.1, 0.075, 1.475],
							"uv": {
								"north": {"uv": [5, 4], "uv_size": [0, 0]},
								"east": {"uv": [4, 4], "uv_size": [1, 0]},
								"south": {"uv": [6, 4], "uv_size": [0, 0]},
								"west": {"uv": [5, 4], "uv_size": [1, 0]},
								"up": {"uv": [5, 3], "uv_size": [0, 1]},
								"down": {"uv": [5, 4], "uv_size": [0, -1]}
							}
						},
						{
							"origin": [-8.00892, 16.1125, -15.63483],
							"size": [0.025, 0.025, 1.475],
							"uv": {
								"north": {"uv": [5, 4], "uv_size": [0, 0]},
								"east": {"uv": [4, 4], "uv_size": [1, 0]},
								"south": {"uv": [6, 4], "uv_size": [0, 0]},
								"west": {"uv": [5, 4], "uv_size": [1, 0]},
								"up": {"uv": [5, 3], "uv_size": [0, 1]},
								"down": {"uv": [5, 4], "uv_size": [0, -1]}
							}
						},
						{
							"origin": [-8.10892, 16.1125, -15.63483],
							"size": [0.075, 0.025, 1.475],
							"uv": {
								"north": {"uv": [5, 4], "uv_size": [0, 0]},
								"east": {"uv": [4, 4], "uv_size": [1, 0]},
								"south": {"uv": [6, 4], "uv_size": [0, 0]},
								"west": {"uv": [5, 4], "uv_size": [1, 0]},
								"up": {"uv": [5, 3], "uv_size": [0, 1]},
								"down": {"uv": [5, 4], "uv_size": [0, -1]}
							}
						}
					]
				},
				{
					"name": "yaiba13",
					"parent": "okkotsu_sword_bone",
					"pivot": [-9.725, 7.725, -3],
					"rotation": [0, 30, 0],
					"cubes": [
						{
							"origin": [-2.85924, 16.075, -15.04669],
							"size": [0.175, 0.1, 0.55],
							"uv": {
								"north": {"uv": [4, 3], "uv_size": [0, 0]},
								"east": {"uv": [4, 3], "uv_size": [0, 0]},
								"south": {"uv": [4, 3], "uv_size": [0, 0]},
								"west": {"uv": [4, 3], "uv_size": [0, 0]},
								"up": {"uv": [4, 3], "uv_size": [0, 0]},
								"down": {"uv": [4, 3], "uv_size": [0, 0]}
							}
						},
						{
							"origin": [-4.90744, 16.20799, -15.04669],
							"size": [0.125, 0.025, 0.55],
							"pivot": [-4.01609, 7.76058, -14.02169],
							"rotation": [0, 0, 15],
							"uv": {
								"north": {"uv": [4, 3], "uv_size": [0, 0]},
								"east": {"uv": [4, 3], "uv_size": [0, 0]},
								"south": {"uv": [4, 3], "uv_size": [0, 0]},
								"west": {"uv": [4, 3], "uv_size": [0, 0]},
								"up": {"uv": [4, 3], "uv_size": [0, 0]},
								"down": {"uv": [4, 3], "uv_size": [0, 0]}
							}
						},
						{
							"origin": [-0.3695, 15.29791, -15.04669],
							"size": [0.125, 0.025, 0.55],
							"pivot": [-4.47815, 6.89533, -14.02169],
							"rotation": [0, 0, -15],
							"uv": {
								"north": {"uv": [4, 3], "uv_size": [0, 0]},
								"east": {"uv": [4, 3], "uv_size": [0, 0]},
								"south": {"uv": [4, 3], "uv_size": [0, 0]},
								"west": {"uv": [4, 3], "uv_size": [0, 0]},
								"up": {"uv": [4, 3], "uv_size": [0, 0]},
								"down": {"uv": [4, 3], "uv_size": [0, 0]}
							}
						},
						{
							"origin": [-2.74429, 16.0875, -15.04669],
							"size": [0.1, 0.075, 0.55],
							"uv": {
								"north": {"uv": [4, 3], "uv_size": [0, 0]},
								"east": {"uv": [4, 3], "uv_size": [0, 0]},
								"south": {"uv": [4, 3], "uv_size": [0, 0]},
								"west": {"uv": [4, 3], "uv_size": [0, 0]},
								"up": {"uv": [4, 3], "uv_size": [0, 0]},
								"down": {"uv": [4, 3], "uv_size": [0, 0]}
							}
						},
						{
							"origin": [-2.61929, 16.1125, -15.04669],
							"size": [0.025, 0.025, 0.55],
							"uv": {
								"north": {"uv": [4, 3], "uv_size": [0, 0]},
								"east": {"uv": [4, 3], "uv_size": [0, 0]},
								"south": {"uv": [4, 3], "uv_size": [0, 0]},
								"west": {"uv": [4, 3], "uv_size": [0, 0]},
								"up": {"uv": [4, 3], "uv_size": [0, 0]},
								"down": {"uv": [4, 3], "uv_size": [0, 0]}
							}
						},
						{
							"origin": [-2.71929, 16.1125, -15.04669],
							"size": [0.075, 0.025, 0.55],
							"uv": {
								"north": {"uv": [4, 3], "uv_size": [0, 0]},
								"east": {"uv": [4, 3], "uv_size": [0, 0]},
								"south": {"uv": [4, 3], "uv_size": [0, 0]},
								"west": {"uv": [4, 3], "uv_size": [0, 0]},
								"up": {"uv": [4, 3], "uv_size": [0, 0]},
								"down": {"uv": [4, 3], "uv_size": [0, 0]}
							}
						}
					]
				},
				{
					"name": "yaiba12",
					"parent": "okkotsu_sword_bone",
					"pivot": [-9.725, 7.725, -3],
					"rotation": [0, 11.5, 0],
					"cubes": [
						{
							"origin": [-6.87728, 16.075, -16.17496],
							"size": [0.175, 0.1, 0.825],
							"uv": {
								"north": {"uv": [4, 3], "uv_size": [0, 0]},
								"east": {"uv": [4, 3], "uv_size": [0, 0]},
								"south": {"uv": [4, 3], "uv_size": [0, 0]},
								"west": {"uv": [4, 3], "uv_size": [0, 0]},
								"up": {"uv": [4, 3], "uv_size": [0, 0]},
								"down": {"uv": [4, 3], "uv_size": [0, 0]}
							}
						},
						{
							"origin": [-8.92588, 16.21107, -16.17496],
							"size": [0.125, 0.025, 0.825],
							"pivot": [-8.046, 7.76058, -14.84232],
							"rotation": [0, 0, 15],
							"uv": {
								"north": {"uv": [4, 3], "uv_size": [0, 0]},
								"east": {"uv": [4, 3], "uv_size": [0, 0]},
								"south": {"uv": [4, 3], "uv_size": [0, 0]},
								"west": {"uv": [4, 3], "uv_size": [0, 0]},
								"up": {"uv": [4, 3], "uv_size": [0, 0]},
								"down": {"uv": [4, 3], "uv_size": [0, 0]}
							}
						},
						{
							"origin": [-4.38793, 15.29484, -16.17496],
							"size": [0.125, 0.025, 0.825],
							"pivot": [-8.50806, 6.89533, -14.84232],
							"rotation": [0, 0, -15],
							"uv": {
								"north": {"uv": [4, 3], "uv_size": [0, 0]},
								"east": {"uv": [4, 3], "uv_size": [0, 0]},
								"south": {"uv": [4, 3], "uv_size": [0, 0]},
								"west": {"uv": [4, 3], "uv_size": [0, 0]},
								"up": {"uv": [4, 3], "uv_size": [0, 0]},
								"down": {"uv": [4, 3], "uv_size": [0, 0]}
							}
						},
						{
							"origin": [-6.70654, 16.11265, -16.17496],
							"size": [0.125, 0.03, 0.825],
							"uv": {
								"north": {"uv": [4, 3], "uv_size": [0, 0]},
								"east": {"uv": [4, 3], "uv_size": [0, 0]},
								"south": {"uv": [4, 3], "uv_size": [0, 0]},
								"west": {"uv": [4, 3], "uv_size": [0, 0]},
								"up": {"uv": [4, 3], "uv_size": [0, 0]},
								"down": {"uv": [4, 3], "uv_size": [0, 0]}
							}
						},
						{
							"origin": [-6.76232, 16.0875, -16.17496],
							"size": [0.1, 0.075, 0.825],
							"uv": {
								"north": {"uv": [4, 3], "uv_size": [0, 0]},
								"east": {"uv": [4, 3], "uv_size": [0, 0]},
								"south": {"uv": [4, 3], "uv_size": [0, 0]},
								"west": {"uv": [4, 3], "uv_size": [0, 0]},
								"up": {"uv": [4, 3], "uv_size": [0, 0]},
								"down": {"uv": [4, 3], "uv_size": [0, 0]}
							}
						},
						{
							"origin": [-6.63732, 16.1125, -16.17496],
							"size": [0.025, 0.025, 0.825],
							"uv": {
								"north": {"uv": [4, 3], "uv_size": [0, 0]},
								"east": {"uv": [4, 3], "uv_size": [0, 0]},
								"south": {"uv": [4, 3], "uv_size": [0, 0]},
								"west": {"uv": [4, 3], "uv_size": [0, 0]},
								"up": {"uv": [4, 3], "uv_size": [0, 0]},
								"down": {"uv": [4, 3], "uv_size": [0, 0]}
							}
						},
						{
							"origin": [-6.73732, 16.1125, -16.17496],
							"size": [0.075, 0.025, 0.825],
							"uv": {
								"north": {"uv": [4, 3], "uv_size": [0, 0]},
								"east": {"uv": [4, 3], "uv_size": [0, 0]},
								"south": {"uv": [4, 3], "uv_size": [0, 0]},
								"west": {"uv": [4, 3], "uv_size": [0, 0]},
								"up": {"uv": [4, 3], "uv_size": [0, 0]},
								"down": {"uv": [4, 3], "uv_size": [0, 0]}
							}
						}
					]
				},
				{
					"name": "yaiba14",
					"parent": "okkotsu_sword_bone",
					"pivot": [-5.725, 7.725, -3],
					"rotation": [0, 50, 0],
					"cubes": [
						{
							"origin": [2.25792, 16.075, -15.30999],
							"size": [0.175, 0.1, 0.375],
							"uv": {
								"north": {"uv": [4, 3], "uv_size": [0, 0]},
								"east": {"uv": [4, 3], "uv_size": [0, 0]},
								"south": {"uv": [4, 3], "uv_size": [0, 0]},
								"west": {"uv": [4, 3], "uv_size": [0, 0]},
								"up": {"uv": [4, 3], "uv_size": [0, 0]},
								"down": {"uv": [4, 3], "uv_size": [0, 0]}
							}
						},
						{
							"origin": [0.21049, 16.20221, -15.30999],
							"size": [0.125, 0.025, 0.375],
							"pivot": [1.1234, 7.76058, -14.48659],
							"rotation": [0, 0, 15],
							"uv": {
								"north": {"uv": [4, 3], "uv_size": [0, 0]},
								"east": {"uv": [4, 3], "uv_size": [0, 0]},
								"south": {"uv": [4, 3], "uv_size": [0, 0]},
								"west": {"uv": [4, 3], "uv_size": [0, 0]},
								"up": {"uv": [4, 3], "uv_size": [0, 0]},
								"down": {"uv": [4, 3], "uv_size": [0, 0]}
							}
						},
						{
							"origin": [4.74843, 15.30369, -15.30999],
							"size": [0.125, 0.025, 0.375],
							"pivot": [0.66135, 6.89533, -14.48659],
							"rotation": [0, 0, -15],
							"uv": {
								"north": {"uv": [4, 3], "uv_size": [0, 0]},
								"east": {"uv": [4, 3], "uv_size": [0, 0]},
								"south": {"uv": [4, 3], "uv_size": [0, 0]},
								"west": {"uv": [4, 3], "uv_size": [0, 0]},
								"up": {"uv": [4, 3], "uv_size": [0, 0]},
								"down": {"uv": [4, 3], "uv_size": [0, 0]}
							}
						},
						{
							"origin": [2.42867, 16.11265, -15.30999],
							"size": [0.125, 0.03, 0.375],
							"uv": {
								"north": {"uv": [4, 3], "uv_size": [0, 0]},
								"east": {"uv": [4, 3], "uv_size": [0, 0]},
								"south": {"uv": [4, 3], "uv_size": [0, 0]},
								"west": {"uv": [4, 3], "uv_size": [0, 0]},
								"up": {"uv": [4, 3], "uv_size": [0, 0]},
								"down": {"uv": [4, 3], "uv_size": [0, 0]}
							}
						},
						{
							"origin": [2.37288, 16.0875, -15.30999],
							"size": [0.1, 0.075, 0.375],
							"uv": {
								"north": {"uv": [4, 3], "uv_size": [0, 0]},
								"east": {"uv": [4, 3], "uv_size": [0, 0]},
								"south": {"uv": [4, 3], "uv_size": [0, 0]},
								"west": {"uv": [4, 3], "uv_size": [0, 0]},
								"up": {"uv": [4, 3], "uv_size": [0, 0]},
								"down": {"uv": [4, 3], "uv_size": [0, 0]}
							}
						},
						{
							"origin": [2.49788, 16.1125, -15.30999],
							"size": [0.025, 0.025, 0.375],
							"uv": {
								"north": {"uv": [4, 3], "uv_size": [0, 0]},
								"east": {"uv": [4, 3], "uv_size": [0, 0]},
								"south": {"uv": [4, 3], "uv_size": [0, 0]},
								"west": {"uv": [4, 3], "uv_size": [0, 0]},
								"up": {"uv": [4, 3], "uv_size": [0, 0]},
								"down": {"uv": [4, 3], "uv_size": [0, 0]}
							}
						},
						{
							"origin": [2.39788, 16.1125, -15.30999],
							"size": [0.075, 0.025, 0.375],
							"uv": {
								"north": {"uv": [4, 3], "uv_size": [0, 0]},
								"east": {"uv": [4, 3], "uv_size": [0, 0]},
								"south": {"uv": [4, 3], "uv_size": [0, 0]},
								"west": {"uv": [4, 3], "uv_size": [0, 0]},
								"up": {"uv": [4, 3], "uv_size": [0, 0]},
								"down": {"uv": [4, 3], "uv_size": [0, 0]}
							}
						}
					]
				},
				{
					"name": "yaiba15",
					"parent": "okkotsu_sword_bone",
					"pivot": [-5.725, 7.725, -3],
					"rotation": [0, 56.5, 0],
					"cubes": [
						{
							"origin": [3.67324, 16.075, -14.39368],
							"size": [0.1, 0.1, 0.1],
							"uv": {
								"north": {"uv": [4, 3], "uv_size": [0, 0]},
								"east": {"uv": [4, 3], "uv_size": [0, 0]},
								"south": {"uv": [4, 3], "uv_size": [0, 0]},
								"west": {"uv": [4, 3], "uv_size": [0, 0]},
								"up": {"uv": [4, 3], "uv_size": [0, 0]},
								"down": {"uv": [4, 3], "uv_size": [0, 0]}
							}
						},
						{
							"origin": [3.69824, 16.075, -14.44368],
							"size": [0.075, 0.1, 0.1],
							"uv": {
								"north": {"uv": [4, 3], "uv_size": [0, 0]},
								"east": {"uv": [4, 3], "uv_size": [0, 0]},
								"south": {"uv": [4, 3], "uv_size": [0, 0]},
								"west": {"uv": [4, 3], "uv_size": [0, 0]},
								"up": {"uv": [4, 3], "uv_size": [0, 0]},
								"down": {"uv": [4, 3], "uv_size": [0, 0]}
							}
						},
						{
							"origin": [1.5508, 16.20221, -14.39368],
							"size": [0.125, 0.025, 0.1],
							"pivot": [2.46372, 7.76058, -13.84529],
							"rotation": [0, 0, 15],
							"uv": {
								"north": {"uv": [4, 3], "uv_size": [0, 0]},
								"east": {"uv": [4, 3], "uv_size": [0, 0]},
								"south": {"uv": [4, 3], "uv_size": [0, 0]},
								"west": {"uv": [4, 3], "uv_size": [0, 0]},
								"up": {"uv": [4, 3], "uv_size": [0, 0]},
								"down": {"uv": [4, 3], "uv_size": [0, 0]}
							}
						},
						{
							"origin": [6.08875, 15.30369, -14.39368],
							"size": [0.125, 0.025, 0.1],
							"pivot": [2.00166, 6.89533, -13.84529],
							"rotation": [0, 0, -15],
							"uv": {
								"north": {"uv": [4, 3], "uv_size": [0, 0]},
								"east": {"uv": [4, 3], "uv_size": [0, 0]},
								"south": {"uv": [4, 3], "uv_size": [0, 0]},
								"west": {"uv": [4, 3], "uv_size": [0, 0]},
								"up": {"uv": [4, 3], "uv_size": [0, 0]},
								"down": {"uv": [4, 3], "uv_size": [0, 0]}
							}
						},
						{
							"origin": [3.76898, 16.11265, -14.39368],
							"size": [0.125, 0.03, 0.1],
							"uv": {
								"north": {"uv": [4, 3], "uv_size": [0, 0]},
								"east": {"uv": [4, 3], "uv_size": [0, 0]},
								"south": {"uv": [4, 3], "uv_size": [0, 0]},
								"west": {"uv": [4, 3], "uv_size": [0, 0]},
								"up": {"uv": [4, 3], "uv_size": [0, 0]},
								"down": {"uv": [4, 3], "uv_size": [0, 0]}
							}
						},
						{
							"origin": [3.71319, 16.0875, -14.39368],
							"size": [0.1, 0.075, 0.1],
							"uv": {
								"north": {"uv": [4, 3], "uv_size": [0, 0]},
								"east": {"uv": [4, 3], "uv_size": [0, 0]},
								"south": {"uv": [4, 3], "uv_size": [0, 0]},
								"west": {"uv": [4, 3], "uv_size": [0, 0]},
								"up": {"uv": [4, 3], "uv_size": [0, 0]},
								"down": {"uv": [4, 3], "uv_size": [0, 0]}
							}
						},
						{
							"origin": [3.83819, 16.1125, -14.39368],
							"size": [0.025, 0.025, 0.1],
							"uv": {
								"north": {"uv": [4, 3], "uv_size": [0, 0]},
								"east": {"uv": [4, 3], "uv_size": [0, 0]},
								"south": {"uv": [4, 3], "uv_size": [0, 0]},
								"west": {"uv": [4, 3], "uv_size": [0, 0]},
								"up": {"uv": [4, 3], "uv_size": [0, 0]},
								"down": {"uv": [4, 3], "uv_size": [0, 0]}
							}
						},
						{
							"origin": [3.73819, 16.1125, -14.39368],
							"size": [0.075, 0.025, 0.1],
							"uv": {
								"north": {"uv": [4, 3], "uv_size": [0, 0]},
								"east": {"uv": [4, 3], "uv_size": [0, 0]},
								"south": {"uv": [4, 3], "uv_size": [0, 0]},
								"west": {"uv": [4, 3], "uv_size": [0, 0]},
								"up": {"uv": [4, 3], "uv_size": [0, 0]},
								"down": {"uv": [4, 3], "uv_size": [0, 0]}
							}
						}
					]
				},
				{
					"name": "yaiba17",
					"parent": "okkotsu_sword_bone",
					"pivot": [-5.9, 7.725, -3],
					"rotation": [0, 56.5, 0],
					"cubes": [
						{
							"origin": [3.64483, 16.075, -14.32275],
							"size": [0.05, 0.1, 0.075],
							"uv": {
								"north": {"uv": [4, 3], "uv_size": [0, 0]},
								"east": {"uv": [4, 3], "uv_size": [0, 0]},
								"south": {"uv": [4, 3], "uv_size": [0, 0]},
								"west": {"uv": [4, 3], "uv_size": [0, 0]},
								"up": {"uv": [4, 3], "uv_size": [0, 0]},
								"down": {"uv": [4, 3], "uv_size": [0, 0]}
							}
						},
						{
							"origin": [1.47239, 16.20221, -14.29775],
							"size": [0.125, 0.025, 0.05],
							"pivot": [2.38531, 7.76058, -13.79936],
							"rotation": [0, 0, 15],
							"uv": {
								"north": {"uv": [4, 3], "uv_size": [0, 0]},
								"east": {"uv": [4, 3], "uv_size": [0, 0]},
								"south": {"uv": [4, 3], "uv_size": [0, 0]},
								"west": {"uv": [4, 3], "uv_size": [0, 0]},
								"up": {"uv": [4, 3], "uv_size": [0, 0]},
								"down": {"uv": [4, 3], "uv_size": [0, 0]}
							}
						},
						{
							"origin": [6.01034, 15.30369, -14.29775],
							"size": [0.125, 0.025, 0.05],
							"pivot": [1.92325, 6.89533, -13.79936],
							"rotation": [0, 0, -15],
							"uv": {
								"north": {"uv": [4, 3], "uv_size": [0, 0]},
								"east": {"uv": [4, 3], "uv_size": [0, 0]},
								"south": {"uv": [4, 3], "uv_size": [0, 0]},
								"west": {"uv": [4, 3], "uv_size": [0, 0]},
								"up": {"uv": [4, 3], "uv_size": [0, 0]},
								"down": {"uv": [4, 3], "uv_size": [0, 0]}
							}
						},
						{
							"origin": [3.69057, 16.11265, -14.29775],
							"size": [0.125, 0.03, 0.05],
							"uv": {
								"north": {"uv": [4, 3], "uv_size": [0, 0]},
								"east": {"uv": [4, 3], "uv_size": [0, 0]},
								"south": {"uv": [4, 3], "uv_size": [0, 0]},
								"west": {"uv": [4, 3], "uv_size": [0, 0]},
								"up": {"uv": [4, 3], "uv_size": [0, 0]},
								"down": {"uv": [4, 3], "uv_size": [0, 0]}
							}
						},
						{
							"origin": [3.63478, 16.0875, -14.29775],
							"size": [0.1, 0.075, 0.05],
							"uv": {
								"north": {"uv": [4, 3], "uv_size": [0, 0]},
								"east": {"uv": [4, 3], "uv_size": [0, 0]},
								"south": {"uv": [4, 3], "uv_size": [0, 0]},
								"west": {"uv": [4, 3], "uv_size": [0, 0]},
								"up": {"uv": [4, 3], "uv_size": [0, 0]},
								"down": {"uv": [4, 3], "uv_size": [0, 0]}
							}
						},
						{
							"origin": [3.75978, 16.1125, -14.29775],
							"size": [0.025, 0.025, 0.05],
							"uv": {
								"north": {"uv": [4, 3], "uv_size": [0, 0]},
								"east": {"uv": [4, 3], "uv_size": [0, 0]},
								"south": {"uv": [4, 3], "uv_size": [0, 0]},
								"west": {"uv": [4, 3], "uv_size": [0, 0]},
								"up": {"uv": [4, 3], "uv_size": [0, 0]},
								"down": {"uv": [4, 3], "uv_size": [0, 0]}
							}
						},
						{
							"origin": [3.65978, 16.1125, -14.29775],
							"size": [0.075, 0.025, 0.05],
							"uv": {
								"north": {"uv": [4, 3], "uv_size": [0, 0]},
								"east": {"uv": [4, 3], "uv_size": [0, 0]},
								"south": {"uv": [4, 3], "uv_size": [0, 0]},
								"west": {"uv": [4, 3], "uv_size": [0, 0]},
								"up": {"uv": [4, 3], "uv_size": [0, 0]},
								"down": {"uv": [4, 3], "uv_size": [0, 0]}
							}
						}
					]
				},
				{
					"name": "yaiba18",
					"parent": "okkotsu_sword_bone",
					"pivot": [-6.05, 7.725, -3],
					"rotation": [0, 56.5, 0],
					"cubes": [
						{
							"origin": [3.60262, 16.075, -14.22267],
							"size": [0.025, 0.1, 0.05],
							"uv": {
								"north": {"uv": [4, 3], "uv_size": [0, 0]},
								"east": {"uv": [4, 3], "uv_size": [0, 0]},
								"south": {"uv": [4, 3], "uv_size": [0, 0]},
								"west": {"uv": [4, 3], "uv_size": [0, 0]},
								"up": {"uv": [4, 3], "uv_size": [0, 0]},
								"down": {"uv": [4, 3], "uv_size": [0, 0]}
							}
						},
						{
							"origin": [1.40518, 16.20221, -14.22267],
							"size": [0.125, 0.025, 0.05],
							"pivot": [2.3181, 7.76058, -13.72428],
							"rotation": [0, 0, 15],
							"uv": {
								"north": {"uv": [4, 3], "uv_size": [0, 0]},
								"east": {"uv": [4, 3], "uv_size": [0, 0]},
								"south": {"uv": [4, 3], "uv_size": [0, 0]},
								"west": {"uv": [4, 3], "uv_size": [0, 0]},
								"up": {"uv": [4, 3], "uv_size": [0, 0]},
								"down": {"uv": [4, 3], "uv_size": [0, 0]}
							}
						},
						{
							"origin": [1.43018, 16.20221, -14.24767],
							"size": [0.075, 0.025, 0.05],
							"pivot": [2.3181, 7.76058, -13.72428],
							"rotation": [0, 0, 15],
							"uv": {
								"north": {"uv": [4, 3], "uv_size": [0, 0]},
								"east": {"uv": [4, 3], "uv_size": [0, 0]},
								"south": {"uv": [4, 3], "uv_size": [0, 0]},
								"west": {"uv": [4, 3], "uv_size": [0, 0]},
								"up": {"uv": [4, 3], "uv_size": [0, 0]},
								"down": {"uv": [4, 3], "uv_size": [0, 0]}
							}
						},
						{
							"origin": [5.94313, 15.30369, -14.22267],
							"size": [0.125, 0.025, 0.05],
							"pivot": [1.85604, 6.89533, -13.72428],
							"rotation": [0, 0, -15],
							"uv": {
								"north": {"uv": [4, 3], "uv_size": [0, 0]},
								"east": {"uv": [4, 3], "uv_size": [0, 0]},
								"south": {"uv": [4, 3], "uv_size": [0, 0]},
								"west": {"uv": [4, 3], "uv_size": [0, 0]},
								"up": {"uv": [4, 3], "uv_size": [0, 0]},
								"down": {"uv": [4, 3], "uv_size": [0, 0]}
							}
						},
						{
							"origin": [3.62336, 16.11265, -14.22267],
							"size": [0.125, 0.03, 0.05],
							"uv": {
								"north": {"uv": [4, 3], "uv_size": [0, 0]},
								"east": {"uv": [4, 3], "uv_size": [0, 0]},
								"south": {"uv": [4, 3], "uv_size": [0, 0]},
								"west": {"uv": [4, 3], "uv_size": [0, 0]},
								"up": {"uv": [4, 3], "uv_size": [0, 0]},
								"down": {"uv": [4, 3], "uv_size": [0, 0]}
							}
						},
						{
							"origin": [3.59257, 16.0875, -14.22267],
							"size": [0.075, 0.075, 0.05],
							"uv": {
								"north": {"uv": [4, 3], "uv_size": [0, 0]},
								"east": {"uv": [4, 3], "uv_size": [0, 0]},
								"south": {"uv": [4, 3], "uv_size": [0, 0]},
								"west": {"uv": [4, 3], "uv_size": [0, 0]},
								"up": {"uv": [4, 3], "uv_size": [0, 0]},
								"down": {"uv": [4, 3], "uv_size": [0, 0]}
							}
						},
						{
							"origin": [3.69257, 16.1125, -14.22267],
							"size": [0.025, 0.025, 0.05],
							"uv": {
								"north": {"uv": [4, 3], "uv_size": [0, 0]},
								"east": {"uv": [4, 3], "uv_size": [0, 0]},
								"south": {"uv": [4, 3], "uv_size": [0, 0]},
								"west": {"uv": [4, 3], "uv_size": [0, 0]},
								"up": {"uv": [4, 3], "uv_size": [0, 0]},
								"down": {"uv": [4, 3], "uv_size": [0, 0]}
							}
						},
						{
							"origin": [3.59257, 16.1125, -14.22267],
							"size": [0.075, 0.025, 0.05],
							"uv": {
								"north": {"uv": [4, 3], "uv_size": [0, 0]},
								"east": {"uv": [4, 3], "uv_size": [0, 0]},
								"south": {"uv": [4, 3], "uv_size": [0, 0]},
								"west": {"uv": [4, 3], "uv_size": [0, 0]},
								"up": {"uv": [4, 3], "uv_size": [0, 0]},
								"down": {"uv": [4, 3], "uv_size": [0, 0]}
							}
						}
					]
				},
				{
					"name": "yaiba20",
					"parent": "okkotsu_sword_bone",
					"pivot": [-6.225, 7.725, -3],
					"rotation": [0, 56.5, 0],
					"cubes": [
						{
							"origin": [1.40177, 16.20221, -14.12674],
							"size": [0.05, 0.025, 0.05],
							"pivot": [2.23968, 7.76058, -13.67835],
							"rotation": [0, 0, 15],
							"uv": {
								"north": {"uv": [4, 3], "uv_size": [0, 0]},
								"east": {"uv": [4, 3], "uv_size": [0, 0]},
								"south": {"uv": [4, 3], "uv_size": [0, 0]},
								"west": {"uv": [4, 3], "uv_size": [0, 0]},
								"up": {"uv": [4, 3], "uv_size": [0, 0]},
								"down": {"uv": [4, 3], "uv_size": [0, 0]}
							}
						},
						{
							"origin": [5.93972, 15.30369, -14.12674],
							"size": [0.05, 0.025, 0.05],
							"pivot": [1.77763, 6.89533, -13.67835],
							"rotation": [0, 0, -15],
							"uv": {
								"north": {"uv": [4, 3], "uv_size": [0, 0]},
								"east": {"uv": [4, 3], "uv_size": [0, 0]},
								"south": {"uv": [4, 3], "uv_size": [0, 0]},
								"west": {"uv": [4, 3], "uv_size": [0, 0]},
								"up": {"uv": [4, 3], "uv_size": [0, 0]},
								"down": {"uv": [4, 3], "uv_size": [0, 0]}
							}
						},
						{
							"origin": [3.56995, 16.11265, -14.12674],
							"size": [0.1, 0.03, 0.05],
							"uv": {
								"north": {"uv": [4, 3], "uv_size": [0, 0]},
								"east": {"uv": [4, 3], "uv_size": [0, 0]},
								"south": {"uv": [4, 3], "uv_size": [0, 0]},
								"west": {"uv": [4, 3], "uv_size": [0, 0]},
								"up": {"uv": [4, 3], "uv_size": [0, 0]},
								"down": {"uv": [4, 3], "uv_size": [0, 0]}
							}
						},
						{
							"origin": [3.61416, 16.1125, -14.12674],
							"size": [0.025, 0.025, 0.05],
							"uv": {
								"north": {"uv": [4, 3], "uv_size": [0, 0]},
								"east": {"uv": [4, 3], "uv_size": [0, 0]},
								"south": {"uv": [4, 3], "uv_size": [0, 0]},
								"west": {"uv": [4, 3], "uv_size": [0, 0]},
								"up": {"uv": [4, 3], "uv_size": [0, 0]},
								"down": {"uv": [4, 3], "uv_size": [0, 0]}
							}
						},
						{
							"origin": [3.56416, 16.1125, -14.12674],
							"size": [0.025, 0.025, 0.05],
							"uv": {
								"north": {"uv": [4, 3], "uv_size": [0, 0]},
								"east": {"uv": [4, 3], "uv_size": [0, 0]},
								"south": {"uv": [4, 3], "uv_size": [0, 0]},
								"west": {"uv": [4, 3], "uv_size": [0, 0]},
								"up": {"uv": [4, 3], "uv_size": [0, 0]},
								"down": {"uv": [4, 3], "uv_size": [0, 0]}
							}
						}
					]
				},
				{
					"name": "yaiba16",
					"parent": "okkotsu_sword_bone",
					"pivot": [-1.725, 8.725, -11],
					"rotation": [0, 100.75, 0],
					"cubes": [
						{
							"origin": [5.88755, 16.075, -18.05369],
							"size": [0.1, 0.1, 0.025],
							"uv": {
								"north": {"uv": [4, 3], "uv_size": [0, 0]},
								"east": {"uv": [4, 3], "uv_size": [0, 0]},
								"south": {"uv": [4, 3], "uv_size": [0, 0]},
								"west": {"uv": [4, 3], "uv_size": [0, 0]},
								"up": {"uv": [4, 3], "uv_size": [0, 0]},
								"down": {"uv": [4, 3], "uv_size": [0, 0]}
							}
						},
						{
							"origin": [3.76512, 16.20221, -18.05369],
							"size": [0.125, 0.025, 0.025],
							"pivot": [4.67803, 7.76058, -17.4303],
							"rotation": [0, 0, 15],
							"uv": {
								"north": {"uv": [4, 3], "uv_size": [0, 0]},
								"east": {"uv": [4, 3], "uv_size": [0, 0]},
								"south": {"uv": [4, 3], "uv_size": [0, 0]},
								"west": {"uv": [4, 3], "uv_size": [0, 0]},
								"up": {"uv": [4, 3], "uv_size": [0, 0]},
								"down": {"uv": [4, 3], "uv_size": [0, 0]}
							}
						},
						{
							"origin": [8.30306, 15.30369, -18.05369],
							"size": [0.125, 0.025, 0.025],
							"pivot": [4.21597, 6.89533, -17.4303],
							"rotation": [0, 0, -15],
							"uv": {
								"north": {"uv": [4, 3], "uv_size": [0, 0]},
								"east": {"uv": [4, 3], "uv_size": [0, 0]},
								"south": {"uv": [4, 3], "uv_size": [0, 0]},
								"west": {"uv": [4, 3], "uv_size": [0, 0]},
								"up": {"uv": [4, 3], "uv_size": [0, 0]},
								"down": {"uv": [4, 3], "uv_size": [0, 0]}
							}
						},
						{
							"origin": [5.98329, 16.11265, -18.05369],
							"size": [0.125, 0.03, 0.025],
							"uv": {
								"north": {"uv": [4, 3], "uv_size": [0, 0]},
								"east": {"uv": [4, 3], "uv_size": [0, 0]},
								"south": {"uv": [4, 3], "uv_size": [0, 0]},
								"west": {"uv": [4, 3], "uv_size": [0, 0]},
								"up": {"uv": [4, 3], "uv_size": [0, 0]},
								"down": {"uv": [4, 3], "uv_size": [0, 0]}
							}
						},
						{
							"origin": [5.92751, 16.0875, -18.05369],
							"size": [0.1, 0.075, 0.025],
							"uv": {
								"north": {"uv": [4, 3], "uv_size": [0, 0]},
								"east": {"uv": [4, 3], "uv_size": [0, 0]},
								"south": {"uv": [4, 3], "uv_size": [0, 0]},
								"west": {"uv": [4, 3], "uv_size": [0, 0]},
								"up": {"uv": [4, 3], "uv_size": [0, 0]},
								"down": {"uv": [4, 3], "uv_size": [0, 0]}
							}
						},
						{
							"origin": [6.05251, 16.1125, -18.05369],
							"size": [0.025, 0.025, 0.025],
							"uv": {
								"north": {"uv": [4, 3], "uv_size": [0, 0]},
								"east": {"uv": [4, 3], "uv_size": [0, 0]},
								"south": {"uv": [4, 3], "uv_size": [0, 0]},
								"west": {"uv": [4, 3], "uv_size": [0, 0]},
								"up": {"uv": [4, 3], "uv_size": [0, 0]},
								"down": {"uv": [4, 3], "uv_size": [0, 0]}
							}
						},
						{
							"origin": [5.95251, 16.1125, -18.05369],
							"size": [0.075, 0.025, 0.025],
							"uv": {
								"north": {"uv": [4, 3], "uv_size": [0, 0]},
								"east": {"uv": [4, 3], "uv_size": [0, 0]},
								"south": {"uv": [4, 3], "uv_size": [0, 0]},
								"west": {"uv": [4, 3], "uv_size": [0, 0]},
								"up": {"uv": [4, 3], "uv_size": [0, 0]},
								"down": {"uv": [4, 3], "uv_size": [0, 0]}
							}
						}
					]
				},
				{
					"name": "yaiba19",
					"parent": "okkotsu_sword_bone",
					"pivot": [-1.725, 8.725, -11],
					"rotation": [0, 99.75, 0],
					"cubes": [
						{
							"origin": [5.76369, 16.075, -18.16433],
							"size": [0.1, 0.1, 0.025],
							"uv": {
								"north": {"uv": [4, 3], "uv_size": [0, 0]},
								"east": {"uv": [4, 3], "uv_size": [0, 0]},
								"south": {"uv": [4, 3], "uv_size": [0, 0]},
								"west": {"uv": [4, 3], "uv_size": [0, 0]},
								"up": {"uv": [4, 3], "uv_size": [0, 0]},
								"down": {"uv": [4, 3], "uv_size": [0, 0]}
							}
						},
						{
							"origin": [3.64126, 16.20221, -18.16433],
							"size": [0.125, 0.025, 0.025],
							"pivot": [4.55417, 7.76058, -17.54094],
							"rotation": [0, 0, 15],
							"uv": {
								"north": {"uv": [4, 3], "uv_size": [0, 0]},
								"east": {"uv": [4, 3], "uv_size": [0, 0]},
								"south": {"uv": [4, 3], "uv_size": [0, 0]},
								"west": {"uv": [4, 3], "uv_size": [0, 0]},
								"up": {"uv": [4, 3], "uv_size": [0, 0]},
								"down": {"uv": [4, 3], "uv_size": [0, 0]}
							}
						},
						{
							"origin": [8.1792, 15.30369, -18.16433],
							"size": [0.125, 0.025, 0.025],
							"pivot": [4.09211, 6.89533, -17.54094],
							"rotation": [0, 0, -15],
							"uv": {
								"north": {"uv": [4, 3], "uv_size": [0, 0]},
								"east": {"uv": [4, 3], "uv_size": [0, 0]},
								"south": {"uv": [4, 3], "uv_size": [0, 0]},
								"west": {"uv": [4, 3], "uv_size": [0, 0]},
								"up": {"uv": [4, 3], "uv_size": [0, 0]},
								"down": {"uv": [4, 3], "uv_size": [0, 0]}
							}
						},
						{
							"origin": [5.85943, 16.11265, -18.16433],
							"size": [0.125, 0.03, 0.025],
							"uv": {
								"north": {"uv": [4, 3], "uv_size": [0, 0]},
								"east": {"uv": [4, 3], "uv_size": [0, 0]},
								"south": {"uv": [4, 3], "uv_size": [0, 0]},
								"west": {"uv": [4, 3], "uv_size": [0, 0]},
								"up": {"uv": [4, 3], "uv_size": [0, 0]},
								"down": {"uv": [4, 3], "uv_size": [0, 0]}
							}
						},
						{
							"origin": [5.80365, 16.0875, -18.16433],
							"size": [0.1, 0.075, 0.025],
							"uv": {
								"north": {"uv": [4, 3], "uv_size": [0, 0]},
								"east": {"uv": [4, 3], "uv_size": [0, 0]},
								"south": {"uv": [4, 3], "uv_size": [0, 0]},
								"west": {"uv": [4, 3], "uv_size": [0, 0]},
								"up": {"uv": [4, 3], "uv_size": [0, 0]},
								"down": {"uv": [4, 3], "uv_size": [0, 0]}
							}
						},
						{
							"origin": [5.92865, 16.1125, -18.16433],
							"size": [0.025, 0.025, 0.025],
							"uv": {
								"north": {"uv": [4, 3], "uv_size": [0, 0]},
								"east": {"uv": [4, 3], "uv_size": [0, 0]},
								"south": {"uv": [4, 3], "uv_size": [0, 0]},
								"west": {"uv": [4, 3], "uv_size": [0, 0]},
								"up": {"uv": [4, 3], "uv_size": [0, 0]},
								"down": {"uv": [4, 3], "uv_size": [0, 0]}
							}
						},
						{
							"origin": [5.82865, 16.1125, -18.16433],
							"size": [0.075, 0.025, 0.025],
							"uv": {
								"north": {"uv": [4, 3], "uv_size": [0, 0]},
								"east": {"uv": [4, 3], "uv_size": [0, 0]},
								"south": {"uv": [4, 3], "uv_size": [0, 0]},
								"west": {"uv": [4, 3], "uv_size": [0, 0]},
								"up": {"uv": [4, 3], "uv_size": [0, 0]},
								"down": {"uv": [4, 3], "uv_size": [0, 0]}
							}
						}
					]
				},
				{
					"name": "yaiba21",
					"parent": "okkotsu_sword_bone",
					"pivot": [-1.725, 8.725, -11],
					"rotation": [0, 98, 0],
					"cubes": [
						{
							"origin": [5.54207, 16.075, -18.37144],
							"size": [0.1, 0.1, 0.025],
							"uv": {
								"north": {"uv": [4, 3], "uv_size": [0, 0]},
								"east": {"uv": [4, 3], "uv_size": [0, 0]},
								"south": {"uv": [4, 3], "uv_size": [0, 0]},
								"west": {"uv": [4, 3], "uv_size": [0, 0]},
								"up": {"uv": [4, 3], "uv_size": [0, 0]},
								"down": {"uv": [4, 3], "uv_size": [0, 0]}
							}
						},
						{
							"origin": [3.41964, 16.20221, -18.37144],
							"size": [0.125, 0.025, 0.025],
							"pivot": [4.33255, 7.76058, -17.74804],
							"rotation": [0, 0, 15],
							"uv": {
								"north": {"uv": [4, 3], "uv_size": [0, 0]},
								"east": {"uv": [4, 3], "uv_size": [0, 0]},
								"south": {"uv": [4, 3], "uv_size": [0, 0]},
								"west": {"uv": [4, 3], "uv_size": [0, 0]},
								"up": {"uv": [4, 3], "uv_size": [0, 0]},
								"down": {"uv": [4, 3], "uv_size": [0, 0]}
							}
						},
						{
							"origin": [7.95758, 15.30369, -18.37144],
							"size": [0.125, 0.025, 0.025],
							"pivot": [3.87049, 6.89533, -17.74804],
							"rotation": [0, 0, -15],
							"uv": {
								"north": {"uv": [4, 3], "uv_size": [0, 0]},
								"east": {"uv": [4, 3], "uv_size": [0, 0]},
								"south": {"uv": [4, 3], "uv_size": [0, 0]},
								"west": {"uv": [4, 3], "uv_size": [0, 0]},
								"up": {"uv": [4, 3], "uv_size": [0, 0]},
								"down": {"uv": [4, 3], "uv_size": [0, 0]}
							}
						},
						{
							"origin": [5.63781, 16.11265, -18.37144],
							"size": [0.125, 0.03, 0.025],
							"uv": {
								"north": {"uv": [4, 3], "uv_size": [0, 0]},
								"east": {"uv": [4, 3], "uv_size": [0, 0]},
								"south": {"uv": [4, 3], "uv_size": [0, 0]},
								"west": {"uv": [4, 3], "uv_size": [0, 0]},
								"up": {"uv": [4, 3], "uv_size": [0, 0]},
								"down": {"uv": [4, 3], "uv_size": [0, 0]}
							}
						},
						{
							"origin": [5.58202, 16.0875, -18.37144],
							"size": [0.1, 0.075, 0.025],
							"uv": {
								"north": {"uv": [4, 3], "uv_size": [0, 0]},
								"east": {"uv": [4, 3], "uv_size": [0, 0]},
								"south": {"uv": [4, 3], "uv_size": [0, 0]},
								"west": {"uv": [4, 3], "uv_size": [0, 0]},
								"up": {"uv": [4, 3], "uv_size": [0, 0]},
								"down": {"uv": [4, 3], "uv_size": [0, 0]}
							}
						},
						{
							"origin": [5.70702, 16.1125, -18.37144],
							"size": [0.025, 0.025, 0.025],
							"uv": {
								"north": {"uv": [4, 3], "uv_size": [0, 0]},
								"east": {"uv": [4, 3], "uv_size": [0, 0]},
								"south": {"uv": [4, 3], "uv_size": [0, 0]},
								"west": {"uv": [4, 3], "uv_size": [0, 0]},
								"up": {"uv": [4, 3], "uv_size": [0, 0]},
								"down": {"uv": [4, 3], "uv_size": [0, 0]}
							}
						},
						{
							"origin": [5.60702, 16.1125, -18.37144],
							"size": [0.075, 0.025, 0.025],
							"uv": {
								"north": {"uv": [4, 3], "uv_size": [0, 0]},
								"east": {"uv": [4, 3], "uv_size": [0, 0]},
								"south": {"uv": [4, 3], "uv_size": [0, 0]},
								"west": {"uv": [4, 3], "uv_size": [0, 0]},
								"up": {"uv": [4, 3], "uv_size": [0, 0]},
								"down": {"uv": [4, 3], "uv_size": [0, 0]}
							}
						}
					]
				},
				{
					"name": "tyou",
					"parent": "okkotsu_sword_bone",
					"pivot": [-10.725, 7.725, -1],
					"rotation": [0, 4.75, 0],
					"cubes": [
						{
							"origin": [-8.71346, 16.075, -16.0223],
							"size": [0.575, 0.1, 0.575],
							"uv": {
								"north": {"uv": [4, 3], "uv_size": [0, 0]},
								"east": {"uv": [4, 3], "uv_size": [0, 0]},
								"south": {"uv": [4, 3], "uv_size": [0, 0]},
								"west": {"uv": [4, 3], "uv_size": [0, 0]},
								"up": {"uv": [4, 3], "uv_size": [0, 0]},
								"down": {"uv": [4, 3], "uv_size": [0, 0]}
							}
						},
						{
							"origin": [-8.70465, 16.075, -16.61833],
							"size": [0.5, 0.1, 0.675],
							"pivot": [-7.40415, 7.725, -15.52834],
							"rotation": [0, 1, 0],
							"uv": {
								"north": {"uv": [4, 3], "uv_size": [0, 0]},
								"east": {"uv": [4, 3], "uv_size": [0, 0]},
								"south": {"uv": [4, 3], "uv_size": [0, 0]},
								"west": {"uv": [4, 3], "uv_size": [0, 0]},
								"up": {"uv": [4, 3], "uv_size": [0, 0]},
								"down": {"uv": [4, 3], "uv_size": [0, 0]}
							}
						},
						{
							"origin": [-8.7087, 16.075, -16.80383],
							"size": [0.375, 0.1, 0.275],
							"pivot": [-7.40811, 7.725, -16.01471],
							"rotation": [0, 1.5, 0],
							"uv": {
								"north": {"uv": [4, 3], "uv_size": [0, 0]},
								"east": {"uv": [4, 3], "uv_size": [0, 0]},
								"south": {"uv": [4, 3], "uv_size": [0, 0]},
								"west": {"uv": [4, 3], "uv_size": [0, 0]},
								"up": {"uv": [4, 3], "uv_size": [0, 0]},
								"down": {"uv": [4, 3], "uv_size": [0, 0]}
							}
						},
						{
							"origin": [-8.71382, 16.075, -16.95903],
							"size": [0.275, 0.1, 0.15],
							"pivot": [-7.41318, 7.725, -16.29536],
							"rotation": [0, 1.75, 0],
							"uv": {
								"north": {"uv": [4, 3], "uv_size": [0, 0]},
								"east": {"uv": [4, 3], "uv_size": [0, 0]},
								"south": {"uv": [4, 3], "uv_size": [0, 0]},
								"west": {"uv": [4, 3], "uv_size": [0, 0]},
								"up": {"uv": [4, 3], "uv_size": [0, 0]},
								"down": {"uv": [4, 3], "uv_size": [0, 0]}
							}
						},
						{
							"origin": [-8.70937, 16.075, -17.11483],
							"size": [0.1, 0.1, 0.15],
							"pivot": [-7.40872, 7.725, -16.25115],
							"rotation": [0, 2, 0],
							"uv": {
								"north": {"uv": [4, 3], "uv_size": [0, 0]},
								"east": {"uv": [4, 3], "uv_size": [0, 0]},
								"south": {"uv": [4, 3], "uv_size": [0, 0]},
								"west": {"uv": [4, 3], "uv_size": [0, 0]},
								"up": {"uv": [4, 3], "uv_size": [0, 0]},
								"down": {"uv": [4, 3], "uv_size": [0, 0]}
							}
						},
						{
							"origin": [-8.71382, 16.075, -17.03403],
							"size": [0.1, 0.1, 0.125],
							"pivot": [-7.41318, 7.725, -16.29536],
							"rotation": [0, 1.75, 0],
							"uv": {
								"north": {"uv": [4, 3], "uv_size": [0, 0]},
								"east": {"uv": [4, 3], "uv_size": [0, 0]},
								"south": {"uv": [4, 3], "uv_size": [0, 0]},
								"west": {"uv": [4, 3], "uv_size": [0, 0]},
								"up": {"uv": [4, 3], "uv_size": [0, 0]},
								"down": {"uv": [4, 3], "uv_size": [0, 0]}
							}
						}
					]
				},
				{
					"name": "yaiba5",
					"parent": "okkotsu_sword_bone",
					"pivot": [-7.875, 7.725, -1],
					"rotation": [0, 2.5, 0],
					"cubes": [
						{
							"origin": [-9.11662, 16.075, -6.9205],
							"size": [0.7, 0.1, 1.575],
							"uv": {
								"north": {"uv": [5, 4], "uv_size": [0, 0]},
								"east": {"uv": [4, 4], "uv_size": [1, 0]},
								"south": {"uv": [6, 4], "uv_size": [0, 0]},
								"west": {"uv": [5, 4], "uv_size": [1, 0]},
								"up": {"uv": [5, 3], "uv_size": [0, 1]},
								"down": {"uv": [5, 4], "uv_size": [0, -1]}
							}
						},
						{
							"origin": [-10.64027, 16.21144, -6.9205],
							"size": [0.125, 0.025, 1.475],
							"pivot": [-9.76177, 7.76058, -4.92486],
							"rotation": [0, 0, 15],
							"uv": {
								"north": {"uv": [5, 4], "uv_size": [0, 0]},
								"east": {"uv": [4, 4], "uv_size": [1, 0]},
								"south": {"uv": [6, 4], "uv_size": [0, 0]},
								"west": {"uv": [5, 4], "uv_size": [1, 0]},
								"up": {"uv": [5, 3], "uv_size": [0, 1]},
								"down": {"uv": [5, 4], "uv_size": [0, -1]}
							}
						},
						{
							"origin": [-6.10233, 15.29447, -6.9205],
							"size": [0.125, 0.025, 1.475],
							"pivot": [-10.22383, 6.89533, -4.92486],
							"rotation": [0, 0, -15],
							"uv": {
								"north": {"uv": [5, 4], "uv_size": [0, 0]},
								"east": {"uv": [4, 4], "uv_size": [1, 0]},
								"south": {"uv": [6, 4], "uv_size": [0, 0]},
								"west": {"uv": [5, 4], "uv_size": [1, 0]},
								"up": {"uv": [5, 3], "uv_size": [0, 1]},
								"down": {"uv": [5, 4], "uv_size": [0, -1]}
							}
						},
						{
							"origin": [-8.42088, 16.11265, -6.9205],
							"size": [0.125, 0.03, 1.475],
							"uv": {
								"north": {"uv": [5, 4], "uv_size": [0, 0]},
								"east": {"uv": [4, 4], "uv_size": [1, 0]},
								"south": {"uv": [6, 4], "uv_size": [0, 0]},
								"west": {"uv": [5, 4], "uv_size": [1, 0]},
								"up": {"uv": [5, 3], "uv_size": [0, 1]},
								"down": {"uv": [5, 4], "uv_size": [0, -1]}
							}
						},
						{
							"origin": [-8.47667, 16.0875, -6.9205],
							"size": [0.1, 0.075, 1.475],
							"uv": {
								"north": {"uv": [5, 4], "uv_size": [0, 0]},
								"east": {"uv": [4, 4], "uv_size": [1, 0]},
								"south": {"uv": [6, 4], "uv_size": [0, 0]},
								"west": {"uv": [5, 4], "uv_size": [1, 0]},
								"up": {"uv": [5, 3], "uv_size": [0, 1]},
								"down": {"uv": [5, 4], "uv_size": [0, -1]}
							}
						},
						{
							"origin": [-8.35167, 16.1125, -6.9205],
							"size": [0.025, 0.025, 1.475],
							"uv": {
								"north": {"uv": [5, 4], "uv_size": [0, 0]},
								"east": {"uv": [4, 4], "uv_size": [1, 0]},
								"south": {"uv": [6, 4], "uv_size": [0, 0]},
								"west": {"uv": [5, 4], "uv_size": [1, 0]},
								"up": {"uv": [5, 3], "uv_size": [0, 1]},
								"down": {"uv": [5, 4], "uv_size": [0, -1]}
							}
						},
						{
							"origin": [-8.45167, 16.1125, -6.9205],
							"size": [0.075, 0.025, 1.475],
							"uv": {
								"north": {"uv": [5, 4], "uv_size": [0, 0]},
								"east": {"uv": [4, 4], "uv_size": [1, 0]},
								"south": {"uv": [6, 4], "uv_size": [0, 0]},
								"west": {"uv": [5, 4], "uv_size": [1, 0]},
								"up": {"uv": [5, 3], "uv_size": [0, 1]},
								"down": {"uv": [5, 4], "uv_size": [0, -1]}
							}
						}
					]
				},
				{
					"name": "hand",
					"parent": "shigemo_sword",
					"pivot": [0.1, 0, 0],
					"cubes": [
						{
							"origin": [0.48208, 7.36447, 0.94],
							"size": [-0.28, 1.88, -0.28],
							"inflate": 0.5,
							"uv": {
								"north": {"uv": [0, 16], "uv_size": [0.0625, 0.34375]},
								"east": {"uv": [0, 16], "uv_size": [0.0625, 0.34375]},
								"south": {"uv": [0, 16], "uv_size": [0.0625, 0.34375]},
								"west": {"uv": [0, 16], "uv_size": [0.0625, 0.34375]},
								"up": {"uv": [-0.0625, 15.9375], "uv_size": [0.0625, 0.0625]},
								"down": {"uv": [-0.0625, 16.0625], "uv_size": [0.0625, -0.0625]}
							}
						},
						{
							"origin": [0.48208, 7.36447, 1.66],
							"size": [-0.28, 1.88, -0.28],
							"inflate": 0.5,
							"uv": {
								"north": {"uv": [0, 16], "uv_size": [0.0625, 0.34375]},
								"east": {"uv": [0, 16], "uv_size": [0.0625, 0.34375]},
								"south": {"uv": [0, 16], "uv_size": [0.0625, 0.34375]},
								"west": {"uv": [0, 16], "uv_size": [0.0625, 0.34375]},
								"up": {"uv": [-0.0625, 15.9375], "uv_size": [0.0625, 0.0625]},
								"down": {"uv": [-0.0625, 16.0625], "uv_size": [0.0625, -0.0625]}
							}
						},
						{
							"origin": [0.48208, 7.36447, 2.70079],
							"size": [-0.28, 1.88, -0.28],
							"inflate": 0.5,
							"uv": {
								"north": {"uv": [0, 16], "uv_size": [0.0625, 0.34375]},
								"east": {"uv": [0, 16], "uv_size": [0.0625, 0.34375]},
								"south": {"uv": [0, 16], "uv_size": [0.0625, 0.34375]},
								"west": {"uv": [0, 16], "uv_size": [0.0625, 0.34375]},
								"up": {"uv": [-0.0625, 15.9375], "uv_size": [0.0625, 0.0625]},
								"down": {"uv": [-0.0625, 16.0625], "uv_size": [0.0625, -0.0625]}
							}
						},
						{
							"origin": [0.35208, 9.32555, 2.65719],
							"size": [-0.08, 0.04, 1.84],
							"inflate": 0.25,
							"uv": {
								"north": {"uv": [0, 16], "uv_size": [0.03125, 0.03125]},
								"east": {"uv": [0, 16], "uv_size": [0.28125, 0.03125]},
								"south": {"uv": [0, 16], "uv_size": [0.03125, 0.03125]},
								"west": {"uv": [0, 16], "uv_size": [0.28125, 0.03125]},
								"up": {"uv": [-0.03125, 15.71875], "uv_size": [0.03125, 0.28125]},
								"down": {"uv": [-0.03125, 16.28125], "uv_size": [0.03125, -0.28125]}
							}
						},
						{
							"origin": [0.35208, 8.60555, 2.65719],
							"size": [-0.08, 0.04, 1.84],
							"inflate": 0.25,
							"uv": {
								"north": {"uv": [0, 16], "uv_size": [0.03125, 0.03125]},
								"east": {"uv": [0, 16], "uv_size": [0.28125, 0.03125]},
								"south": {"uv": [0, 16], "uv_size": [0.03125, 0.03125]},
								"west": {"uv": [0, 16], "uv_size": [0.28125, 0.03125]},
								"up": {"uv": [-0.03125, 15.71875], "uv_size": [0.03125, 0.28125]},
								"down": {"uv": [-0.03125, 16.28125], "uv_size": [0.03125, -0.28125]}
							}
						},
						{
							"origin": [0.35208, 7.88555, 2.65719],
							"size": [-0.08, 0.04, 1.84],
							"inflate": 0.25,
							"uv": {
								"north": {"uv": [0, 16], "uv_size": [0.03125, 0.03125]},
								"east": {"uv": [0, 16], "uv_size": [0.28125, 0.03125]},
								"south": {"uv": [0, 16], "uv_size": [0.03125, 0.03125]},
								"west": {"uv": [0, 16], "uv_size": [0.28125, 0.03125]},
								"up": {"uv": [-0.03125, 15.71875], "uv_size": [0.03125, 0.28125]},
								"down": {"uv": [-0.03125, 16.28125], "uv_size": [0.03125, -0.28125]}
							}
						},
						{
							"origin": [0.35208, 7.16555, 2.65719],
							"size": [-0.08, 0.04, 1.84],
							"inflate": 0.25,
							"uv": {
								"north": {"uv": [0, 16], "uv_size": [0.03125, 0.03125]},
								"east": {"uv": [0, 16], "uv_size": [0.28125, 0.03125]},
								"south": {"uv": [0, 16], "uv_size": [0.03125, 0.03125]},
								"west": {"uv": [0, 16], "uv_size": [0.28125, 0.03125]},
								"up": {"uv": [-0.03125, 15.71875], "uv_size": [0.03125, 0.28125]},
								"down": {"uv": [-0.03125, 16.28125], "uv_size": [0.03125, -0.28125]}
							}
						}
					]
				},
				{
					"name": "bone4_1",
					"parent": "hand",
					"pivot": [1.1, 7.72, -14.56],
					"rotation": [0, -20, 0],
					"cubes": [
						{
							"origin": [5.48486, 6.36447, 0.18266],
							"size": [1.72, 3.88, 2.32],
							"inflate": -0.5,
							"uv": {
								"north": {"uv": [0, 16], "uv_size": [0.125, 0.40625]},
								"east": {"uv": [0, 16], "uv_size": [0.1875, 0.40625]},
								"south": {"uv": [0, 16], "uv_size": [0.125, 0.40625]},
								"west": {"uv": [0, 16], "uv_size": [0.1875, 0.40625]},
								"up": {"uv": [-0.125, 15.8125], "uv_size": [0.125, 0.1875]},
								"down": {"uv": [-0.125, 16.1875], "uv_size": [0.125, -0.1875]}
							}
						},
						{
							"origin": [4.67981, 6.36447, -0.58226],
							"size": [1.72, 3.88, 2.32],
							"inflate": -0.5,
							"uv": {
								"north": {"uv": [0, 16], "uv_size": [0.125, 0.40625]},
								"east": {"uv": [0, 16], "uv_size": [0.1875, 0.40625]},
								"south": {"uv": [0, 16], "uv_size": [0.125, 0.40625]},
								"west": {"uv": [0, 16], "uv_size": [0.1875, 0.40625]},
								"up": {"uv": [-0.125, 15.8125], "uv_size": [0.125, 0.1875]},
								"down": {"uv": [-0.125, 16.1875], "uv_size": [0.125, -0.1875]}
							}
						}
					]
				},
				{
					"name": "bone4_2",
					"parent": "hand",
					"pivot": [1.1, 7.72, -14.56],
					"rotation": [0, 20, 0],
					"cubes": [
						{
							"origin": [-5.62422, 6.36447, -1.1007],
							"size": [1.72, 3.88, 2.32],
							"inflate": -0.5,
							"uv": {
								"north": {"uv": [0, 16], "uv_size": [0.125, 0.40625]},
								"east": {"uv": [0, 16], "uv_size": [0.1875, 0.40625]},
								"south": {"uv": [0, 16], "uv_size": [0.125, 0.40625]},
								"west": {"uv": [0, 16], "uv_size": [0.1875, 0.40625]},
								"up": {"uv": [-0.125, 15.8125], "uv_size": [0.125, 0.1875]},
								"down": {"uv": [-0.125, 16.1875], "uv_size": [0.125, -0.1875]}
							}
						},
						{
							"origin": [-6.42928, 6.36447, -0.33578],
							"size": [1.72, 3.88, 2.32],
							"inflate": -0.5,
							"uv": {
								"north": {"uv": [0, 16], "uv_size": [0.125, 0.40625]},
								"east": {"uv": [0, 16], "uv_size": [0.1875, 0.40625]},
								"south": {"uv": [0, 16], "uv_size": [0.125, 0.40625]},
								"west": {"uv": [0, 16], "uv_size": [0.1875, 0.40625]},
								"up": {"uv": [-0.125, 15.8125], "uv_size": [0.125, 0.1875]},
								"down": {"uv": [-0.125, 16.1875], "uv_size": [0.125, -0.1875]}
							}
						}
					]
				},
				{
					"name": "bone4_3",
					"parent": "hand",
					"pivot": [3.26, 8.08, -16.96],
					"rotation": [-60, 0, 0],
					"cubes": [
						{
							"origin": [0.48208, 24.48108, -9.20148],
							"size": [-0.28, 1.16, -0.28],
							"inflate": 0.5,
							"uv": {
								"north": {"uv": [0, 16], "uv_size": [0.0625, 0.25]},
								"east": {"uv": [0, 16], "uv_size": [0.0625, 0.25]},
								"south": {"uv": [0, 16], "uv_size": [0.0625, 0.25]},
								"west": {"uv": [0, 16], "uv_size": [0.0625, 0.25]},
								"up": {"uv": [-0.0625, 15.9375], "uv_size": [0.0625, 0.0625]},
								"down": {"uv": [-0.0625, 16.0625], "uv_size": [0.0625, -0.0625]}
							}
						}
					]
				}
			]
		}
	]
}