{
   "entity_sounds": {
   "entities": {
         "rai:gama" : {
            "events" : {
               "ambient" : "jujutsu.toad"
            },
            "pitch" : [ 0.40, 0.80 ],
            "volume" : 1.0
         },
         "rai:gyokuken" : {
            "events" : {
               "ambient" : "mob.wolf.bark",
               "death" : "mob.wolf.death",
               "growl" : "mob.wolf.growl",
               "hurt" : "mob.wolf.hurt",
               "pant" : "mob.wolf.panting",
               "shake" : {
                  "pitch" : [ 0.80, 1.20 ],
                  "sound" : "mob.wolf.shake"
               },
               "step" : {
                  "pitch" : 1.0,
                  "sound" : "mob.wolf.step",
                  "volume" : 0.650
               },
               "whine" : "mob.wolf.whine"
            },
            "pitch" : [ 0.80, 1.20 ],
            "volume" : 1.0
         },
         "rai:gyokuken2" : {
            "events" : {
               "ambient" : "mob.wolf.bark",
               "death" : "mob.wolf.death",
               "growl" : "mob.wolf.growl",
               "hurt" : "mob.wolf.hurt",
               "pant" : "mob.wolf.panting",
               "shake" : {
                  "pitch" : [ 0.80, 1.20 ],
                  "sound" : "mob.wolf.shake"
               },
               "step" : {
                  "pitch" : 1.0,
                  "sound" : "mob.wolf.step",
                  "volume" : 0.650
               },
               "whine" : "mob.wolf.whine"
            },
            "pitch" : [ 0.80, 1.20 ],
            "volume" : 1.0
         }
      }
   }
}
