{
   "format_version": "1.10.0",
   "animation_controllers": {
      "controller.animation.saitama.general": {
         "states": {
            "default": {
               "animations": [
                  "saitama_general",
                  "look_at_target"
               ]
            }
         }
      },
      "controller.animation.saitama.move": {
         "initial_state": "default",
         "states": {
            "default": {
               "variables": {
                  "move_speed": {
                     "input": "query.modified_move_speed",
                     "remap_curve": {
                        "0.0": 0,
                        "0.25": 1
                     }
                  }
               },
               "animations": [
                  {
                     "moving": "variable.move_speed"
                  }
               ],
               "transitions": [
                  {
                     "running": "query.ground_speed >= 3.5 && query.is_on_ground"
                  },
                  {
                     "sp": "query.is_casting && query.mark_variant == 0"
                  },
                  {
                     "down": "query.is_casting && query.mark_variant == 1"
                  },
                  {
                     "death": "query.is_charged && query.mark_variant == 0"
                  },
                  {
                     "jump": "query.is_charged && query.mark_variant == 1"
                  }
               ],
               "blend_transition": 0.1
            },
            "running": {
               "animations": [
                  "running"
               ],
               "transitions": [
                  {
                     "moving": "query.ground_speed <= 1.5"
                  }
               ],
               "blend_transition": 0.2
            },
            "sp": {
               "animations": [
                  "sp"
               ],
               "transitions": [
                  {
                     "default": "!query.is_casting"
                  }
               ],
               "blend_transition": 0.1
            },
            "death": {
               "animations": [
                  "death"
               ],
               "transitions": [
                  {
                     "default": "!query.is_charged"
                  }
               ],
               "blend_transition": 0.1
            },
            "down": {
               "animations": [
                  "down"
               ],
               "transitions": [
                  {
                     "default": "!query.is_casting"
                  }
               ],
               "blend_transition": 0.1
            },
            "jump": {
               "animations": [
                  "jump"
               ],
               "transitions": [
                  {
                     "default": "!query.is_charged"
                  }
               ],
               "blend_transition": 0.1
            }
         }
      },
      "controller.animation.saitama.attack": {
         "states": {
            "default": {
               "transitions": [
                  {
                     "attack1": "query.is_delayed_attacking && variable.random == 0 && query.mark_variant == 0"
                  },
                  {
                     "attack2": "query.is_delayed_attacking && variable.random == 1 && query.mark_variant == 0"
                  },
                  {
                     "attack3": "query.is_delayed_attacking && query.mark_variant == 1"
                  }
               ],
               "blend_transition": 0.2
            },
            "attack1": {
               "animations": [
                  "attack1"
               ],
               "transitions": [
                  {
                     "default": "query.all_animations_finished"
                  }
               ],
               "blend_transition": 0.2
            },
            "attack2": {
               "animations": [
                  "attack2"
               ],
               "transitions": [
                  {
                     "default": "query.all_animations_finished"
                  }
               ],
               "blend_transition": 0.2
            },
            "attack3": {
               "animations": [
                  "attack3"
               ],
               "transitions": [
                  {
                     "default": "query.all_animations_finished"
                  }
               ],
               "blend_transition": 0.2
            }
         }
      }
   }
}