{"format_version":"1.10.0","minecraft:attachable":{"description":{"geometry":{"default":"geometry.mha_armor"},"identifier":"armor:denki.player","item":{"ofa:armor":"query.owner_identifier == 'minecraft:player'"},"materials":{"default":"armor","enchanted":"armor_enchanted"},"render_controllers":["controller.render.armor"],"scripts":{"parent_setup":"variable.helmet_layer_visible = 0.0;"},"textures":{"default":"textures/entity/pamobile/armor_denki","enchanted":"textures/misc/enchanted_item_glint"}}}}