{
	"format_version": "1.12.0",
	"minecraft:geometry": [
		{
			"description": {
				"identifier": "geometry.saitama",
				"texture_width": 128,
				"texture_height": 128,
				"visible_bounds_width": 5,
				"visible_bounds_height": 5.5,
				"visible_bounds_offset": [0, 2.25, 0]
			},
			"bones": [
				{
					"name": "all",
					"pivot": [0, 0, 0]
				},
				{
					"name": "body",
					"parent": "all",
					"pivot": [0, 0, 0]
				},
				{
					"name": "bone4",
					"parent": "body",
					"pivot": [0, 41.3, 0],
					"cubes": [
						{"origin": [-5.7, 41.7, -2.3], "size": [11.3, 10, 6.4], "uv": [32, 31]}
					]
				},
				{
					"name": "cape",
					"parent": "bone4",
					"pivot": [0, 0, 0],
					"cubes": [
						{"origin": [-4.3, 50.7, -2.8], "size": [1, 1, 1], "uv": [14, 0]},
						{"origin": [3, 50.7, -2.8], "size": [1, 1, 1], "uv": [0, 13]}
					]
				},
				{
					"name": "bone7",
					"parent": "cape",
					"pivot": [5, 52, 0.5],
					"cubes": [
						{"origin": [3.9, 51.1, -2], "size": [1.4, 1.4, 6.5], "inflate": -0.2, "pivot": [5, 52, 0.5], "rotation": [0, 12, 0], "uv": [41, 79]},
						{"origin": [3, 51.1, -2.3], "size": [1.8, 1.4, 6.8], "inflate": -0.2, "pivot": [5, 52, 0.5], "rotation": [0, 9, 0], "uv": [38, 59]},
						{"origin": [2.3, 51.1, -1.8], "size": [2.1, 1.4, 6.3], "inflate": -0.2, "pivot": [5, 52, 0.5], "rotation": [0, -4, 0], "uv": [78, 20]},
						{"origin": [-5.5, 51.1, -2], "size": [2.1, 1.4, 6.9], "inflate": -0.2, "pivot": [-5, 52, 0.5], "rotation": [0, -12, 0], "uv": [25, 79]},
						{"origin": [-5.5, 50.7, -2.9], "size": [1.6, 1.8, 1.4], "inflate": -0.2, "pivot": [-5, 52, 0.5], "rotation": [0, -12, 0], "uv": [0, 0]},
						{"origin": [-3.7, 50.7, -2.5], "size": [1.7, 1.8, 7.3], "inflate": -0.2, "pivot": [-5, 52, 0.5], "rotation": [0, 12, 0], "uv": [15, 73]},
						{"origin": [-5.1, 50.7, 0.3], "size": [3.1, 1.8, 4.5], "inflate": -0.2, "pivot": [-5, 52, 0.5], "rotation": [0, 12, 0], "uv": [0, 13]},
						{"origin": [2, 51.1, -2.4], "size": [1.3, 1.4, 7.2], "inflate": -0.2, "pivot": [5, 52, 0.5], "rotation": [0, -12, 0], "uv": [45, 21]},
						{"origin": [2.3, 51.1, 3.8], "size": [1.3, 1.4, 4.1], "inflate": -0.2, "pivot": [2.65, 51.8, 3.35], "rotation": [-180, -89.5, 180], "uv": [24, 31]},
						{"origin": [3.9, 51.1, -3.1], "size": [1.4, 1.4, 1.6], "inflate": -0.2, "pivot": [5, 52, 0.5], "rotation": [0, 12, 0], "uv": [0, 2]}
					]
				},
				{
					"name": "bone8",
					"parent": "bone7",
					"pivot": [0, 52, 4],
					"cubes": [
						{"origin": [-6.38359, 49.59056, 2.49719], "size": [12.6, 1.4, 19.4], "inflate": -0.2, "pivot": [5.36641, 50.39056, 4.54719], "rotation": [-86.00366, 0.50487, -0.13949], "uv": [0, 0]}
					]
				},
				{
					"name": "rightarm",
					"parent": "bone4",
					"pivot": [-5.5, 51.5, 1],
					"cubes": [
						{"origin": [-10, 44.3, -2], "size": [5, 8, 6], "inflate": -0.6, "uv": [52, 53], "mirror": true},
						{"origin": [-10.2, 42.2, -2.2], "size": [5.3, 4, 6.4], "inflate": -0.8, "uv": [0, 53], "mirror": true}
					]
				},
				{
					"name": "bone5",
					"parent": "rightarm",
					"pivot": [-7.6, 42.8, 3],
					"cubes": [
						{"origin": [-10.2, 34.2, -2.2], "size": [5.3, 6.8, 6.4], "inflate": -0.8, "uv": [60, 41], "mirror": true},
						{"origin": [-10.3, 29, -2.3], "size": [5.5, 7.9, 6.6], "inflate": -0.8, "uv": [66, 28], "mirror": true},
						{"origin": [-10.2, 39.2, -2.2], "size": [5.3, 4.7, 6.4], "inflate": -0.8, "uv": [0, 49], "mirror": true}
					]
				},
				{
					"name": "leftarm",
					"parent": "bone4",
					"pivot": [5.5, 51.5, 1],
					"cubes": [
						{"origin": [5, 44.3, -2], "size": [5, 8, 6], "inflate": -0.6, "uv": [52, 53]},
						{"origin": [4.9, 42.2, -2.2], "size": [5.3, 4, 6.4], "inflate": -0.8, "uv": [0, 53]}
					]
				},
				{
					"name": "bone6",
					"parent": "leftarm",
					"pivot": [7.9, 42.9, 3.4],
					"cubes": [
						{"origin": [4.9, 34.2, -2.2], "size": [5.3, 6.8, 6.4], "inflate": -0.8, "uv": [60, 41]},
						{"origin": [4.8, 29, -2.3], "size": [5.5, 7.9, 6.6], "inflate": -0.8, "uv": [66, 28]},
						{"origin": [4.9, 39.2, -2.2], "size": [5.3, 4.7, 6.4], "inflate": -0.8, "uv": [0, 49]}
					]
				},
				{
					"name": "neck",
					"parent": "bone4",
					"pivot": [-0.1, 51.5, 0],
					"cubes": [
						{"origin": [-1.6, 51.7, -0.5], "size": [2.7, 3.6, 2.7], "uv": [0, 20]}
					]
				},
				{
					"name": "head",
					"parent": "neck",
					"pivot": [-0.2, 53.8, 0.5],
					"cubes": [
						{"origin": [-4.2, 53.9, -3.5], "size": [8, 10.1, 8], "uv": [0, 31]}
					]
				},
				{
					"name": "bone3",
					"parent": "body",
					"pivot": [0, 30.9, 0],
					"cubes": [
						{"origin": [-5.2, 33, -2.2], "size": [10.4, 8.9, 6.3], "uv": [43, 0]}
					]
				},
				{
					"name": "bone9",
					"parent": "bone3",
					"pivot": [0, 30.9, 0],
					"cubes": [
						{"origin": [-5.4, 27.6, -2], "size": [10.9, 6, 6], "uv": [26, 47]},
						{"origin": [-1.5, 30.9, -3.8], "size": [3, 2.7, 1], "uv": [10, 13]},
						{"origin": [-6, 30.7, -3], "size": [12, 3, 8], "uv": [0, 20]}
					]
				},
				{
					"name": "leftleg",
					"parent": "bone3",
					"pivot": [3, 27.5, 1],
					"cubes": [
						{"origin": [0.9, 13.9, -1.2], "size": [4.2, 4.6, 4.3], "uv": [75, 0]},
						{"origin": [0.4, 18.5, -1.3], "size": [5, 9.5, 4.5], "uv": [54, 67]}
					]
				},
				{
					"name": "bone",
					"parent": "leftleg",
					"pivot": [3.2, 14, -0.8],
					"cubes": [
						{"origin": [1, 7, -1], "size": [4, 6.9, 4], "uv": [72, 69]},
						{"origin": [1.2, 2, -0.7], "size": [3.6, 5, 3.4], "uv": [0, 80]}
					]
				},
				{
					"name": "bone11",
					"parent": "bone",
					"pivot": [3, 2, 1.1],
					"cubes": [
						{"origin": [1, 0, -3], "size": [4, 2, 6], "uv": [68, 61]}
					]
				},
				{
					"name": "rightleg",
					"parent": "bone3",
					"pivot": [-2.7, 27.7, 0.4],
					"cubes": [
						{"origin": [-5.1, 13.9, -1.2], "size": [4.2, 4.6, 4.3], "uv": [74, 53]},
						{"origin": [-5.4, 18.5, -1.3], "size": [5.1, 9.5, 4.5], "uv": [0, 0]}
					]
				},
				{
					"name": "bone2",
					"parent": "rightleg",
					"pivot": [-2.9, 13.8, -0.6],
					"cubes": [
						{"origin": [-5, 7, -1], "size": [4, 6.9, 4], "uv": [72, 10]},
						{"origin": [-4.8, 2, -0.7], "size": [3.6, 5, 3.4], "uv": [69, 79]}
					]
				},
				{
					"name": "bone10",
					"parent": "bone2",
					"pivot": [-2.9, 1.8, 1.4],
					"cubes": [
						{"origin": [-5, 0, -3], "size": [4, 2, 6], "uv": [32, 20]}
					]
				}
			]
		}
	]
}