{
	"format_version": "1.10.0",
	"geometry.pain": {
		"texturewidth": 64,
		"textureheight": 64,
		"visible_bounds_width": 3,
		"visible_bounds_height": 3.5,
		"visible_bounds_offset": [0, 1.25, 0],
		"bones": [
			{
				"name": "all",
				"pivot": [0, 0, 0]
			},
			{
				"name": "Body",
				"parent": "all",
				"pivot": [0, 11.6, 0],
				"cubes": [
					{"origin": [-4, 12, -2], "size": [8, 4, 4], "uv": [16, 24]}
				]
			},
			{
				"name": "bone6",
				"parent": "Body",
				"pivot": [0, 15.9, 0],
				"cubes": [
					{"origin": [-4, 16, -2], "size": [8, 4, 4], "uv": [16, 20]}
				]
			},
			{
				"name": "bone7",
				"parent": "bone6",
				"pivot": [0, 19.8, 0],
				"cubes": [
					{"origin": [-4, 20, -2], "size": [8, 4, 4], "uv": [16, 16]}
				]
			},
			{
				"name": "RightArm",
				"parent": "bone7",
				"pivot": [-5, 22, 0],
				"cubes": [
					{"origin": [-8, 18, -2], "size": [4, 6, 4], "uv": [40, 16]}
				]
			},
			{
				"name": "bone2",
				"parent": "RightArm",
				"pivot": [-6, 17.8, 1.8],
				"cubes": [
					{"origin": [-8, 12, -2], "size": [4, 6, 4], "uv": [40, 22]}
				]
			},
			{
				"name": "bone",
				"parent": "RightArm",
				"pivot": [-5, 22, 0]
			},
			{
				"name": "LeftArm",
				"parent": "bone7",
				"pivot": [5, 22, 0],
				"cubes": [
					{"origin": [4, 18, -2], "size": [4, 6, 4], "uv": [32, 48]}
				]
			},
			{
				"name": "bone3",
				"parent": "LeftArm",
				"pivot": [6, 18.2, 2],
				"cubes": [
					{"origin": [4, 12, -2], "size": [4, 6, 4], "uv": [32, 54]}
				]
			},
			{
				"name": "Head",
				"parent": "bone7",
				"pivot": [0, 24, 0],
				"cubes": [
					{"origin": [-4, 24, -4], "size": [8, 8, 8], "uv": [0, 0]}
				]
			},
			{
				"name": "RightLeg",
				"parent": "all",
				"pivot": [-1.9, 12, 0],
				"cubes": [
					{"origin": [-3.9, 6, -2], "size": [4, 6, 4], "uv": [0, 16]}
				]
			},
			{
				"name": "bone5",
				"parent": "RightLeg",
				"pivot": [-1.9, 6, -1.5],
				"cubes": [
					{"origin": [-3.9, 0, -2], "size": [4, 6, 4], "uv": [0, 22]}
				]
			},
			{
				"name": "LeftLeg",
				"parent": "all",
				"pivot": [1.9, 12, 0],
				"cubes": [
					{"origin": [-0.1, 6, -2], "size": [4, 6, 4], "uv": [16, 48]}
				]
			},
			{
				"name": "bone4",
				"parent": "LeftLeg",
				"pivot": [1.9, 5.8, -2],
				"cubes": [
					{"origin": [-0.1, 0, -2], "size": [4, 6, 4], "uv": [16, 54]}
				]
			}
		]
	}
}