{
	"format_version": "1.12.0",
	"minecraft:geometry": [
		{
			"description": {
				"identifier": "geometry.rasengan",
				"texture_width": 16,
				"texture_height": 16,
				"visible_bounds_width": 2,
				"visible_bounds_height": 2.5,
				"visible_bounds_offset": [0, 0.75, 0]
			},
			"bones": [
				{
					"name": "rasengan",
					"pivot": [0, 4, 0]
				},
				{
					"name": "bone",
					"parent": "rasengan",
					"pivot": [0, 0, 0],
					"cubes": [
						{"origin": [3.35701, 4.2751, 0], "size": [2, 1, 1], "pivot": [4.35701, 5.2751, 0], "rotation": [0, 0, 75], "uv": [0, 0], "mirror": true},
						{"origin": [3.35701, 3.34325, 0], "size": [2, 1, 1], "pivot": [4.35701, 3.34325, 0], "rotation": [0, 0, -75], "uv": [0, 0], "mirror": true},
						{"origin": [-5.35701, 3.34325, 0], "size": [2, 1, 1], "pivot": [-4.35701, 3.34325, 0], "rotation": [0, 0, 75], "uv": [0, 0]},
						{"origin": [-5.35701, 4.2751, 0], "size": [2, 1, 1], "pivot": [-4.35701, 5.2751, 0], "rotation": [0, 0, -75], "uv": [0, 0]},
						{"origin": [2.4554, 6.00707, 0], "size": [2, 1, 1], "pivot": [3.4554, 7.00707, 0], "rotation": [0, 0, 50], "uv": [0, 0], "mirror": true},
						{"origin": [2.4554, 1.61128, 0], "size": [2, 1, 1], "pivot": [3.4554, 1.61128, 0], "rotation": [0, 0, -50], "uv": [0, 0], "mirror": true},
						{"origin": [-4.4554, 6.00707, 0], "size": [2, 1, 1], "pivot": [-3.4554, 7.00707, 0], "rotation": [0, 0, -50], "uv": [0, 0]},
						{"origin": [-4.4554, 1.61128, 0], "size": [2, 1, 1], "pivot": [-3.4554, 1.61128, 0], "rotation": [0, 0, 50], "uv": [0, 0]},
						{"origin": [0.90631, 7.19574, 0], "size": [2, 1, 1], "pivot": [1.90631, 8.19574, 0], "rotation": [0, 0, 25], "uv": [0, 0], "mirror": true},
						{"origin": [0.90631, 0.42262, 0], "size": [2, 1, 1], "pivot": [1.90631, 0.42262, 0], "rotation": [0, 0, -25], "uv": [0, 0], "mirror": true},
						{"origin": [-2.90631, 7.19574, 0], "size": [2, 1, 1], "pivot": [-1.90631, 8.19574, 0], "rotation": [0, 0, -25], "uv": [0, 0]},
						{"origin": [-1, 7.61835, 0], "size": [2, 1, 1], "uv": [0, 0], "mirror": true},
						{"origin": [-2.90631, 0.42262, 0], "size": [2, 1, 1], "pivot": [-1.90631, 0.42262, 0], "rotation": [0, 0, 25], "uv": [0, 0]},
						{"origin": [-1, 0, 0], "size": [2, 1, 1], "uv": [0, 0], "mirror": true}
					]
				},
				{
					"name": "bone2",
					"parent": "rasengan",
					"pivot": [0, 4.30918, 0.5],
					"rotation": [0, -12.5, 0],
					"cubes": [
						{"origin": [3.35701, 4.2751, 0], "size": [2, 1, 1], "pivot": [4.35701, 5.2751, 0], "rotation": [0, 0, 75], "uv": [0, 0], "mirror": true},
						{"origin": [3.35701, 3.34325, 0], "size": [2, 1, 1], "pivot": [4.35701, 3.34325, 0], "rotation": [0, 0, -75], "uv": [0, 0], "mirror": true},
						{"origin": [-5.35701, 3.34325, 0], "size": [2, 1, 1], "pivot": [-4.35701, 3.34325, 0], "rotation": [0, 0, 75], "uv": [0, 0]},
						{"origin": [-5.35701, 4.2751, 0], "size": [2, 1, 1], "pivot": [-4.35701, 5.2751, 0], "rotation": [0, 0, -75], "uv": [0, 0]},
						{"origin": [2.4554, 6.00707, 0], "size": [2, 1, 1], "pivot": [3.4554, 7.00707, 0], "rotation": [0, 0, 50], "uv": [0, 0], "mirror": true},
						{"origin": [2.4554, 1.61128, 0], "size": [2, 1, 1], "pivot": [3.4554, 1.61128, 0], "rotation": [0, 0, -50], "uv": [0, 0], "mirror": true},
						{"origin": [-4.4554, 6.00707, 0], "size": [2, 1, 1], "pivot": [-3.4554, 7.00707, 0], "rotation": [0, 0, -50], "uv": [0, 0]},
						{"origin": [-4.4554, 1.61128, 0], "size": [2, 1, 1], "pivot": [-3.4554, 1.61128, 0], "rotation": [0, 0, 50], "uv": [0, 0]},
						{"origin": [0.90631, 7.19574, 0], "size": [2, 1, 1], "pivot": [1.90631, 8.19574, 0], "rotation": [0, 0, 25], "uv": [0, 0], "mirror": true},
						{"origin": [0.90631, 0.42262, 0], "size": [2, 1, 1], "pivot": [1.90631, 0.42262, 0], "rotation": [0, 0, -25], "uv": [0, 0], "mirror": true},
						{"origin": [-2.90631, 7.19574, 0], "size": [2, 1, 1], "pivot": [-1.90631, 8.19574, 0], "rotation": [0, 0, -25], "uv": [0, 0]},
						{"origin": [-1, 7.61835, 0], "size": [2, 1, 1], "uv": [0, 0], "mirror": true},
						{"origin": [-2.90631, 0.42262, 0], "size": [2, 1, 1], "pivot": [-1.90631, 0.42262, 0], "rotation": [0, 0, 25], "uv": [0, 0]},
						{"origin": [-1, 0, 0], "size": [2, 1, 1], "uv": [0, 0], "mirror": true}
					]
				},
				{
					"name": "bone3",
					"parent": "rasengan",
					"pivot": [0, 4.30918, 0.5],
					"rotation": [0, -25, 0],
					"cubes": [
						{"origin": [3.35701, 4.2751, 0], "size": [2, 1, 1], "pivot": [4.35701, 5.2751, 0], "rotation": [0, 0, 75], "uv": [0, 0], "mirror": true},
						{"origin": [3.35701, 3.34325, 0], "size": [2, 1, 1], "pivot": [4.35701, 3.34325, 0], "rotation": [0, 0, -75], "uv": [0, 0], "mirror": true},
						{"origin": [-5.35701, 3.34325, 0], "size": [2, 1, 1], "pivot": [-4.35701, 3.34325, 0], "rotation": [0, 0, 75], "uv": [0, 0]},
						{"origin": [-5.35701, 4.2751, 0], "size": [2, 1, 1], "pivot": [-4.35701, 5.2751, 0], "rotation": [0, 0, -75], "uv": [0, 0]},
						{"origin": [2.4554, 6.00707, 0], "size": [2, 1, 1], "pivot": [3.4554, 7.00707, 0], "rotation": [0, 0, 50], "uv": [0, 0], "mirror": true},
						{"origin": [2.4554, 1.61128, 0], "size": [2, 1, 1], "pivot": [3.4554, 1.61128, 0], "rotation": [0, 0, -50], "uv": [0, 0], "mirror": true},
						{"origin": [-4.4554, 6.00707, 0], "size": [2, 1, 1], "pivot": [-3.4554, 7.00707, 0], "rotation": [0, 0, -50], "uv": [0, 0]},
						{"origin": [-4.4554, 1.61128, 0], "size": [2, 1, 1], "pivot": [-3.4554, 1.61128, 0], "rotation": [0, 0, 50], "uv": [0, 0]},
						{"origin": [0.90631, 7.19574, 0], "size": [2, 1, 1], "pivot": [1.90631, 8.19574, 0], "rotation": [0, 0, 25], "uv": [0, 0], "mirror": true},
						{"origin": [0.90631, 0.42262, 0], "size": [2, 1, 1], "pivot": [1.90631, 0.42262, 0], "rotation": [0, 0, -25], "uv": [0, 0], "mirror": true},
						{"origin": [-2.90631, 7.19574, 0], "size": [2, 1, 1], "pivot": [-1.90631, 8.19574, 0], "rotation": [0, 0, -25], "uv": [0, 0]},
						{"origin": [-1, 7.61835, 0], "size": [2, 1, 1], "uv": [0, 0], "mirror": true},
						{"origin": [-2.90631, 0.42262, 0], "size": [2, 1, 1], "pivot": [-1.90631, 0.42262, 0], "rotation": [0, 0, 25], "uv": [0, 0]},
						{"origin": [-1, 0, 0], "size": [2, 1, 1], "uv": [0, 0], "mirror": true}
					]
				},
				{
					"name": "bone4",
					"parent": "rasengan",
					"pivot": [0, 4.30918, 0.5],
					"rotation": [0, -37.5, 0],
					"cubes": [
						{"origin": [3.35701, 4.2751, 0], "size": [2, 1, 1], "pivot": [4.35701, 5.2751, 0], "rotation": [0, 0, 75], "uv": [0, 0], "mirror": true},
						{"origin": [3.35701, 3.34325, 0], "size": [2, 1, 1], "pivot": [4.35701, 3.34325, 0], "rotation": [0, 0, -75], "uv": [0, 0], "mirror": true},
						{"origin": [-5.35701, 3.34325, 0], "size": [2, 1, 1], "pivot": [-4.35701, 3.34325, 0], "rotation": [0, 0, 75], "uv": [0, 0]},
						{"origin": [-5.35701, 4.2751, 0], "size": [2, 1, 1], "pivot": [-4.35701, 5.2751, 0], "rotation": [0, 0, -75], "uv": [0, 0]},
						{"origin": [2.4554, 6.00707, 0], "size": [2, 1, 1], "pivot": [3.4554, 7.00707, 0], "rotation": [0, 0, 50], "uv": [0, 0], "mirror": true},
						{"origin": [2.4554, 1.61128, 0], "size": [2, 1, 1], "pivot": [3.4554, 1.61128, 0], "rotation": [0, 0, -50], "uv": [0, 0], "mirror": true},
						{"origin": [-4.4554, 6.00707, 0], "size": [2, 1, 1], "pivot": [-3.4554, 7.00707, 0], "rotation": [0, 0, -50], "uv": [0, 0]},
						{"origin": [-4.4554, 1.61128, 0], "size": [2, 1, 1], "pivot": [-3.4554, 1.61128, 0], "rotation": [0, 0, 50], "uv": [0, 0]},
						{"origin": [0.90631, 7.19574, 0], "size": [2, 1, 1], "pivot": [1.90631, 8.19574, 0], "rotation": [0, 0, 25], "uv": [0, 0], "mirror": true},
						{"origin": [0.90631, 0.42262, 0], "size": [2, 1, 1], "pivot": [1.90631, 0.42262, 0], "rotation": [0, 0, -25], "uv": [0, 0], "mirror": true},
						{"origin": [-2.90631, 7.19574, 0], "size": [2, 1, 1], "pivot": [-1.90631, 8.19574, 0], "rotation": [0, 0, -25], "uv": [0, 0]},
						{"origin": [-1, 7.61835, 0], "size": [2, 1, 1], "uv": [0, 0], "mirror": true},
						{"origin": [-2.90631, 0.42262, 0], "size": [2, 1, 1], "pivot": [-1.90631, 0.42262, 0], "rotation": [0, 0, 25], "uv": [0, 0]},
						{"origin": [-1, 0, 0], "size": [2, 1, 1], "uv": [0, 0], "mirror": true}
					]
				},
				{
					"name": "bone5",
					"parent": "rasengan",
					"pivot": [0, 4.30918, 0.5],
					"rotation": [0, -50, 0],
					"cubes": [
						{"origin": [3.35701, 4.2751, 0], "size": [2, 1, 1], "pivot": [4.35701, 5.2751, 0], "rotation": [0, 0, 75], "uv": [0, 0], "mirror": true},
						{"origin": [3.35701, 3.34325, 0], "size": [2, 1, 1], "pivot": [4.35701, 3.34325, 0], "rotation": [0, 0, -75], "uv": [0, 0], "mirror": true},
						{"origin": [-5.35701, 3.34325, 0], "size": [2, 1, 1], "pivot": [-4.35701, 3.34325, 0], "rotation": [0, 0, 75], "uv": [0, 0]},
						{"origin": [-5.35701, 4.2751, 0], "size": [2, 1, 1], "pivot": [-4.35701, 5.2751, 0], "rotation": [0, 0, -75], "uv": [0, 0]},
						{"origin": [2.4554, 6.00707, 0], "size": [2, 1, 1], "pivot": [3.4554, 7.00707, 0], "rotation": [0, 0, 50], "uv": [0, 0], "mirror": true},
						{"origin": [2.4554, 1.61128, 0], "size": [2, 1, 1], "pivot": [3.4554, 1.61128, 0], "rotation": [0, 0, -50], "uv": [0, 0], "mirror": true},
						{"origin": [-4.4554, 6.00707, 0], "size": [2, 1, 1], "pivot": [-3.4554, 7.00707, 0], "rotation": [0, 0, -50], "uv": [0, 0]},
						{"origin": [-4.4554, 1.61128, 0], "size": [2, 1, 1], "pivot": [-3.4554, 1.61128, 0], "rotation": [0, 0, 50], "uv": [0, 0]},
						{"origin": [0.90631, 7.19574, 0], "size": [2, 1, 1], "pivot": [1.90631, 8.19574, 0], "rotation": [0, 0, 25], "uv": [0, 0], "mirror": true},
						{"origin": [0.90631, 0.42262, 0], "size": [2, 1, 1], "pivot": [1.90631, 0.42262, 0], "rotation": [0, 0, -25], "uv": [0, 0], "mirror": true},
						{"origin": [-2.90631, 7.19574, 0], "size": [2, 1, 1], "pivot": [-1.90631, 8.19574, 0], "rotation": [0, 0, -25], "uv": [0, 0]},
						{"origin": [-1, 7.61835, 0], "size": [2, 1, 1], "uv": [0, 0], "mirror": true},
						{"origin": [-2.90631, 0.42262, 0], "size": [2, 1, 1], "pivot": [-1.90631, 0.42262, 0], "rotation": [0, 0, 25], "uv": [0, 0]},
						{"origin": [-1, 0, 0], "size": [2, 1, 1], "uv": [0, 0], "mirror": true}
					]
				},
				{
					"name": "bone6",
					"parent": "rasengan",
					"pivot": [0, 4.30918, 0.5],
					"rotation": [0, -62.5, 0],
					"cubes": [
						{"origin": [3.35701, 4.2751, 0], "size": [2, 1, 1], "pivot": [4.35701, 5.2751, 0], "rotation": [0, 0, 75], "uv": [0, 0], "mirror": true},
						{"origin": [3.35701, 3.34325, 0], "size": [2, 1, 1], "pivot": [4.35701, 3.34325, 0], "rotation": [0, 0, -75], "uv": [0, 0], "mirror": true},
						{"origin": [-5.35701, 3.34325, 0], "size": [2, 1, 1], "pivot": [-4.35701, 3.34325, 0], "rotation": [0, 0, 75], "uv": [0, 0]},
						{"origin": [-5.35701, 4.2751, 0], "size": [2, 1, 1], "pivot": [-4.35701, 5.2751, 0], "rotation": [0, 0, -75], "uv": [0, 0]},
						{"origin": [2.4554, 6.00707, 0], "size": [2, 1, 1], "pivot": [3.4554, 7.00707, 0], "rotation": [0, 0, 50], "uv": [0, 0], "mirror": true},
						{"origin": [2.4554, 1.61128, 0], "size": [2, 1, 1], "pivot": [3.4554, 1.61128, 0], "rotation": [0, 0, -50], "uv": [0, 0], "mirror": true},
						{"origin": [-4.4554, 6.00707, 0], "size": [2, 1, 1], "pivot": [-3.4554, 7.00707, 0], "rotation": [0, 0, -50], "uv": [0, 0]},
						{"origin": [-4.4554, 1.61128, 0], "size": [2, 1, 1], "pivot": [-3.4554, 1.61128, 0], "rotation": [0, 0, 50], "uv": [0, 0]},
						{"origin": [0.90631, 7.19574, 0], "size": [2, 1, 1], "pivot": [1.90631, 8.19574, 0], "rotation": [0, 0, 25], "uv": [0, 0], "mirror": true},
						{"origin": [0.90631, 0.42262, 0], "size": [2, 1, 1], "pivot": [1.90631, 0.42262, 0], "rotation": [0, 0, -25], "uv": [0, 0], "mirror": true},
						{"origin": [-2.90631, 7.19574, 0], "size": [2, 1, 1], "pivot": [-1.90631, 8.19574, 0], "rotation": [0, 0, -25], "uv": [0, 0]},
						{"origin": [-1, 7.61835, 0], "size": [2, 1, 1], "uv": [0, 0], "mirror": true},
						{"origin": [-2.90631, 0.42262, 0], "size": [2, 1, 1], "pivot": [-1.90631, 0.42262, 0], "rotation": [0, 0, 25], "uv": [0, 0]},
						{"origin": [-1, 0, 0], "size": [2, 1, 1], "uv": [0, 0], "mirror": true}
					]
				},
				{
					"name": "bone7",
					"parent": "rasengan",
					"pivot": [0, 4.30918, 0.5],
					"rotation": [0, -75, 0],
					"cubes": [
						{"origin": [3.35701, 4.2751, 0], "size": [2, 1, 1], "pivot": [4.35701, 5.2751, 0], "rotation": [0, 0, 75], "uv": [0, 0], "mirror": true},
						{"origin": [3.35701, 3.34325, 0], "size": [2, 1, 1], "pivot": [4.35701, 3.34325, 0], "rotation": [0, 0, -75], "uv": [0, 0], "mirror": true},
						{"origin": [-5.35701, 3.34325, 0], "size": [2, 1, 1], "pivot": [-4.35701, 3.34325, 0], "rotation": [0, 0, 75], "uv": [0, 0]},
						{"origin": [-5.35701, 4.2751, 0], "size": [2, 1, 1], "pivot": [-4.35701, 5.2751, 0], "rotation": [0, 0, -75], "uv": [0, 0]},
						{"origin": [2.4554, 6.00707, 0], "size": [2, 1, 1], "pivot": [3.4554, 7.00707, 0], "rotation": [0, 0, 50], "uv": [0, 0], "mirror": true},
						{"origin": [2.4554, 1.61128, 0], "size": [2, 1, 1], "pivot": [3.4554, 1.61128, 0], "rotation": [0, 0, -50], "uv": [0, 0], "mirror": true},
						{"origin": [-4.4554, 6.00707, 0], "size": [2, 1, 1], "pivot": [-3.4554, 7.00707, 0], "rotation": [0, 0, -50], "uv": [0, 0]},
						{"origin": [-4.4554, 1.61128, 0], "size": [2, 1, 1], "pivot": [-3.4554, 1.61128, 0], "rotation": [0, 0, 50], "uv": [0, 0]},
						{"origin": [0.90631, 7.19574, 0], "size": [2, 1, 1], "pivot": [1.90631, 8.19574, 0], "rotation": [0, 0, 25], "uv": [0, 0], "mirror": true},
						{"origin": [0.90631, 0.42262, 0], "size": [2, 1, 1], "pivot": [1.90631, 0.42262, 0], "rotation": [0, 0, -25], "uv": [0, 0], "mirror": true},
						{"origin": [-2.90631, 7.19574, 0], "size": [2, 1, 1], "pivot": [-1.90631, 8.19574, 0], "rotation": [0, 0, -25], "uv": [0, 0]},
						{"origin": [-1, 7.61835, 0], "size": [2, 1, 1], "uv": [0, 0], "mirror": true},
						{"origin": [-2.90631, 0.42262, 0], "size": [2, 1, 1], "pivot": [-1.90631, 0.42262, 0], "rotation": [0, 0, 25], "uv": [0, 0]},
						{"origin": [-1, 0, 0], "size": [2, 1, 1], "uv": [0, 0], "mirror": true}
					]
				},
				{
					"name": "bone8",
					"parent": "rasengan",
					"pivot": [0, 4.30918, 0.5],
					"rotation": [0, -87.5, 0],
					"cubes": [
						{"origin": [3.35701, 4.2751, 0], "size": [2, 1, 1], "pivot": [4.35701, 5.2751, 0], "rotation": [0, 0, 75], "uv": [0, 0], "mirror": true},
						{"origin": [3.35701, 3.34325, 0], "size": [2, 1, 1], "pivot": [4.35701, 3.34325, 0], "rotation": [0, 0, -75], "uv": [0, 0], "mirror": true},
						{"origin": [-5.35701, 3.34325, 0], "size": [2, 1, 1], "pivot": [-4.35701, 3.34325, 0], "rotation": [0, 0, 75], "uv": [0, 0]},
						{"origin": [-5.35701, 4.2751, 0], "size": [2, 1, 1], "pivot": [-4.35701, 5.2751, 0], "rotation": [0, 0, -75], "uv": [0, 0]},
						{"origin": [2.4554, 6.00707, 0], "size": [2, 1, 1], "pivot": [3.4554, 7.00707, 0], "rotation": [0, 0, 50], "uv": [0, 0], "mirror": true},
						{"origin": [2.4554, 1.61128, 0], "size": [2, 1, 1], "pivot": [3.4554, 1.61128, 0], "rotation": [0, 0, -50], "uv": [0, 0], "mirror": true},
						{"origin": [-4.4554, 6.00707, 0], "size": [2, 1, 1], "pivot": [-3.4554, 7.00707, 0], "rotation": [0, 0, -50], "uv": [0, 0]},
						{"origin": [-4.4554, 1.61128, 0], "size": [2, 1, 1], "pivot": [-3.4554, 1.61128, 0], "rotation": [0, 0, 50], "uv": [0, 0]},
						{"origin": [0.90631, 7.19574, 0], "size": [2, 1, 1], "pivot": [1.90631, 8.19574, 0], "rotation": [0, 0, 25], "uv": [0, 0], "mirror": true},
						{"origin": [0.90631, 0.42262, 0], "size": [2, 1, 1], "pivot": [1.90631, 0.42262, 0], "rotation": [0, 0, -25], "uv": [0, 0], "mirror": true},
						{"origin": [-2.90631, 7.19574, 0], "size": [2, 1, 1], "pivot": [-1.90631, 8.19574, 0], "rotation": [0, 0, -25], "uv": [0, 0]},
						{"origin": [-1, 7.61835, 0], "size": [2, 1, 1], "uv": [0, 0], "mirror": true},
						{"origin": [-2.90631, 0.42262, 0], "size": [2, 1, 1], "pivot": [-1.90631, 0.42262, 0], "rotation": [0, 0, 25], "uv": [0, 0]},
						{"origin": [-1, 0, 0], "size": [2, 1, 1], "uv": [0, 0], "mirror": true}
					]
				},
				{
					"name": "bone9",
					"parent": "rasengan",
					"pivot": [0, 4.30918, 0.5],
					"rotation": [0, -100, 0],
					"cubes": [
						{"origin": [3.35701, 4.2751, 0], "size": [2, 1, 1], "pivot": [4.35701, 5.2751, 0], "rotation": [0, 0, 75], "uv": [0, 0], "mirror": true},
						{"origin": [3.35701, 3.34325, 0], "size": [2, 1, 1], "pivot": [4.35701, 3.34325, 0], "rotation": [0, 0, -75], "uv": [0, 0], "mirror": true},
						{"origin": [-5.35701, 3.34325, 0], "size": [2, 1, 1], "pivot": [-4.35701, 3.34325, 0], "rotation": [0, 0, 75], "uv": [0, 0]},
						{"origin": [-5.35701, 4.2751, 0], "size": [2, 1, 1], "pivot": [-4.35701, 5.2751, 0], "rotation": [0, 0, -75], "uv": [0, 0]},
						{"origin": [2.4554, 6.00707, 0], "size": [2, 1, 1], "pivot": [3.4554, 7.00707, 0], "rotation": [0, 0, 50], "uv": [0, 0], "mirror": true},
						{"origin": [2.4554, 1.61128, 0], "size": [2, 1, 1], "pivot": [3.4554, 1.61128, 0], "rotation": [0, 0, -50], "uv": [0, 0], "mirror": true},
						{"origin": [-4.4554, 6.00707, 0], "size": [2, 1, 1], "pivot": [-3.4554, 7.00707, 0], "rotation": [0, 0, -50], "uv": [0, 0]},
						{"origin": [-4.4554, 1.61128, 0], "size": [2, 1, 1], "pivot": [-3.4554, 1.61128, 0], "rotation": [0, 0, 50], "uv": [0, 0]},
						{"origin": [0.90631, 7.19574, 0], "size": [2, 1, 1], "pivot": [1.90631, 8.19574, 0], "rotation": [0, 0, 25], "uv": [0, 0], "mirror": true},
						{"origin": [0.90631, 0.42262, 0], "size": [2, 1, 1], "pivot": [1.90631, 0.42262, 0], "rotation": [0, 0, -25], "uv": [0, 0], "mirror": true},
						{"origin": [-2.90631, 7.19574, 0], "size": [2, 1, 1], "pivot": [-1.90631, 8.19574, 0], "rotation": [0, 0, -25], "uv": [0, 0]},
						{"origin": [-1, 7.61835, 0], "size": [2, 1, 1], "uv": [0, 0], "mirror": true},
						{"origin": [-2.90631, 0.42262, 0], "size": [2, 1, 1], "pivot": [-1.90631, 0.42262, 0], "rotation": [0, 0, 25], "uv": [0, 0]},
						{"origin": [-1, 0, 0], "size": [2, 1, 1], "uv": [0, 0], "mirror": true}
					]
				},
				{
					"name": "bone10",
					"parent": "rasengan",
					"pivot": [0, 4.30918, 0.5],
					"rotation": [0, -112.5, 0],
					"cubes": [
						{"origin": [3.35701, 4.2751, 0], "size": [2, 1, 1], "pivot": [4.35701, 5.2751, 0], "rotation": [0, 0, 75], "uv": [0, 0], "mirror": true},
						{"origin": [3.35701, 3.34325, 0], "size": [2, 1, 1], "pivot": [4.35701, 3.34325, 0], "rotation": [0, 0, -75], "uv": [0, 0], "mirror": true},
						{"origin": [-5.35701, 3.34325, 0], "size": [2, 1, 1], "pivot": [-4.35701, 3.34325, 0], "rotation": [0, 0, 75], "uv": [0, 0]},
						{"origin": [-5.35701, 4.2751, 0], "size": [2, 1, 1], "pivot": [-4.35701, 5.2751, 0], "rotation": [0, 0, -75], "uv": [0, 0]},
						{"origin": [2.4554, 6.00707, 0], "size": [2, 1, 1], "pivot": [3.4554, 7.00707, 0], "rotation": [0, 0, 50], "uv": [0, 0], "mirror": true},
						{"origin": [2.4554, 1.61128, 0], "size": [2, 1, 1], "pivot": [3.4554, 1.61128, 0], "rotation": [0, 0, -50], "uv": [0, 0], "mirror": true},
						{"origin": [-4.4554, 6.00707, 0], "size": [2, 1, 1], "pivot": [-3.4554, 7.00707, 0], "rotation": [0, 0, -50], "uv": [0, 0]},
						{"origin": [-4.4554, 1.61128, 0], "size": [2, 1, 1], "pivot": [-3.4554, 1.61128, 0], "rotation": [0, 0, 50], "uv": [0, 0]},
						{"origin": [0.90631, 7.19574, 0], "size": [2, 1, 1], "pivot": [1.90631, 8.19574, 0], "rotation": [0, 0, 25], "uv": [0, 0], "mirror": true},
						{"origin": [0.90631, 0.42262, 0], "size": [2, 1, 1], "pivot": [1.90631, 0.42262, 0], "rotation": [0, 0, -25], "uv": [0, 0], "mirror": true},
						{"origin": [-2.90631, 7.19574, 0], "size": [2, 1, 1], "pivot": [-1.90631, 8.19574, 0], "rotation": [0, 0, -25], "uv": [0, 0]},
						{"origin": [-1, 7.61835, 0], "size": [2, 1, 1], "uv": [0, 0], "mirror": true},
						{"origin": [-2.90631, 0.42262, 0], "size": [2, 1, 1], "pivot": [-1.90631, 0.42262, 0], "rotation": [0, 0, 25], "uv": [0, 0]},
						{"origin": [-1, 0, 0], "size": [2, 1, 1], "uv": [0, 0], "mirror": true}
					]
				},
				{
					"name": "bone11",
					"parent": "rasengan",
					"pivot": [0, 4.30918, 0.5],
					"rotation": [0, -125, 0],
					"cubes": [
						{"origin": [3.35701, 4.2751, 0], "size": [2, 1, 1], "pivot": [4.35701, 5.2751, 0], "rotation": [0, 0, 75], "uv": [0, 0], "mirror": true},
						{"origin": [3.35701, 3.34325, 0], "size": [2, 1, 1], "pivot": [4.35701, 3.34325, 0], "rotation": [0, 0, -75], "uv": [0, 0], "mirror": true},
						{"origin": [-5.35701, 3.34325, 0], "size": [2, 1, 1], "pivot": [-4.35701, 3.34325, 0], "rotation": [0, 0, 75], "uv": [0, 0]},
						{"origin": [-5.35701, 4.2751, 0], "size": [2, 1, 1], "pivot": [-4.35701, 5.2751, 0], "rotation": [0, 0, -75], "uv": [0, 0]},
						{"origin": [2.4554, 6.00707, 0], "size": [2, 1, 1], "pivot": [3.4554, 7.00707, 0], "rotation": [0, 0, 50], "uv": [0, 0], "mirror": true},
						{"origin": [2.4554, 1.61128, 0], "size": [2, 1, 1], "pivot": [3.4554, 1.61128, 0], "rotation": [0, 0, -50], "uv": [0, 0], "mirror": true},
						{"origin": [-4.4554, 6.00707, 0], "size": [2, 1, 1], "pivot": [-3.4554, 7.00707, 0], "rotation": [0, 0, -50], "uv": [0, 0]},
						{"origin": [-4.4554, 1.61128, 0], "size": [2, 1, 1], "pivot": [-3.4554, 1.61128, 0], "rotation": [0, 0, 50], "uv": [0, 0]},
						{"origin": [0.90631, 7.19574, 0], "size": [2, 1, 1], "pivot": [1.90631, 8.19574, 0], "rotation": [0, 0, 25], "uv": [0, 0], "mirror": true},
						{"origin": [0.90631, 0.42262, 0], "size": [2, 1, 1], "pivot": [1.90631, 0.42262, 0], "rotation": [0, 0, -25], "uv": [0, 0], "mirror": true},
						{"origin": [-2.90631, 7.19574, 0], "size": [2, 1, 1], "pivot": [-1.90631, 8.19574, 0], "rotation": [0, 0, -25], "uv": [0, 0]},
						{"origin": [-1, 7.61835, 0], "size": [2, 1, 1], "uv": [0, 0], "mirror": true},
						{"origin": [-2.90631, 0.42262, 0], "size": [2, 1, 1], "pivot": [-1.90631, 0.42262, 0], "rotation": [0, 0, 25], "uv": [0, 0]},
						{"origin": [-1, 0, 0], "size": [2, 1, 1], "uv": [0, 0], "mirror": true}
					]
				},
				{
					"name": "bone12",
					"parent": "rasengan",
					"pivot": [0, 4.30918, 0.5],
					"rotation": [0, -137.5, 0],
					"cubes": [
						{"origin": [3.35701, 4.2751, 0], "size": [2, 1, 1], "pivot": [4.35701, 5.2751, 0], "rotation": [0, 0, 75], "uv": [0, 0], "mirror": true},
						{"origin": [3.35701, 3.34325, 0], "size": [2, 1, 1], "pivot": [4.35701, 3.34325, 0], "rotation": [0, 0, -75], "uv": [0, 0], "mirror": true},
						{"origin": [-5.35701, 3.34325, 0], "size": [2, 1, 1], "pivot": [-4.35701, 3.34325, 0], "rotation": [0, 0, 75], "uv": [0, 0]},
						{"origin": [-5.35701, 4.2751, 0], "size": [2, 1, 1], "pivot": [-4.35701, 5.2751, 0], "rotation": [0, 0, -75], "uv": [0, 0]},
						{"origin": [2.4554, 6.00707, 0], "size": [2, 1, 1], "pivot": [3.4554, 7.00707, 0], "rotation": [0, 0, 50], "uv": [0, 0], "mirror": true},
						{"origin": [2.4554, 1.61128, 0], "size": [2, 1, 1], "pivot": [3.4554, 1.61128, 0], "rotation": [0, 0, -50], "uv": [0, 0], "mirror": true},
						{"origin": [-4.4554, 6.00707, 0], "size": [2, 1, 1], "pivot": [-3.4554, 7.00707, 0], "rotation": [0, 0, -50], "uv": [0, 0]},
						{"origin": [-4.4554, 1.61128, 0], "size": [2, 1, 1], "pivot": [-3.4554, 1.61128, 0], "rotation": [0, 0, 50], "uv": [0, 0]},
						{"origin": [0.90631, 7.19574, 0], "size": [2, 1, 1], "pivot": [1.90631, 8.19574, 0], "rotation": [0, 0, 25], "uv": [0, 0], "mirror": true},
						{"origin": [0.90631, 0.42262, 0], "size": [2, 1, 1], "pivot": [1.90631, 0.42262, 0], "rotation": [0, 0, -25], "uv": [0, 0], "mirror": true},
						{"origin": [-2.90631, 7.19574, 0], "size": [2, 1, 1], "pivot": [-1.90631, 8.19574, 0], "rotation": [0, 0, -25], "uv": [0, 0]},
						{"origin": [-1, 7.61835, 0], "size": [2, 1, 1], "uv": [0, 0], "mirror": true},
						{"origin": [-2.90631, 0.42262, 0], "size": [2, 1, 1], "pivot": [-1.90631, 0.42262, 0], "rotation": [0, 0, 25], "uv": [0, 0]},
						{"origin": [-1, 0, 0], "size": [2, 1, 1], "uv": [0, 0], "mirror": true}
					]
				},
				{
					"name": "bone13",
					"parent": "rasengan",
					"pivot": [0, 4.30918, 0.5],
					"rotation": [0, -150, 0],
					"cubes": [
						{"origin": [3.35701, 4.2751, 0], "size": [2, 1, 1], "pivot": [4.35701, 5.2751, 0], "rotation": [0, 0, 75], "uv": [0, 0], "mirror": true},
						{"origin": [3.35701, 3.34325, 0], "size": [2, 1, 1], "pivot": [4.35701, 3.34325, 0], "rotation": [0, 0, -75], "uv": [0, 0], "mirror": true},
						{"origin": [-5.35701, 3.34325, 0], "size": [2, 1, 1], "pivot": [-4.35701, 3.34325, 0], "rotation": [0, 0, 75], "uv": [0, 0]},
						{"origin": [-5.35701, 4.2751, 0], "size": [2, 1, 1], "pivot": [-4.35701, 5.2751, 0], "rotation": [0, 0, -75], "uv": [0, 0]},
						{"origin": [2.4554, 6.00707, 0], "size": [2, 1, 1], "pivot": [3.4554, 7.00707, 0], "rotation": [0, 0, 50], "uv": [0, 0], "mirror": true},
						{"origin": [2.4554, 1.61128, 0], "size": [2, 1, 1], "pivot": [3.4554, 1.61128, 0], "rotation": [0, 0, -50], "uv": [0, 0], "mirror": true},
						{"origin": [-4.4554, 6.00707, 0], "size": [2, 1, 1], "pivot": [-3.4554, 7.00707, 0], "rotation": [0, 0, -50], "uv": [0, 0]},
						{"origin": [-4.4554, 1.61128, 0], "size": [2, 1, 1], "pivot": [-3.4554, 1.61128, 0], "rotation": [0, 0, 50], "uv": [0, 0]},
						{"origin": [0.90631, 7.19574, 0], "size": [2, 1, 1], "pivot": [1.90631, 8.19574, 0], "rotation": [0, 0, 25], "uv": [0, 0], "mirror": true},
						{"origin": [0.90631, 0.42262, 0], "size": [2, 1, 1], "pivot": [1.90631, 0.42262, 0], "rotation": [0, 0, -25], "uv": [0, 0], "mirror": true},
						{"origin": [-2.90631, 7.19574, 0], "size": [2, 1, 1], "pivot": [-1.90631, 8.19574, 0], "rotation": [0, 0, -25], "uv": [0, 0]},
						{"origin": [-1, 7.61835, 0], "size": [2, 1, 1], "uv": [0, 0], "mirror": true},
						{"origin": [-2.90631, 0.42262, 0], "size": [2, 1, 1], "pivot": [-1.90631, 0.42262, 0], "rotation": [0, 0, 25], "uv": [0, 0]},
						{"origin": [-1, 0, 0], "size": [2, 1, 1], "uv": [0, 0], "mirror": true}
					]
				},
				{
					"name": "bone14",
					"parent": "rasengan",
					"pivot": [0, 4.30918, 0.5],
					"rotation": [0, -162.5, 0],
					"cubes": [
						{"origin": [3.35701, 4.2751, 0], "size": [2, 1, 1], "pivot": [4.35701, 5.2751, 0], "rotation": [0, 0, 75], "uv": [0, 0], "mirror": true},
						{"origin": [3.35701, 3.34325, 0], "size": [2, 1, 1], "pivot": [4.35701, 3.34325, 0], "rotation": [0, 0, -75], "uv": [0, 0], "mirror": true},
						{"origin": [-5.35701, 3.34325, 0], "size": [2, 1, 1], "pivot": [-4.35701, 3.34325, 0], "rotation": [0, 0, 75], "uv": [0, 0]},
						{"origin": [-5.35701, 4.2751, 0], "size": [2, 1, 1], "pivot": [-4.35701, 5.2751, 0], "rotation": [0, 0, -75], "uv": [0, 0]},
						{"origin": [2.4554, 6.00707, 0], "size": [2, 1, 1], "pivot": [3.4554, 7.00707, 0], "rotation": [0, 0, 50], "uv": [0, 0], "mirror": true},
						{"origin": [2.4554, 1.61128, 0], "size": [2, 1, 1], "pivot": [3.4554, 1.61128, 0], "rotation": [0, 0, -50], "uv": [0, 0], "mirror": true},
						{"origin": [-4.4554, 6.00707, 0], "size": [2, 1, 1], "pivot": [-3.4554, 7.00707, 0], "rotation": [0, 0, -50], "uv": [0, 0]},
						{"origin": [-4.4554, 1.61128, 0], "size": [2, 1, 1], "pivot": [-3.4554, 1.61128, 0], "rotation": [0, 0, 50], "uv": [0, 0]},
						{"origin": [0.90631, 7.19574, 0], "size": [2, 1, 1], "pivot": [1.90631, 8.19574, 0], "rotation": [0, 0, 25], "uv": [0, 0], "mirror": true},
						{"origin": [0.90631, 0.42262, 0], "size": [2, 1, 1], "pivot": [1.90631, 0.42262, 0], "rotation": [0, 0, -25], "uv": [0, 0], "mirror": true},
						{"origin": [-2.90631, 7.19574, 0], "size": [2, 1, 1], "pivot": [-1.90631, 8.19574, 0], "rotation": [0, 0, -25], "uv": [0, 0]},
						{"origin": [-1, 7.61835, 0], "size": [2, 1, 1], "uv": [0, 0], "mirror": true},
						{"origin": [-2.90631, 0.42262, 0], "size": [2, 1, 1], "pivot": [-1.90631, 0.42262, 0], "rotation": [0, 0, 25], "uv": [0, 0]},
						{"origin": [-1, 0, 0], "size": [2, 1, 1], "uv": [0, 0], "mirror": true}
					]
				},
				{
					"name": "bone15",
					"parent": "rasengan",
					"pivot": [0, 4.30918, 0.5],
					"rotation": [0, -170, 0],
					"cubes": [
						{"origin": [3.35701, 4.2751, 0], "size": [2, 1, 1], "pivot": [4.35701, 5.2751, 0], "rotation": [0, 0, 75], "uv": [0, 0], "mirror": true},
						{"origin": [3.35701, 3.34325, 0], "size": [2, 1, 1], "pivot": [4.35701, 3.34325, 0], "rotation": [0, 0, -75], "uv": [0, 0], "mirror": true},
						{"origin": [-5.35701, 3.34325, 0], "size": [2, 1, 1], "pivot": [-4.35701, 3.34325, 0], "rotation": [0, 0, 75], "uv": [0, 0]},
						{"origin": [-5.35701, 4.2751, 0], "size": [2, 1, 1], "pivot": [-4.35701, 5.2751, 0], "rotation": [0, 0, -75], "uv": [0, 0]},
						{"origin": [2.4554, 6.00707, 0], "size": [2, 1, 1], "pivot": [3.4554, 7.00707, 0], "rotation": [0, 0, 50], "uv": [0, 0], "mirror": true},
						{"origin": [2.4554, 1.61128, 0], "size": [2, 1, 1], "pivot": [3.4554, 1.61128, 0], "rotation": [0, 0, -50], "uv": [0, 0], "mirror": true},
						{"origin": [-4.4554, 6.00707, 0], "size": [2, 1, 1], "pivot": [-3.4554, 7.00707, 0], "rotation": [0, 0, -50], "uv": [0, 0]},
						{"origin": [-4.4554, 1.61128, 0], "size": [2, 1, 1], "pivot": [-3.4554, 1.61128, 0], "rotation": [0, 0, 50], "uv": [0, 0]},
						{"origin": [0.90631, 7.19574, 0], "size": [2, 1, 1], "pivot": [1.90631, 8.19574, 0], "rotation": [0, 0, 25], "uv": [0, 0], "mirror": true},
						{"origin": [0.90631, 0.42262, 0], "size": [2, 1, 1], "pivot": [1.90631, 0.42262, 0], "rotation": [0, 0, -25], "uv": [0, 0], "mirror": true},
						{"origin": [-2.90631, 7.19574, 0], "size": [2, 1, 1], "pivot": [-1.90631, 8.19574, 0], "rotation": [0, 0, -25], "uv": [0, 0]},
						{"origin": [-1, 7.61835, 0], "size": [2, 1, 1], "uv": [0, 0], "mirror": true},
						{"origin": [-2.90631, 0.42262, 0], "size": [2, 1, 1], "pivot": [-1.90631, 0.42262, 0], "rotation": [0, 0, 25], "uv": [0, 0]},
						{"origin": [-1, 0, 0], "size": [2, 1, 1], "uv": [0, 0], "mirror": true}
					]
				}
			]
		}
	]
}