{
	"format_version": "1.10.0",
	"geometry.armor": {
		"texturewidth": 64,
		"textureheight": 64,
		"visible_bounds_width": 3,
		"visible_bounds_height": 4.5,
		"visible_bounds_offset": [0, 0.75, 0],
		"bones": [
			{
				"name": "body",
				"pivot": [0, 24, 0],
				"cubes": [
					{"origin": [-4.04, 12.12, -2.02], "size": [8.08, 12.12, 4.04], "uv": [16, 16]}
				]
			},
			{
				"name": "head",
				"pivot": [0, 24, 0],
				"cubes": [
					{"origin": [-4.04, 24, -4.04], "size": [8.08, 8.08, 8.08], "uv": [0, 0]},
					{"origin": [-2.04, 26, -4.04], "size": [1.08, 2.08, 0.08], "uv": [61, 2]},
					{"origin": [0.96, 26, -4.04], "size": [1.08, 2.08, 0.08], "uv": [61, 2]}
				]
			},
			{
				"name": "rightArm",
				"pivot": [-5, 22, 0],
				"cubes": [
					{"origin": [-8.03, 11.9, -2.02], "size": [4.04, 12.12, 4.04], "uv": [40, 16]}
				]
			},
			{
				"name": "rightItem",
				"parent": "rightArm",
				"pivot": [-6.06, 15.15, 1.01]
			},
			{
				"name": "leftArm",
				"pivot": [5, 22, 0],
				"mirror": true,
				"cubes": [
					{"origin": [3.99, 11.9, -2.02], "size": [4.04, 12.12, 4.04], "uv": [40, 16]}
				]
			},
			{
				"name": "rightLeg",
				"pivot": [-1.9, 12, 0],
				"cubes": [
					{"origin": [-3.92, -0.12, -2.02], "size": [4.04, 12.12, 4.04], "uv": [0, 16]}
				]
			},
			{
				"name": "leftLeg",
				"pivot": [1.9, 12, 0],
				"mirror": true,
				"cubes": [
					{"origin": [-0.12, -0.12, -2.02], "size": [4.04, 12.12, 4.04], "uv": [0, 16]}
				]
			}
		]
	}
}