{"format_version":"1.10.0","geometry.mha_armor":{"bones":[{"name":"root","pivot":[0,0,0]},{"name":"waist","parent":"root","pivot":[0,12,0]},{"cubes":[{"inflate":0.251,"origin":[-4,12,-2],"size":[8,12,4],"uv":[16,16]}],"name":"body","parent":"waist","pivot":[0,24,0]},{"cubes":[{"inflate":0.251,"origin":[-4,24,-4],"size":[8,8,8],"uv":[0,0]}],"name":"head","parent":"body","pivot":[0,24,0]},{"cubes":[{"inflate":0.251,"origin":[-4,24,-4],"size":[8,8,8],"uv":[32,0]}],"name":"hat","parent":"head","pivot":[0,24,0]},{"name":"cape","parent":"body","pivot":[0,24,3]},{"cubes":[{"inflate":0.251,"origin":[4,12,-2],"size":[4,12,4],"uv":[32,48]}],"name":"leftArm","parent":"body","pivot":[5,22,0]},{"cubes":[{"inflate":0.251,"origin":[4,12,-2],"size":[4,12,4],"uv":[48,48]}],"name":"leftSleeve","parent":"leftArm","pivot":[5,22,0]},{"name":"leftItem","parent":"leftArm","pivot":[6,15,1]},{"cubes":[{"inflate":0.251,"origin":[-8,12,-2],"size":[4,12,4],"uv":[40,16]}],"name":"rightArm","parent":"body","pivot":[-5,22,0]},{"cubes":[{"inflate":0.251,"origin":[-8,12,-2],"size":[4,12,4],"uv":[40,32]}],"name":"rightSleeve","parent":"rightArm","pivot":[-5,22,0]},{"locators":{"lead_hold":[-6,15,1]},"name":"rightItem","parent":"rightArm","pivot":[-6,15,1]},{"cubes":[{"inflate":0.251,"origin":[-4,12,-2],"size":[8,12,4],"uv":[16,32]}],"name":"jacket","parent":"body","pivot":[0,24,0]},{"cubes":[{"inflate":0.251,"origin":[-0.1,0,-2],"size":[4,12,4],"uv":[16,48]}],"name":"leftLeg","parent":"root","pivot":[1.9,12,0]},{"cubes":[{"inflate":0.251,"origin":[-0.1,0,-2],"size":[4,12,4],"uv":[0,48]}],"name":"leftPants","parent":"leftLeg","pivot":[1.9,12,0]},{"cubes":[{"inflate":0.251,"origin":[-3.9,0,-2],"size":[4,12,4],"uv":[0,16]}],"name":"rightLeg","parent":"root","pivot":[-1.9,12,0]},{"cubes":[{"inflate":0.251,"origin":[-3.9,0,-2],"size":[4,12,4],"uv":[0,32]}],"name":"rightPants","parent":"rightLeg","pivot":[-1.9,12,0]}],"textureheight":64,"texturewidth":64,"visible_bounds_height":3,"visible_bounds_offset":[0,1.5,0],"visible_bounds_width":3}}