{"format_version":"1.10.0","geometry.tomura":{"bones":[{"cubes":[{"inflate":-0.21,"origin":[-6.5,12.78,-2.5],"size":[3,1,1],"uv":[33,31]},{"inflate":-0.21,"origin":[-6.5,13.46,-2.5],"size":[3,1,1],"uv":[33,22]},{"inflate":-0.21,"origin":[-6.5,14.16,-2.5],"size":[3,1,1],"uv":[33,33]},{"inflate":-0.21,"origin":[-6.5,14.86,-2.5],"size":[3,1,1],"uv":[32,24]},{"inflate":-0.21,"origin":[-6.5,15.56,-2.5],"size":[3,1,1],"uv":[32,20]},{"inflate":-0.21,"origin":[-4.5,12.78,-2],"size":[1,1,2],"uv":[40,45]},{"inflate":-0.21,"origin":[-4.5,14.16,-2],"size":[1,1,2],"uv":[16,45]},{"inflate":-0.21,"origin":[-4.5,14.86,-2],"size":[1,1,2],"uv":[44,12]},{"inflate":-0.21,"origin":[-4.5,15.56,-2],"size":[1,1,2],"uv":[44,0]},{"inflate":-0.21,"origin":[-4.5,13.46,-2],"size":[1,1,2],"uv":[44,15]},{"inflate":0.21,"origin":[-7.51231,13.14,-2.72643],"size":[2,3,1],"uv":[7,33]},{"inflate":0.21,"origin":[-7.51231,13.14,-4],"size":[1,3,1.37],"uv":[33,47]}],"name":"s_arm1","parent":"rightArm","pivot":[-5,22,0],"rotation":[0,-9,0]},{"name":"rightArm","pivot":[-5,22,0],"rotation":[0,0,0]},{"name":"leftArm","pivot":[5,22,0],"rotation":[0,0,0]},{"name":"head","pivot":[0,24,0],"rotation":[0,0,0]},{"cubes":[{"inflate":-0.21,"origin":[-6.5,12.78,1.5],"size":[3,1,1],"uv":[21,25]},{"inflate":-0.21,"origin":[-6.5,13.46,1.5],"size":[3,1,1],"uv":[13,25]},{"inflate":-0.21,"origin":[-6.5,14.16,1.5],"size":[3,1,1],"uv":[6,24]},{"inflate":-0.21,"origin":[-6.5,14.86,1.5],"size":[3,1,1],"uv":[13,23]},{"inflate":-0.21,"origin":[-6.5,15.56,1.5],"size":[3,1,1],"uv":[21,19]},{"inflate":-0.21,"origin":[-4.5,12.78,0],"size":[1,1,2],"uv":[24,41]},{"inflate":-0.21,"origin":[-4.5,14.16,0],"size":[1,1,2],"uv":[40,18]},{"inflate":-0.21,"origin":[-4.5,14.86,0],"size":[1,1,2],"uv":[40,14]},{"inflate":-0.21,"origin":[-4.5,15.56,0],"size":[1,1,2],"uv":[20,40]},{"inflate":-0.21,"origin":[-4.5,13.46,0],"size":[1,1,2],"uv":[12,40]},{"inflate":0.21,"origin":[-7.51231,13.14,1.72643],"size":[2,3,1],"uv":[0,22]},{"inflate":0.21,"origin":[-7.51231,13.14,2.63],"size":[1,3,1.37],"uv":[46,18]}],"name":"s_arm6","parent":"rightArm","pivot":[-5,22,0],"rotation":[0,9,0]},{"cubes":[{"inflate":-0.21,"origin":[-6.5,17.78,-2.5],"size":[3,1,1],"uv":[26,32]},{"inflate":-0.21,"origin":[-6.5,18.46,-2.5],"size":[3,1,1],"uv":[14,32]},{"inflate":-0.21,"origin":[-6.5,19.16,-2.5],"size":[3,1,1],"uv":[0,32]},{"inflate":-0.21,"origin":[-6.5,19.86,-2.5],"size":[3,1,1],"uv":[7,31]},{"inflate":-0.21,"origin":[-6.5,20.56,-2.5],"size":[3,1,1],"uv":[0,30]},{"inflate":-0.21,"origin":[-4.5,17.78,-2],"size":[1,1,2],"uv":[44,44]},{"inflate":-0.21,"origin":[-4.5,19.16,-2],"size":[1,1,2],"uv":[36,44]},{"inflate":-0.21,"origin":[-4.5,19.86,-2],"size":[1,1,2],"uv":[30,44]},{"inflate":-0.21,"origin":[-4.5,20.56,-2],"size":[1,1,2],"uv":[24,44]},{"inflate":-0.21,"origin":[-4.5,18.46,-2],"size":[1,1,2],"uv":[20,43]},{"inflate":0.21,"origin":[-7.51231,18.14,-2.72643],"size":[2,3,1],"uv":[21,29]},{"inflate":0.21,"origin":[-7.51231,18.14,-4],"size":[1,3,1.37],"uv":[29,47]}],"name":"s_arm2","parent":"rightArm","pivot":[-5,22,0],"rotation":[0,-9,0]},{"cubes":[{"inflate":-0.21,"origin":[-6.5,17.78,1.5],"size":[3,1,1],"uv":[21,9]},{"inflate":-0.21,"origin":[-6.5,18.46,1.5],"size":[3,1,1],"uv":[21,7]},{"inflate":-0.21,"origin":[-6.5,19.16,1.5],"size":[3,1,1],"uv":[20,17]},{"inflate":-0.21,"origin":[-6.5,19.86,1.5],"size":[3,1,1],"uv":[20,15]},{"inflate":-0.21,"origin":[-6.5,20.56,1.5],"size":[3,1,1],"uv":[20,13]},{"inflate":-0.21,"origin":[-4.5,17.78,0],"size":[1,1,2],"uv":[6,40]},{"inflate":-0.21,"origin":[-4.5,19.16,0],"size":[1,1,2],"uv":[0,40]},{"inflate":-0.21,"origin":[-4.5,19.86,0],"size":[1,1,2],"uv":[39,33]},{"inflate":-0.21,"origin":[-4.5,20.56,0],"size":[1,1,2],"uv":[16,39]},{"inflate":-0.21,"origin":[-4.5,18.46,0],"size":[1,1,2],"uv":[38,27]},{"inflate":0.21,"origin":[-7.51231,18.14,1.72643],"size":[2,3,1],"uv":[21,21]},{"inflate":0.21,"origin":[-7.51231,18.14,2.63],"size":[1,3,1.37],"uv":[12,46]}],"name":"s_arm7","parent":"rightArm","pivot":[-5,22,0],"rotation":[0,9,0]},{"cubes":[{"inflate":-0.21,"origin":[-5.5,19.78,1.5],"size":[3,1,1],"uv":[14,6]},{"inflate":-0.21,"origin":[-5.5,20.46,1.5],"size":[3,1,1],"uv":[13,14]},{"inflate":-0.21,"origin":[-5.5,21.16,1.5],"size":[3,1,1],"uv":[13,10]},{"inflate":-0.21,"origin":[-5.5,21.86,1.5],"size":[3,1,1],"uv":[13,3]},{"inflate":-0.21,"origin":[-5.5,22.56,1.5],"size":[3,1,1],"uv":[13,1]},{"inflate":-0.21,"origin":[-3.5,19.78,0],"size":[1,1,2],"uv":[6,37]},{"inflate":-0.21,"origin":[-3.5,21.16,0],"size":[1,1,2],"uv":[0,37]},{"inflate":-0.21,"origin":[-3.5,21.86,0],"size":[1,1,2],"uv":[36,17]},{"inflate":-0.21,"origin":[-3.5,22.56,0],"size":[1,1,2],"uv":[17,36]},{"inflate":-0.21,"origin":[-3.5,20.46,0],"size":[1,1,2],"uv":[34,35]},{"inflate":0.21,"origin":[-6.51231,20.14,1.72643],"size":[2,3,1],"uv":[7,14]},{"inflate":0.21,"origin":[-6.51231,20.14,2.63],"size":[1,3,1.37],"uv":[0,46]}],"name":"s_arm10","parent":"rightArm","pivot":[-5,22,0],"rotation":[0,90,-90]},{"cubes":[{"inflate":-0.21,"origin":[3.5,17.78,-2.5],"size":[3,1,1],"uv":[13,29]},{"inflate":-0.21,"origin":[3.5,18.46,-2.5],"size":[3,1,1],"uv":[28,26]},{"inflate":-0.21,"origin":[3.5,19.16,-2.5],"size":[3,1,1],"uv":[28,18]},{"inflate":-0.21,"origin":[3.5,19.86,-2.5],"size":[3,1,1],"uv":[28,10]},{"inflate":-0.21,"origin":[3.5,20.56,-2.5],"size":[3,1,1],"uv":[28,8]},{"inflate":-0.21,"origin":[3.5,17.78,-2],"size":[1,1,2],"uv":[12,43]},{"inflate":-0.21,"origin":[3.5,19.16,-2],"size":[1,1,2],"uv":[6,43]},{"inflate":-0.21,"origin":[3.5,19.86,-2],"size":[1,1,2],"uv":[0,43]},{"inflate":-0.21,"origin":[3.5,20.56,-2],"size":[1,1,2],"uv":[42,25]},{"inflate":-0.21,"origin":[3.5,18.46,-2],"size":[1,1,2],"uv":[42,9]},{"inflate":0.21,"origin":[5.51231,18.14,-2.72643],"size":[2,3,1],"uv":[28,28]},{"inflate":0.21,"origin":[6.51231,18.14,-4],"size":[1,3,1.37],"uv":[25,47]}],"name":"s_arm3","parent":"leftArm","pivot":[5,22,0],"rotation":[0,9,0]},{"cubes":[{"inflate":-0.21,"origin":[3.5,12.78,-2.5],"size":[3,1,1],"uv":[6,28]},{"inflate":-0.21,"origin":[3.5,13.46,-2.5],"size":[3,1,1],"uv":[27,16]},{"inflate":-0.21,"origin":[3.5,14.16,-2.5],"size":[3,1,1],"uv":[27,14]},{"inflate":-0.21,"origin":[3.5,14.86,-2.5],"size":[3,1,1],"uv":[27,12]},{"inflate":-0.21,"origin":[3.5,15.56,-2.5],"size":[3,1,1],"uv":[27,5]},{"inflate":-0.21,"origin":[3.5,12.78,-2],"size":[1,1,2],"uv":[40,42]},{"inflate":-0.21,"origin":[3.5,14.16,-2],"size":[1,1,2],"uv":[16,42]},{"inflate":-0.21,"origin":[3.5,14.86,-2],"size":[1,1,2],"uv":[41,39]},{"inflate":-0.21,"origin":[3.5,15.56,-2],"size":[1,1,2],"uv":[41,36]},{"inflate":-0.21,"origin":[3.5,13.46,-2],"size":[1,1,2],"uv":[41,30]},{"inflate":0.21,"origin":[5.51231,13.14,-2.72643],"size":[2,3,1],"uv":[27,21]},{"inflate":0.21,"origin":[6.51231,13.14,-4],"size":[1,3,1.37],"uv":[21,47]}],"name":"s_arm4","parent":"leftArm","pivot":[5,22,0],"rotation":[0,9,0]},{"cubes":[{"inflate":-0.21,"origin":[3.5,12.78,1.5],"size":[3,1,1],"uv":[27,3]},{"inflate":-0.21,"origin":[3.5,13.46,1.5],"size":[3,1,1],"uv":[27,1]},{"inflate":-0.21,"origin":[3.5,14.16,1.5],"size":[3,1,1],"uv":[21,27]},{"inflate":-0.21,"origin":[3.5,14.86,1.5],"size":[3,1,1],"uv":[13,27]},{"inflate":-0.21,"origin":[3.5,15.56,1.5],"size":[3,1,1],"uv":[6,26]},{"inflate":-0.21,"origin":[3.5,12.78,0],"size":[1,1,2],"uv":[41,21]},{"inflate":-0.21,"origin":[3.5,14.16,0],"size":[1,1,2],"uv":[41,6]},{"inflate":-0.21,"origin":[3.5,14.86,0],"size":[1,1,2],"uv":[41,3]},{"inflate":-0.21,"origin":[3.5,15.56,0],"size":[1,1,2],"uv":[36,41]},{"inflate":-0.21,"origin":[3.5,13.46,0],"size":[1,1,2],"uv":[30,41]},{"inflate":0.21,"origin":[5.51231,13.14,1.72643],"size":[2,3,1],"uv":[0,26]},{"inflate":0.21,"origin":[6.51231,13.14,2.63],"size":[1,3,1.37],"uv":[46,23]}],"name":"s_arm5","parent":"leftArm","pivot":[5,22,0],"rotation":[0,-9,0]},{"cubes":[{"inflate":-0.21,"origin":[3.5,17.78,1.5],"size":[3,1,1],"uv":[20,11]},{"inflate":-0.21,"origin":[3.5,18.46,1.5],"size":[3,1,1],"uv":[20,4]},{"inflate":-0.21,"origin":[3.5,19.16,1.5],"size":[3,1,1],"uv":[20,2]},{"inflate":-0.21,"origin":[3.5,19.86,1.5],"size":[3,1,1],"uv":[20,0]},{"inflate":-0.21,"origin":[3.5,20.56,1.5],"size":[3,1,1],"uv":[14,20]},{"inflate":-0.21,"origin":[3.5,17.78,0],"size":[1,1,2],"uv":[38,24]},{"inflate":-0.21,"origin":[3.5,19.16,0],"size":[1,1,2],"uv":[38,11]},{"inflate":-0.21,"origin":[3.5,19.86,0],"size":[1,1,2],"uv":[38,0]},{"inflate":-0.21,"origin":[3.5,20.56,0],"size":[1,1,2],"uv":[37,38]},{"inflate":-0.21,"origin":[3.5,18.46,0],"size":[1,1,2],"uv":[31,38]},{"inflate":0.21,"origin":[5.51231,18.14,1.72643],"size":[2,3,1],"uv":[8,20]},{"inflate":0.21,"origin":[6.51231,18.14,2.63],"size":[1,3,1.37],"uv":[8,46]}],"name":"s_arm8","parent":"leftArm","pivot":[5,22,0],"rotation":[0,-9,0]},{"cubes":[{"inflate":-0.21,"origin":[1.5,20.78,2.5],"size":[3,1,1],"uv":[0,20]},{"inflate":-0.21,"origin":[1.5,21.46,2.5],"size":[3,1,1],"uv":[13,18]},{"inflate":-0.21,"origin":[1.5,22.16,2.5],"size":[3,1,1],"uv":[5,18]},{"inflate":-0.21,"origin":[1.5,22.86,2.5],"size":[3,1,1],"uv":[13,16]},{"inflate":-0.21,"origin":[1.5,23.56,2.5],"size":[3,1,1],"uv":[14,8]},{"inflate":-0.21,"origin":[1.5,20.78,1],"size":[1,1,2],"uv":[25,38]},{"inflate":-0.21,"origin":[1.5,22.16,1],"size":[1,1,2],"uv":[37,7]},{"inflate":-0.21,"origin":[1.5,22.86,1],"size":[1,1,2],"uv":[37,4]},{"inflate":-0.21,"origin":[1.5,23.56,1],"size":[1,1,2],"uv":[21,37]},{"inflate":-0.21,"origin":[1.5,21.46,1],"size":[1,1,2],"uv":[12,37]},{"inflate":0.21,"origin":[3.51231,21.14,2.72643],"size":[2,3,1],"uv":[0,15]},{"inflate":0.21,"origin":[4.51231,21.14,3.63],"size":[1,3,1.37],"uv":[4,46]}],"name":"s_arm9","parent":"leftArm","pivot":[5,22,1],"rotation":[0,-90,90]},{"cubes":[{"inflate":-0.21,"origin":[-2.5,24.78,8.5],"size":[3,1,1],"uv":[0,13]},{"inflate":-0.21,"origin":[-2.5,25.46,8.5],"size":[3,1,1],"uv":[12,12]},{"inflate":-0.21,"origin":[-2.5,26.16,8.5],"size":[3,1,1],"uv":[5,11]},{"inflate":-0.21,"origin":[-2.5,26.86,8.5],"size":[3,1,1],"uv":[6,9]},{"inflate":-0.21,"origin":[-2.5,27.56,8.5],"size":[3,1,1],"uv":[7,5]},{"inflate":-0.21,"origin":[-0.5,24.78,7],"size":[1,1,2],"uv":[28,35]},{"inflate":-0.21,"origin":[-0.5,26.16,7],"size":[1,1,2],"uv":[34,26]},{"inflate":-0.21,"origin":[-0.5,26.86,7],"size":[1,1,2],"uv":[34,14]},{"inflate":-0.21,"origin":[-0.5,27.56,7],"size":[1,1,2],"uv":[34,10]},{"inflate":-0.21,"origin":[-0.5,25.46,7],"size":[1,1,2],"uv":[34,1]},{"inflate":0.21,"origin":[-3.51231,25.14,8.72643],"size":[2,3,1],"uv":[0,8]},{"inflate":0.21,"origin":[-3.51231,25.14,9.63],"size":[1,3,1.37],"uv":[45,33]}],"name":"s_arm11","parent":"head","pivot":[0,24,0],"rotation":[0,90,-90]},{"cubes":[{"inflate":-0.21,"origin":[-0.5,24.78,8.5],"size":[3,1,1],"uv":[7,7]},{"inflate":-0.21,"origin":[-0.5,25.46,8.5],"size":[3,1,1],"uv":[6,2]},{"inflate":-0.21,"origin":[-0.5,26.16,8.5],"size":[3,1,1],"uv":[6,0]},{"inflate":-0.21,"origin":[-0.5,26.86,8.5],"size":[3,1,1],"uv":[0,6]},{"inflate":-0.21,"origin":[-0.5,27.56,8.5],"size":[3,1,1],"uv":[0,4]},{"inflate":-0.21,"origin":[-0.5,24.78,7],"size":[1,1,2],"uv":[24,34]},{"inflate":-0.21,"origin":[-0.5,26.16,7],"size":[1,1,2],"uv":[13,34]},{"inflate":-0.21,"origin":[-0.5,26.86,7],"size":[1,1,2],"uv":[0,34]},{"inflate":-0.21,"origin":[-0.5,27.56,7],"size":[1,1,2],"uv":[33,5]},{"inflate":-0.21,"origin":[-0.5,25.46,7],"size":[1,1,2],"uv":[20,33]},{"inflate":0.21,"origin":[1.51231,25.14,8.72643],"size":[2,3,1],"uv":[0,0]},{"inflate":0.21,"origin":[2.51231,25.14,9.63],"size":[1,3,1.37],"uv":[45,28]}],"name":"s_arm12","parent":"head","pivot":[0,24,0],"rotation":[0,-90,90]}],"textureheight":64,"texturewidth":64,"visible_bounds_height":3,"visible_bounds_offset":[0,1.5,0],"visible_bounds_width":2}}