{
    "format_version": "1.10.0",
    "animation_controllers": {
    "controller.animation.kh.general": {
      "states": {
        "default": {
          "animations": [
            "kh_general"
          ]
        }
      }
    },
	"controller.animation.kh.attack": {
            "states": {
                "default": {
                    "transitions": [{
                            "attack1": "variable.attack_time > 0 && variable.random == 1"
                            }
                    ],
                    "blend_transition": 0.2
                },
                "attack1": {
                    "animations": [
                        "attack1"
                    ],
                    "transitions": [{
                            "default": "query.all_animations_finished"
                        }
                    ],
                    "blend_transition": 0.3
                }
            }
	},
	"controller.animation.kh.bdama": {
            "states": {
                "default": {
                    "transitions": [{
                            "bdama": "query.is_charged"
                            }
                    ],
                    "blend_transition": 0.2
                },
                "bdama": {
                    "animations": [
                        "bdama"
                    ],
                    "transitions": [{
                            "default": "!query.is_charged"
                        }
                    ],
                    "blend_transition": 0.3
                }
            }
	}
    }
}
