{
   "format_version": "1.10.0",
   "animation_controllers": {
      "controller.animation.naruto.general": {
         "states": {
            "default": {
               "animations": [
                  "naruto_general",
                  "look_at_target"
               ]
            }
         }
      },
      "controller.animation.naruto.move": {
         "initial_state": "default",
         "states": {
            "default": {
               "variables": {
                  "move_speed": {
                     "input": "query.modified_move_speed",
                     "remap_curve": {
                        "0.0": 0,
                        "0.25": 1
                     }
                  }
               },
               "animations": [
                  {
                     "moving": "variable.move_speed"
                  }
               ],
               "transitions": [
                  {
                     "running": "query.ground_speed >= 2.5"
                  },
                  {
                     "clone": "query.is_casting && query.mark_variant ==0"
                  },
                  {
                     "rasenshuriken": "query.is_charged && query.mark_variant == 0"
                  },
                  {
                     "rasengan": "query.is_casting && query.mark_variant == 1"
                  },
                  {
                     "prepare": "query.is_charged && query.mark_variant == 1"
                  }
               ],
               "blend_transition": 0.1
            },
            "running": {
               "animations": [
                  "running"
               ],
               "transitions": [
                  {
                     "moving": "query.ground_speed <= 1.5"
                  }
               ],
               "blend_transition": 0.1
            },
            "clone": {
               "animations": [
                  "clone"
               ],
               "transitions": [
                  {
                     "default": "!query.is_casting"
                  }
               ],
               "blend_transition": 0.2
            },
            "rasenshuriken": {
               "animations": [
                  "rasenshuriken"
               ],
               "transitions": [
                  {
                     "default": "!query.is_charged"
                  }
               ],
               "blend_transition": 0.2
            },
            "rasengan": {
               "animations": [
                  "rasengan"
               ],
               "transitions": [
                  {
                     "default": "!query.is_casting"
                  }
               ],
               "blend_transition": 0.4
            },
            "prepare": {
               "animations": [
                  "prepare"
               ],
               "transitions": [
                  {
                     "default": "!query.is_charged"
                  }
               ],
               "blend_transition": 0.2
            }
         }
      },
      "controller.animation.naruto.attack": {
         "states": {
            "default": {
               "transitions": [
                  {
                     "attack1": "variable.attack_time > 0 && variable.random == 0"
                  },
                  {
                     "attack2": "variable.attack_time > 0 && variable.random == 1"
                  },
                  {
                     "attack3": "variable.attack_time > 0 && variable.random == 2"
                  },
                  {
                     "attack4": "variable.attack_time > 0 && variable.random == 3"
                  },
                  {
                     "attack5": "variable.attack_time > 0 && variable.random == 4"
                  }
               ],
               "blend_transition": 0.2
            },
            "attack1": {
               "animations": [
                  "attack1"
               ],
               "transitions": [
                  {
                     "default": "query.all_animations_finished"
                  }
               ],
               "blend_transition": 0.2
            },
            "attack2": {
               "animations": [
                  "attack2"
               ],
               "transitions": [
                  {
                     "default": "query.all_animations_finished"
                  }
               ],
               "blend_transition": 0.2
            },
            "attack3": {
               "animations": [
                  "attack3"
               ],
               "transitions": [
                  {
                     "default": "query.all_animations_finished"
                  }
               ],
               "blend_transition": 0.3
            },
            "attack4": {
               "animations": [
                  "attack4"
               ],
               "transitions": [
                  {
                     "default": "query.all_animations_finished"
                  }
               ],
               "blend_transition": 0.3
            },
            "attack5": {
               "animations": [
                  "attack5"
               ],
               "transitions": [
                  {
                     "default": "query.all_animations_finished"
                  }
               ],
               "blend_transition": 0.3
            }
         }
      }
   }
}