{
   "format_version": "1.10.0",
   "minecraft:entity": {
      "description": {
         "identifier": "che:bdama",
         "is_spawnable": false,
         "is_summonable": true,
         "is_experimental": false,
         "runtime_identifier": "minecraft:snowball"
      },
      "component_groups": {
         "exploding": {
            "minecraft:explode": {
               "fuseLength": 2,
               "power": 4,
               "fuseLit": true,
               "causesFire": false
            }
         }
      },
      "components": {
         "minecraft:collision_box": {
            "width": 0.25,
            "height": 0.25
         },
         "minecraft:projectile": {
            "onHit": {
               "impact_damage": {
                  "damage": 600,
                  "knockback": true,
                  "semi_random_diff_damage": false,
                  "destroy_on_hit": true
               },
               "arrow_effect": {},
               "particle_on_hit": {
                  "particle_type": "largeexplode",
                  "num_particles": 6,
                  "on_entity_hit": true,
                  "on_other_hit": true
               }
            },
            "power": 4.1,
            "gravity": 0,
            "offset": [
               0,
               0,
               1.5
            ]
         }
      }
   }
}