{
 "format_version": "1.16.0",
 "minecraft:entity": {
  "description": {
   "identifier": "che:dash3",
   "is_spawnable": false,
   "is_summonable": true,
   "is_experimental": false,
   "runtime_identifier": "minecraft:snowball",
   "scripts": {
    "animate": [
     "ride"
    ]
   },
   "animations": {
    "ride": "controller.animation.1tail.ride"
   }
  },
  "components": {
   "minecraft:collision_box": {
    "width": 0.25,
    "height": 0.25
   },
   "minecraft:projectile": {
    "on_hit": {
     "impact_damage": {
      "damage": 10,
      "knockback": true
     },
     "remove_on_hit": {}
    },
    "anchor": 1,
    "power": 3,
    "gravity": 0.02,
    "angle_offset": 0,
    "offset": [
     0,
     -0.1,
     0
    ],
    "shoot_target": true
   },
   "minecraft:physics": {},
   "minecraft:pushable": {
    "is_pushable": false,
    "is_pushable_by_piston": true
   },
   "minecraft:rideable": {
    "seat_count": 1,
    "pull_in_entities": false,
    "seats": [
     {
      "position": [
       0,
       0,
       0
      ],
      "rotate_rider_by": 0,
      "lock_rider_rotation": 360
     }
    ]
   },
   "minecraft:explode": {
    "fuse_length": 2,
    "fuse_lit": true,
    "power": 1,
    "causes_fire": false,
    "destroy_affected_by_griefing": true
   }
  },
  "component_groups": {},
  "events": {}
 }
}