{
   "format_version": "1.16.0",
   "minecraft:entity": {
      "description": {
         "identifier": "che:kh",
         "is_experimental": false,
         "is_spawnable": false,
         "is_summonable": true
      },
      "component_groups": {
         "punch": {
            "minecraft:attack": {
               "damage": 400
            },
            "minecraft:behavior.melee_attack": {
               "speed_multiplier": 1,
               "reach_multiplier": 5,
               "priority": 1
            }
         },
         "punch2": {
            "minecraft:attack": {
               "damage": 400
            },
            "minecraft:behavior.melee_attack": {
               "speed_multiplier": 1,
               "reach_multiplier": 5,
               "priority": 1
            },
            "minecraft:timer": {
               "looping": false,
               "time": 10,
               "time_down_event": {
                  "event": "bdama",
                  "target": "self"
               }
            }
         },
         "bdama": {
            "minecraft:shooter": {
               "def": "che:bdama"
            },
            "minecraft:behavior.ranged_attack": {
               "attack_interval_max": 10,
               "attack_interval_min": 10,
               "attack_radius": 70,
               "speed_multiplier": 1,
               "charge_shoot_trigger": 0.3,
               "priority": 1,
               "charge_charged_trigger": 0
            },
            "minecraft:mark_variant": {
               "value": 0
            },
            "minecraft:timer": {
               "looping": false,
               "time": 3,
               "time_down_event": {
                  "event": "random",
                  "target": "self"
               }
            }
         }
      },
      "components": {
         "minecraft:behavior.hurt_by_target": {
            "priority": 1
         },
         "minecraft:behavior.look_at_player": {
            "look_distance": 6,
            "priority": 8,
            "probability": 0.02
         },
         "minecraft:behavior.move_towards_restriction": {
            "priority": 7,
            "speed_multiplier": 2
         },
         "minecraft:movement": {
            "value": 0
         },
         "minecraft:behavior.random_look_around": {
            "priority": 9
         },
         "minecraft:behavior.random_stroll": {
            "priority": 7,
            "speed_multiplier": 1
         },
         "minecraft:breathable": {
            "breathes_air": true,
            "breathes_water": true,
            "suffocate_time": 0,
            "total_supply": 15
         },
         "minecraft:damage_sensor": {
            "triggers": [
               {
                  "deals_damage": false
               }
            ]
         },
         "minecraft:can_climb": {},
         "minecraft:fire_immune": false,
         "minecraft:follow_range": {
            "max": 300,
            "value": 300
         },
         "minecraft:jump.static": {},
         "minecraft:movement.basic": {},
         "minecraft:nameable": {},
         "minecraft:navigation.walk": {
            "can_break_doors": true,
            "can_pass_doors": true,
            "can_walk": true,
            "is_amphibious": true
         },
         "minecraft:physics": {},
         "minecraft:pushable": {
            "is_pushable": false,
            "is_pushable_by_piston": true
         },
         "minecraft:type_family": {
            "family": [
               "naruto",
               "kh"
            ]
         },
         "minecraft:collision_box": {
            "height": 1.9,
            "width": 0.8
         },
         "minecraft:scale": {
            "value": 1
         },
         "minecraft:health": {
            "max": 3,
            "value": 3
         },
         "minecraft:knockback_resistance": {
            "value": 14
         },
         "minecraft:explode": {
            "fuseLength": 10,
            "fuseLit": true,
            "power": 0,
            "causesFire": false,
            "destroyAffectedByGriefing": false
         },
         "minecraft:behavior.nearest_attackable_target": {
            "entity_types": [
               {
                  "filters": {
                     "any_of": [
                        {
                           "subject": "other",
                           "test": "is_family",
                           "value": "monster"
                        },
                        {
                           "subject": "other",
                           "test": "is_family",
                           "value": "creeper"
                        },
                        {
                           "subject": "other",
                           "test": "is_family",
                           "value": "cartoon"
                        },
                        {
                           "subject": "other",
                           "test": "is_family",
                           "value": "illager"
                        }
                     ]
                  },
                  "max_dist": 200,
                  "must_see": false
               },
               {
                  "filters": {
                     "any_of": [
                        {
                           "subject": "other",
                           "test": "is_family",
                           "value": "cc"
                        },
                        {
                           "subject": "other",
                           "test": "is_family",
                           "value": "boss"
                        },
                        {
                           "subject": "other",
                           "test": "is_family",
                           "value": "cartoon_cat"
                        },
                        {
                           "subject": "other",
                           "test": "is_family",
                           "value": "sans"
                        },
                        {
                           "subject": "other",
                           "test": "is_family",
                           "value": "th"
                        },
                        {
                           "subject": "other",
                           "test": "is_family",
                           "value": "siren_head"
                        },
                        {
                           "subject": "other",
                           "test": "is_family",
                           "value": "scp"
                        },
                        {
                           "subject": "other",
                           "test": "is_family",
                           "value": "classd"
                        },
                        {
                           "subject": "other",
                           "test": "is_family",
                           "value": "bendy"
                        },
                        {
                           "subject": "other",
                           "test": "is_family",
                           "value": "betty"
                        },
                        {
                           "subject": "other",
                           "test": "is_family",
                           "value": "saness"
                        },
                        {
                           "subject": "other",
                           "test": "is_family",
                           "value": "monster"
                        },
                        {
                           "subject": "other",
                           "test": "is_family",
                           "value": "godzilla"
                        },
                        {
                           "subject": "other",
                           "test": "is_family",
                           "value": "pain"
                        }
                     ]
                  },
                  "max_dist": 200,
                  "must_see": false
               }
            ],
            "must_see": true,
            "must_see_forget_duration": 10000,
            "priority": 2,
            "reselect_targets": true,
            "within_radius": 200
         },
         "minecraft:target_nearby_sensor": {
            "inside_range": 4,
            "outside_range": 5,
            "on_inside_range": {
               "event": "punch",
               "target": "self"
            },
            "on_outside_range": {
               "event": "bdama",
               "target": "self"
            }
         }
      },
      "events": {
         "punch": {
            "add": {
               "component_groups": [
                  "punch"
               ]
            }
         },
         "bdama": {
            "randomize": [
               {
                  "add": {
                     "component_groups": [
                        "punch2"
                     ]
                  },
                  "weight": 70,
                  "remove": {
                     "component_groups": [
                        "punch",
                        "bdama"
                     ]
                  }
               },
               {
                  "weight": 10,
                  "add": {
                     "component_groups": [
                        "bdama"
                     ]
                  },
                  "remove": {
                     "component_groups": [
                        "punch",
                        "punch2"
                     ]
                  }
               }
            ]
         }
      }
   }
}