{
   "format_version": "1.16.0",
   "minecraft:entity": {
      "description": {
         "identifier": "che:pain",
         "is_experimental": false,
         "is_spawnable": true,
         "is_summonable": true,
         "scripts": {
            "animate": [
               "run",
               "attack",
               "pull",
               "allmightypush"
            ]
         },
         "animations": {
            "run": "controller.animation.pain.run",
            "attack": "controller.animation.pain.attack",
            "pull": "controller.animation.pull",
            "allmightypush": "controller.animation.allmightypush"
         }
      },
      "component_groups": {
         "melee": {
            "minecraft:behavior.melee_attack": {
               "speed_multiplier": 1,
               "priority": 1
            },
            "minecraft:attack": {
               "damage": 100
            },
            "minecraft:timer": {
               "looping": false,
               "time": 10,
               "time_down_event": {
                  "event": "nearby",
                  "target": "self"
               }
            }
         },
         "pull": {
            "minecraft:behavior.summon_entity": {
               "priority": 1,
               "summon_choices": [
                  {
                     "cast_duration": 3,
                     "cooldown_time": 10,
                     "max_activation_range": 30,
                     "min_activation_range": 0,
                     "sequence": [
                        {
                           "base_delay": 0,
                           "delay_per_summon": 0,
                           "entity_lifespan": 10,
                           "entity_type": {},
                           "num_entities_spawned": 0,
                           "shape": "circle",
                           "size": 0,
                           "sound_event": "pain_sound",
                           "target": "self"
                        }
                     ],
                     "start_sound_event": "pain_pull",
                     "weight": 3
                  }
               ]
            },
            "minecraft:timer": {
               "looping": false,
               "time": 3,
               "time_down_event": {
                  "event": "far",
                  "target": "self"
               }
            },
            "minecraft:mark_variant": {
               "value": 0
            }
         },
         "allmightypush": {
            "minecraft:behavior.summon_entity": {
               "priority": 1,
               "summon_choices": [
                  {
                     "cast_duration": 3,
                     "cooldown_time": 10,
                     "max_activation_range": 20,
                     "min_activation_range": 0,
                     "sequence": [
                        {
                           "base_delay": 0,
                           "delay_per_summon": 0,
                           "entity_lifespan": 10,
                           "entity_type": {},
                           "num_entities_spawned": 0,
                           "shape": "circle",
                           "size": 0,
                           "sound_event": "pain_shpu",
                           "target": "self"
                        }
                     ],
                     "start_sound_event": "pain_push",
                     "weight": 3
                  }
               ]
            },
            "minecraft:timer": {
               "looping": false,
               "time": 3,
               "time_down_event": {
                  "event": "nearby",
                  "target": "self"
               }
            },
            "minecraft:mark_variant": {
               "value": 1
            }
         },
         "dash2": {
            "minecraft:shooter": {
               "def": "che:dash2"
            },
            "minecraft:timer": {
               "looping": false,
               "time": 3,
               "time_down_event": {
                  "event": "random",
                  "target": "self"
               }
            },
            "minecraft:behavior.ranged_attack": {
               "attack_interval_max": 10,
               "attack_interval_min": 10,
               "attack_radius": 40,
               "speed_multiplier": 1,
               "charge_shoot_trigger": 0.5,
               "priority": 1,
               "charge_charged_trigger": 0
            },
            "minecraft:mark_variant": {
               "value": 1
            }
         }
      },
      "components": {
         "minecraft:behavior.hurt_by_target": {
            "priority": 1
         },
         "minecraft:behavior.look_at_player": {
            "look_distance": 6,
            "priority": 8,
            "probability": 0.02
         },
         "minecraft:behavior.move_towards_restriction": {
            "priority": 7,
            "speed_multiplier": 2
         },
         "minecraft:behavior.nearest_attackable_target": {
            "entity_types": [
               {
                  "filters": {
                     "any_of": [
                        {
                           "subject": "other",
                           "test": "is_family",
                           "value": "monster"
                        },
                        {
                           "subject": "other",
                           "test": "is_family",
                           "value": "creeper"
                        },
                        {
                           "subject": "other",
                           "test": "is_family",
                           "value": "cartoon"
                        },
                        {
                           "subject": "other",
                           "test": "is_family",
                           "value": "illager"
                        }
                     ]
                  },
                  "max_dist": 200,
                  "must_see": false
               },
               {
                  "filters": {
                     "any_of": [
                        {
                           "subject": "other",
                           "test": "is_family",
                           "value": "cc"
                        },
                        {
                           "subject": "other",
                           "test": "is_family",
                           "value": "boss"
                        },
                        {
                           "subject": "other",
                           "test": "is_family",
                           "value": "cartoon_cat"
                        },
                        {
                           "subject": "other",
                           "test": "is_family",
                           "value": "sans"
                        },
                        {
                           "subject": "other",
                           "test": "is_family",
                           "value": "th"
                        },
                        {
                           "subject": "other",
                           "test": "is_family",
                           "value": "siren_head"
                        },
                        {
                           "subject": "other",
                           "test": "is_family",
                           "value": "scp"
                        },
                        {
                           "subject": "other",
                           "test": "is_family",
                           "value": "classd"
                        },
                        {
                           "subject": "other",
                           "test": "is_family",
                           "value": "bendy"
                        },
                        {
                           "subject": "other",
                           "test": "is_family",
                           "value": "betty"
                        },
                        {
                           "subject": "other",
                           "test": "is_family",
                           "value": "saness"
                        },
                        {
                           "subject": "other",
                           "test": "is_family",
                           "value": "monster"
                        },
                        {
                           "subject": "other",
                           "test": "is_family",
                           "value": "godzilla"
                        },
                        {
                           "subject": "other",
                           "test": "is_family",
                           "value": "naruto"
                        }
                     ]
                  },
                  "max_dist": 200,
                  "must_see": false
               }
            ],
            "must_see": true,
            "must_see_forget_duration": 10000,
            "priority": 2,
            "reselect_targets": true,
            "within_radius": 200
         },
         "minecraft:boss": {
            "name": "§lPain",
            "should_darken_sky": false,
            "hud_range": 125
         },
         "minecraft:behavior.random_look_around": {
            "priority": 9
         },
         "minecraft:behavior.random_stroll": {
            "priority": 7,
            "speed_multiplier": 1
         },
         "minecraft:movement": {
            "value": 0.15
         },
         "minecraft:breathable": {
            "breathes_air": true,
            "breathes_water": true,
            "suffocate_time": 0,
            "total_supply": 15
         },
         "minecraft:can_climb": {},
         "minecraft:fire_immune": false,
         "minecraft:follow_range": {
            "max": 300,
            "value": 300
         },
         "minecraft:jump.static": {},
         "minecraft:movement.basic": {},
         "minecraft:nameable": {},
         "minecraft:navigation.walk": {
            "can_break_doors": true,
            "can_pass_doors": true,
            "can_walk": true,
            "is_amphibious": true
         },
         "minecraft:physics": {},
         "minecraft:pushable": {
            "is_pushable": true,
            "is_pushable_by_piston": true
         },
         "minecraft:type_family": {
            "family": [
               "pain"
            ]
         },
         "minecraft:collision_box": {
            "height": 1.9,
            "width": 0.8
         },
         "minecraft:health": {
            "max": 9000,
            "value": 9000
         },
         "minecraft:knockback_resistance": {
            "value": 0.95
         },
         "minecraft:target_nearby_sensor": {
            "inside_range": 3,
            "outside_range": 15,
            "on_inside_range": {
               "event": "nearby",
               "target": "self"
            },
            "on_outside_range": {
               "event": "far",
               "target": "self"
            }
         }
      },
      "events": {
         "nearby": {
            "randomize": [
               {
                  "weight": 120,
                  "add": {
                     "component_groups": [
                        "melee"
                     ]
                  },
                  "remove": {
                     "component_groups": [
                        "dash2",
                        "push",
                        "pull",
                        "allmightypush",
                        "rock"
                     ]
                  }
               },
               {
                  "weight": 90,
                  "add": {
                     "component_groups": [
                        "allmightypush"
                     ]
                  },
                  "remove": {
                     "component_groups": [
                        "dash2",
                        "push",
                        "pull",
                        "melee",
                        "rock"
                     ]
                  }
               }
            ]
         },
         "far": {
            "randomize": [
               {
                  "weight": 80,
                  "add": {
                     "component_groups": [
                        "pull"
                     ]
                  },
                  "remove": {
                     "component_groups": [
                        "dash2",
                        "push",
                        "allmightypush",
                        "melee",
                        "rock"
                     ]
                  }
               },
               {
                  "weight": 70,
                  "add": {
                     "component_groups": [
                        "dash2"
                     ]
                  },
                  "remove": {
                     "component_groups": [
                        "rock",
                        "push",
                        "pull",
                        "melee",
                        "allmightypush"
                     ]
                  }
               }
            ]
         }
      }
   }
}