{
  "format_version": "1.14.0",
  "minecraft:entity": {
    "description": {
      "identifier": "che:smoke",
      "is_spawnable": false,
      "is_summonable": true,
      "is_experimental": false
    },
    "component_groups": {
      "exp": {
        "minecraft:explode": {
          "fuseLength": 0,
          "fuseLit": true,
          "power": 0,
          "causesFire": false,
          "destroyAffectedByGriefing": true
        }
      }
    },
    "components": {
      "minecraft:behavior.knockback_roar": {
        "priority": 1,
        "duration": 0.5,
        "attack_time": 0.1,
        "knockback_damage": 0,
        "knockback_strength": 0,
        "knockback_range": 0,
        "knockback_filters": {
          "test": "is_family",
          "subject": "other",
          "operator": "!=",
          "value": "naruto"
        },
        "damage_filters": {
          "test": "is_family",
          "subject": "other",
          "operator": "!=",
          "value": "naruto"
        },
        "on_roar_end": {
          "event": "knock"
        },
        "cooldown_time": 0.1
      },
      "minecraft:area_attack": {
        "damage_range": 0,
        "damage_per_tick": 0,
        "cause": "contact",
        "entity_filter": {
          "all_of": [
            {
              "test": "is_family",
              "subject": "other",
              "operator": "!=",
              "value": "naruto"
            },
            {
              "test": "is_family",
              "subject": "other",
              "operator": "!=",
              "value": "inanimate"
            }
          ]
        }
      },
      "minecraft:health": {
        "max": 1,
        "value": 1,
        "min": 1
      },
      "minecraft:type_family": {
        "family": [
          "inanimate",
          "naruto"
          ]
      },
      "minecraft:collision_box": {
        "height": 0,
        "width": 0
      }
    },
    "events": {
      "knock": {
        "add": {
          "component_groups": [
            "exp"
          ]
        }
      }
    }
  }
}