{
	"format_version": "1.12.0",
	"minecraft:geometry": [
		{
			"description": {
				"identifier": "geometry.fish",
				"texture_width": 32,
				"texture_height": 32,
				"visible_bounds_width": 3,
				"visible_bounds_height": 2.5,
				"visible_bounds_offset": [0, 0.75, 0]
			},
			"bones": [
				{
					"name": "root",
					"pivot": [0.5, 0, 0]
				},
				{
					"name": "head",
					"parent": "root",
					"pivot": [0, 1, -4],
					"cubes": [
						{"origin": [-5.312, 0.15248, -5], "size": [1, 2, 1], "pivot": [-0.312, -6.84752, 0], "rotation": [0, 0, 35], "uv": [28, 29]},
						{"origin": [4.88558, 0.33333, -5], "size": [1, 2, 1], "pivot": [0.88558, -7.66667, 0], "rotation": [0, 0, -35], "uv": [28, 12]},
						{"origin": [-0.40141, 0.42655, -9.10583], "size": [0.8, -0.5, 1], "pivot": [0.39859, -9.57345, -2.10583], "rotation": [-12.5, 0, 0], "uv": [0, 0]},
						{"origin": [-0.5, -0.86886, -9.06648], "size": [1, 0.5, 3], "pivot": [0.5, -9.86886, -1.06648], "rotation": [-12.5, 0, 0], "uv": [0, 0]},
						{"origin": [-0.5, -0.40442, -6.74182], "size": [1, 0.5, 1], "pivot": [0.5, -8.40442, -0.74182], "rotation": [-12.5, 0, 0], "uv": [0, 0]},
						{"origin": [-0.5, 3.66565, -4.17807], "size": [1, 1, 3], "pivot": [0.5, -5.33435, 2.82193], "rotation": [17.5, 0, 0], "uv": [0, 0]},
						{"origin": [-0.5, 4.14251, -6.32843], "size": [1, 0.5, 2], "pivot": [0.5, -4.85749, 2.67157], "rotation": [17.5, 0, 0], "uv": [0, 0]},
						{"origin": [3.6132, -4.32695, -0.96348], "size": [-0.5, 1, 1], "pivot": [-8.8868, -8.32695, -5.96348], "rotation": [0, 17.5, -30], "uv": [0, 0]},
						{"origin": [-5.10853, 2.26843, -4.44487], "size": [-0.5, 1, 1], "pivot": [-3.60853, -5.73157, -2.44487], "rotation": [0, -17.5, 30], "uv": [0, 0]},
						{"origin": [-1.39327, 1, -5.44487], "size": [0.5, 1, 2], "pivot": [0.60673, -7, -2.44487], "rotation": [0, -17.5, 0], "uv": [0, 0], "mirror": true},
						{"origin": [0.87013, 1, -5.59522], "size": [0.5, 1, 2], "pivot": [-0.12987, -7, -2.59522], "rotation": [0, 17.5, 0], "uv": [0, 0]}
					]
				},
				{
					"name": "body",
					"parent": "root",
					"pivot": [0, 1, -4],
					"mirror": true,
					"cubes": [
						{"origin": [-1, 0, -4], "size": [1.5, 3, 7], "uv": [0, 0], "mirror": false},
						{"origin": [0, 3, -2], "size": [0, 1, 1], "uv": [0, 0], "mirror": false},
						{"origin": [0, 3, -3], "size": [0, 1, 1], "uv": [0, 0], "mirror": false},
						{"origin": [0, 4, -2], "size": [0, 1, 1], "uv": [0, 0], "mirror": false},
						{"origin": [0, 4, -1], "size": [0, 1, 1], "uv": [0, 0], "mirror": false},
						{"origin": [0, 3, -1], "size": [0, 1, 1], "uv": [0, 0], "mirror": false},
						{"origin": [0, 3, 0], "size": [0, 1, 1], "uv": [0, 0], "mirror": false},
						{"origin": [0, 4, 0], "size": [0, 1, 1], "uv": [0, 0], "mirror": false},
						{"origin": [0, 5, 0], "size": [0, 1, 1], "uv": [0, 0], "mirror": false},
						{"origin": [0, 4, 1], "size": [0, 1, 1], "uv": [0, 0], "mirror": false},
						{"origin": [0.5, 0, -4], "size": [0.5, 3, 7], "uv": [0, 0]}
					]
				},
				{
					"name": "fish",
					"parent": "root",
					"pivot": [0, 1, 3],
					"cubes": [
						{"origin": [-1.55893, 1, 2.61146], "size": [0.5, 1, 2], "pivot": [0.94107, -7, -0.38854], "rotation": [0, 10, 0], "uv": [0, 0]},
						{"origin": [1.03614, 1, 2.87193], "size": [0.5, 1, 2], "pivot": [0.53614, -7, -0.12807], "rotation": [0, -10, 0], "uv": [0, 0]},
						{"origin": [-0.75, 1, 5], "size": [1.5, 1, 2], "uv": [0, 0]},
						{"origin": [-0.75, 3.62913, -0.23928], "size": [1.5, 1, 3], "pivot": [0.25, -5.37087, -3.23928], "rotation": [-20, 0, 0], "uv": [0, 0]},
						{"origin": [-0.75, -1.3879, 1.1288], "size": [1.5, 1, 3], "pivot": [0.25, 4.6121, -1.8712], "rotation": [20, 0, 0], "uv": [0, 0]},
						{"origin": [0, 1, 7], "size": [0, 1, 1], "uv": [0, 0]},
						{"origin": [0, 2, 7], "size": [0, 1, 1], "uv": [0, 0]},
						{"origin": [0, 2, 8], "size": [0, 1, 1], "uv": [0, 0]},
						{"origin": [0, 3, 8], "size": [0, 1, 1], "uv": [0, 0]},
						{"origin": [0, 3, 9], "size": [0, 1, 1], "uv": [0, 0]},
						{"origin": [0, 0, 8], "size": [0, 1, 1], "uv": [0, 0]},
						{"origin": [0, 0, 7], "size": [0, 1, 1], "uv": [0, 0]},
						{"origin": [0, -1, 8], "size": [0, 1, 1], "uv": [0, 0]},
						{"origin": [0, 2, 9], "size": [0, 1, 1], "uv": [0, 0]},
						{"origin": [0, 3, 10], "size": [0, 1, 1], "uv": [0, 0]},
						{"origin": [0, 2, 6], "size": [0, 1, 1], "uv": [0, 0]}
					]
				},
				{
					"name": "rightArm",
					"parent": "root",
					"pivot": [-1, 0, -1],
					"cubes": [
						{"origin": [8, -8.2, -2], "size": [0, 1, 1], "pivot": [0.5, -7, 0], "rotation": [0, 0, -110], "uv": [0, 0]},
						{"origin": [8, -8.2, -1], "size": [0, 1, 1], "pivot": [0.5, -7, 0], "rotation": [0, 0, -110], "uv": [0, 0]},
						{"origin": [8, -7.2, -1], "size": [0, 1, 1], "pivot": [0.5, -7, 0], "rotation": [0, 0, -110], "uv": [0, 0]},
						{"origin": [8, -7.2, 0], "size": [0, 1, 1], "pivot": [0.5, -7, 0], "rotation": [0, 0, -110], "uv": [0, 0]}
					]
				},
				{
					"name": "leftArm",
					"parent": "root",
					"pivot": [1, 0, -1],
					"cubes": [
						{"origin": [-7, -9.2, -2], "size": [0, 1, 1], "pivot": [0.5, -7, 0], "rotation": [0, 0, 110], "uv": [0, 0]},
						{"origin": [-7, -9.2, -1], "size": [0, 1, 1], "pivot": [0.5, -7, 0], "rotation": [0, 0, 110], "uv": [0, 0]},
						{"origin": [-7, -8.2, -1], "size": [0, 1, 1], "pivot": [0.5, -7, 0], "rotation": [0, 0, 110], "uv": [0, 0]},
						{"origin": [-7, -8.2, 0], "size": [0, 1, 1], "pivot": [0.5, -7, 0], "rotation": [0, 0, 110], "uv": [0, 0]}
					]
				}
			]
		}
	]
}