{
	"format_version": "1.12.0",
	"minecraft:geometry": [
		{
			"description": {
				"identifier": "geometry.jogo",
				"texture_width": 320,
				"texture_height": 320,
				"visible_bounds_width": 2,
				"visible_bounds_height": 3.5,
				"visible_bounds_offset": [0, 1.25, 0]
			},
			"bones": [
				{
					"name": "head",
					"pivot": [0, 24, -5],
					"mirror": true,
					"cubes": [
						{"origin": [-2, 25.59255, -17.00412], "size": [4, 3, 1], "pivot": [0, -0.40745, 0.99588], "rotation": [-20, 0, 0], "uv": [173, 157]},
						{"origin": [-2, 28.85165, 7.48741], "size": [4, 3, 1], "pivot": [0, -0.14835, -0.51259], "rotation": [20, 0, 0], "uv": [51, 144]},
						{"origin": [-12.48117, 27.0583, -6], "size": [1, 2.5, 3], "pivot": [2.51883, 1.5583, 0], "rotation": [0, 0, 20], "uv": [206, 93]},
						{"origin": [12.10491, 27.52094, -6], "size": [1, 2.5, 3], "pivot": [-0.89509, 0.02094, 0], "rotation": [0, 0, -20], "uv": [264, 63]},
						{"origin": [-3, 24, -8], "size": [6, 7, 7], "uv": [114, 151]},
						{"origin": [3.5, 26, -6], "size": [-0.5, 3, 3], "uv": [0, 0]},
						{"origin": [-4, 27, -5], "size": [1, 1, 1.5], "uv": [177, 5]},
						{"origin": [2.5, 27, -5], "size": [1.5, 1, 1.5], "uv": [169, 0]},
						{"origin": [-4, 28, -5], "size": [1, 0.5, 1], "uv": [178, 9]},
						{"origin": [2.5, 28, -5], "size": [1.5, 0.5, 1], "uv": [175, 9]},
						{"origin": [-4, 27, -5], "size": [1, -0.5, 1], "uv": [255, 150]},
						{"origin": [2.5, 27, -5], "size": [1.5, -0.5, 1], "uv": [136, 0]},
						{"origin": [-4, 27, -5], "size": [1, 1, -0.5], "uv": [272, 59]},
						{"origin": [3, 27, -5], "size": [1, 1, -0.5], "uv": [272, 59]},
						{"origin": [-3.5, 26, -6], "size": [0.5, 3, 3], "uv": [0, 0]}
					]
				},
				{
					"name": "body",
					"pivot": [0, 24, -4],
					"mirror": true,
					"cubes": [
						{"origin": [-4, 12, 2], "size": [8, 5, 4], "pivot": [0, 0, 0], "rotation": [17.5, 0, 0], "uv": [297, 312]},
						{"origin": [-3, 17, 2], "size": [6, 7, 4], "pivot": [0, 0, 0], "rotation": [17.5, 0, 0], "uv": [301, 310]},
						{"origin": [-4, 23, 1], "size": [8, 2, 6], "pivot": [0, 0, 0], "rotation": [17.5, 0, 0], "uv": [293, 0], "mirror": false},
						{"origin": [-7, 16, 2], "size": [3, 9, -0.5], "pivot": [0, 0, 0], "rotation": [17.5, 0, 10], "uv": [0, 313]},
						{"origin": [-6, 17, 6], "size": [5, 6, 0.5], "pivot": [0, 0, 0], "rotation": [17.5, 0, 5], "uv": [0, 315]},
						{"origin": [4, 16, 2], "size": [3, 9, -0.5], "pivot": [0, 0, 0], "rotation": [17.5, 0, -10], "uv": [0, 313]},
						{"origin": [6, 16, 2], "size": [1, 6, 3], "pivot": [0, 0, 0], "rotation": [17.5, 0, -10], "uv": [313, 312]},
						{"origin": [-7, 16, 2], "size": [1, 6, 3], "pivot": [0, 0, 0], "rotation": [17.5, 0, 10], "uv": [313, 312]},
						{"origin": [1, 17, 5.5], "size": [5, 6, 1], "pivot": [0, 0, 0], "rotation": [17.5, 0, -5], "uv": [0, 314]},
						{"origin": [-2.9, 8, -7], "size": [6, 5, 3.5], "pivot": [0, 0, 0], "rotation": [-25, 0, 0], "uv": [303, 313], "mirror": false}
					]
				},
				{
					"name": "leftArm",
					"pivot": [4, 22, -3],
					"mirror": true,
					"cubes": [
						{"origin": [8, 8, -10], "size": [2, 7, 2], "pivot": [0, 0, 0], "rotation": [-27.5, 0, -12.5], "uv": [40, 16]},
						{"origin": [8, 15, -1], "size": [3, 2, -0.5], "pivot": [0, 0, 0], "rotation": [-5, 0, -12.5], "uv": [0, 320]},
						{"origin": [8, 15, -5], "size": [3, 3, 3.5], "pivot": [0, 0, 0], "rotation": [-5, 0, -12.5], "uv": [0, 315]},
						{"origin": [8, 16, 2], "size": [3, 6, 3.5], "pivot": [0, 0, 0], "rotation": [17.5, 0, -12.5], "uv": [0, 312]},
						{"origin": [8, 16, 6], "size": [3, 6, -0.5], "pivot": [0, 0, 0], "rotation": [17.5, 0, -12.5], "uv": [0, 316]}
					]
				},
				{
					"name": "rightArm",
					"pivot": [-4, 22, -3],
					"mirror": true,
					"cubes": [
						{"origin": [-10, 8, -10], "size": [2, 7, 2], "pivot": [0, 0, 0], "rotation": [-27.5, 0, 12.5], "uv": [40, 16]},
						{"origin": [-11, 16, 2], "size": [3, 6, 3.5], "pivot": [0, 0, 0], "rotation": [17.5, 0, 12.5], "uv": [0, 312]},
						{"origin": [-11, 16, 6], "size": [3, 6, -0.5], "pivot": [0, 0, 0], "rotation": [17.5, 0, 12.5], "uv": [0, 316]},
						{"origin": [-11, 15, -5], "size": [3, 2, 3.5], "pivot": [0, 0, 0], "rotation": [-5, 0, 12.5], "uv": [0, 316]},
						{"origin": [-11, 15, -1], "size": [3, 2, -0.5], "pivot": [0, 0, 0], "rotation": [-5, 0, 12.5], "uv": [0, 320]}
					]
				},
				{
					"name": "leftLeg",
					"pivot": [3, 12, -1],
					"mirror": true,
					"cubes": [
						{"origin": [7.1, 1, -5], "size": [1, 5, 3], "pivot": [0, 0, 0], "rotation": [-25, 0, -40], "uv": [313, 313], "mirror": false},
						{"origin": [6.1, 3, -7], "size": [3, 8, 4], "pivot": [0, 0, 0], "rotation": [-25, 0, -20], "uv": [307, 309], "mirror": false},
						{"origin": [5.1, 3, -7], "size": [1, 8, 3], "pivot": [0, 0, 0], "rotation": [-25, 0, -20], "uv": [313, 310], "mirror": false},
						{"origin": [3.1, 0, 1], "size": [2, 9, 2], "pivot": [0, 0, 0], "rotation": [27.5, 0, 0], "uv": [313, 310], "mirror": false},
						{"origin": [3.1, 4, 4], "size": [2, 3, 1], "pivot": [0, 0, 0], "rotation": [62.5, 0, 0], "uv": [315, 317], "mirror": false},
						{"origin": [3.1, 0, -3], "size": [3, 1, 6], "uv": [303, 314], "mirror": false}
					]
				},
				{
					"name": "rightLeg",
					"pivot": [-3, 12, -1],
					"mirror": true,
					"cubes": [
						{"origin": [-5.9, 3, -7], "size": [1, 8, 3], "pivot": [0, 0, 0], "rotation": [-25, 0, 20], "uv": [313, 310], "mirror": false},
						{"origin": [-7.9, 1, -5], "size": [1, 5, 3], "pivot": [0, 0, 0], "rotation": [-25, 0, 40], "uv": [313, 313], "mirror": false},
						{"origin": [-8.9, 3, -7], "size": [3, 8, 4], "pivot": [0, 0, 0], "rotation": [-25, 0, 20], "uv": [307, 309], "mirror": false},
						{"origin": [-4.9, 0, 1], "size": [2, 9, 2], "pivot": [0, 0, 0], "rotation": [27.5, 0, 0], "uv": [313, 310], "mirror": false},
						{"origin": [-4.9, 4, 4], "size": [2, 3, 1], "pivot": [0, 0, 0], "rotation": [62.5, 0, 0], "uv": [315, 317], "mirror": false},
						{"origin": [-5.9, 0, -3], "size": [3, 1, 6], "uv": [303, 314], "mirror": false}
					]
				}
			]
		}
	]
}