{
	"format_version": "1.12.0",
	"minecraft:geometry": [
		{
			"description": {
				"identifier": "geometry.tokyu",
				"texture_width": 64,
				"texture_height": 64,
				"visible_bounds_width": 3,
				"visible_bounds_height": 3.5,
				"visible_bounds_offset": [0, 1.25, 0]
			},
			"bones": [
				{
					"name": "root",
					"pivot": [0, 0, 0]
				},
				{
					"name": "head",
					"parent": "root",
					"pivot": [0, 30, 0],
					"cubes": [
						{"origin": [-4, 30, -5], "size": [8, 9, 9], "uv": [27, 32]},
						{"origin": [-4.5, 37, -5], "size": [0.5, 1, 8], "uv": [13, 31]},
						{"origin": [-3, 39, -5], "size": [1, 0.5, 6], "uv": [15, 33]},
						{"origin": [2, 39, -5], "size": [1, 0.5, 6], "uv": [15, 33]},
						{"origin": [4.5, 37, -5], "size": [-0.5, 1, 8], "uv": [13, 31]},
						{"origin": [4.5, 37, 2], "size": [-0.5, 1, 2], "pivot": [0, 0, 0], "rotation": [0, -5, 0], "uv": [24, 33]},
						{"origin": [1, 39, 1], "size": [1, 0.5, 4], "pivot": [0, 0, 0], "rotation": [0, 17.5, 0], "uv": [24, 33]},
						{"origin": [-2, 39, 1], "size": [1, 0.5, 4], "pivot": [0, 0, 0], "rotation": [0, -17.5, 0], "uv": [24, 33]},
						{"origin": [-4.5, 37, 2], "size": [0.5, 1, 2], "pivot": [0, 0, 0], "rotation": [0, 5, 0], "uv": [24, 33]},
						{"origin": [10, 29, 4], "size": [1, 9, 0.5], "pivot": [0, 0, 0], "rotation": [0, 0, -20], "uv": [38, 20]},
						{"origin": [9, 27, 4], "size": [1, 10, 0.5], "pivot": [0, 0, 0], "rotation": [0, 0, -20], "uv": [38, 20]},
						{"origin": [-11, 29, 4], "size": [1, 9, 0.5], "pivot": [0, 0, 0], "rotation": [0, 0, 20], "uv": [38, 20]},
						{"origin": [-10, 28, 4], "size": [1, 9, 0.5], "pivot": [0, 0, 0], "rotation": [0, 0, 20], "uv": [38, 20]},
						{"origin": [0, 29, 4], "size": [1, 3, 0.5], "uv": [38, 20]},
						{"origin": [-1, 29, 4], "size": [1, 3, 0.5], "uv": [38, 20]},
						{"origin": [-1, 28, 4], "size": [2, 1, 1], "uv": [49, 51]},
						{"origin": [0, 25, 4], "size": [1, 3, 0.5], "uv": [38, 20]},
						{"origin": [-1, 25, 4], "size": [1, 3, 0.5], "uv": [38, 20]},
						{"origin": [10, 14, 0], "size": [1, 10, 0.5], "pivot": [0, 0, 0], "rotation": [-10, 0, -22.5], "uv": [38, 20]},
						{"origin": [-11, 14, 0], "size": [1, 10, 0.5], "pivot": [0, 0, 0], "rotation": [-10, 0, 22.5], "uv": [38, 20]}
					]
				},
				{
					"name": "body",
					"parent": "root",
					"pivot": [0, 27, 0],
					"cubes": [
						{"origin": [1, 24, 2], "size": [4, 6, 1], "uv": [9, 13]},
						{"origin": [-5, 24, 2], "size": [4, 6, 1], "uv": [10, 14]},
						{"origin": [-5, 25, -4], "size": [10, 5, 1], "uv": [0, 21]},
						{"origin": [1, 24, -4], "size": [4, 1, 1], "uv": [0, 20]},
						{"origin": [-5, 24, -4], "size": [4, 1, 1], "uv": [0, 20]},
						{"origin": [-5, 19, -3], "size": [10, 5, 5], "uv": [0, 0]},
						{"origin": [-0.5, 21, -4], "size": [-2.5, 2.5, 1], "uv": [19, 17]},
						{"origin": [0.5, 21, -4], "size": [2.5, 2.5, 1], "uv": [0, 0]},
						{"origin": [0.5, 18, -4], "size": [2.5, 2.5, 1], "uv": [0, 0]},
						{"origin": [-0.5, 18, -4], "size": [-2.5, 2.5, 1], "uv": [0, 16]},
						{"origin": [-0.5, 16, -4], "size": [-2.5, 1.5, 2], "uv": [3, 11]},
						{"origin": [0.5, 16, -4], "size": [2.5, 1.5, 1], "uv": [0, 0]},
						{"origin": [-4, 15, -3], "size": [8, 4, 5], "uv": [1, 5]},
						{"origin": [-5, 24, -3], "size": [10, 6, 5], "uv": [15, 3]},
						{"origin": [3, 15, -5], "size": [3, 1, 9], "uv": [0, 52]},
						{"origin": [-2, 0, -2], "size": [4, 2, 3], "uv": [0, 52]},
						{"origin": [-3, 16, -5], "size": [6, 1, 1], "uv": [0, 52]},
						{"origin": [-3, 16, 2], "size": [6, 1, 1], "uv": [0, 52]},
						{"origin": [-5, 16, -4], "size": [2, 1, 7], "uv": [0, 52]},
						{"origin": [3, 16, -4], "size": [2, 1, 7], "uv": [0, 52]},
						{"origin": [-3, 15, 4], "size": [6, 1, 1], "uv": [1, 60]},
						{"origin": [-6, 15, -5], "size": [3, 1, 9], "uv": [0, 52]},
						{"origin": [-3, 15, -6], "size": [6, 1, 1], "uv": [1, 60]},
						{"origin": [-5, 5, -4], "size": [2, 1, 7], "uv": [0, 52]},
						{"origin": [3, 5, -4], "size": [2, 1, 7], "uv": [0, 52]},
						{"origin": [-3, 5, 3], "size": [6, 1, 1], "uv": [3, 60]},
						{"origin": [-3, 5, -5], "size": [6, 1, 1], "uv": [3, 60]},
						{"origin": [-3, 9, -6], "size": [6, 1, 1], "uv": [1, 60]},
						{"origin": [-3, 9, 4], "size": [6, 1, 1], "uv": [1, 60]},
						{"origin": [-6, 9, -5], "size": [3, 1, 9], "uv": [0, 52]},
						{"origin": [3, 9, -5], "size": [3, 1, 9], "uv": [0, 52]},
						{"origin": [-3, 0, -1], "size": [1, 2, 1], "uv": [0, 52]},
						{"origin": [2, 0, -1], "size": [1, 2, 1], "uv": [0, 52]},
						{"origin": [-3, 2, -3], "size": [6, 3, 5], "uv": [0, 52]},
						{"origin": [-4, 2, -2], "size": [1, 3, 3], "uv": [0, 52]},
						{"origin": [3, 2, -2], "size": [1, 3, 3], "uv": [0, 52]},
						{"origin": [-1, -1, -2], "size": [2, 2, 3], "uv": [0, 52]},
						{"origin": [-5, 5, -3], "size": [2, 4, 5], "uv": [0, 52]},
						{"origin": [3, 5, -3], "size": [2, 4, 5], "uv": [0, 52]},
						{"origin": [-3, 5, -4], "size": [6, 4, 7], "uv": [0, 52]},
						{"origin": [-6, 9, -4], "size": [3, 7, 7], "uv": [0, 52]},
						{"origin": [3, 9, -4], "size": [3, 7, 7], "uv": [0, 52]},
						{"origin": [-3, 9, -5], "size": [6, 7, 9], "uv": [0, 52]}
					]
				},
				{
					"name": "leftArm",
					"parent": "root",
					"pivot": [4, 28, 0],
					"cubes": [
						{"origin": [15, 20, -4], "size": [5, 5, 7], "pivot": [0, 0, 0], "rotation": [0, 0, -25], "uv": [38, 0]},
						{"origin": [15, 16, -2], "size": [4, 4, 4], "pivot": [0, 0, 0], "rotation": [0, 0, -25], "uv": [44, 1]},
						{"origin": [15, 0, -15], "size": [4, 11, 3], "pivot": [0, 0, 0], "rotation": [-52.5, 0, -25], "uv": [36, 50]}
					]
				},
				{
					"name": "rightArm",
					"parent": "root",
					"pivot": [-4, 28, 0],
					"cubes": [
						{"origin": [-20, 20, -4], "size": [5, 5, 7], "pivot": [0, 0, 0], "rotation": [0, 0, 25], "uv": [38, 0]},
						{"origin": [-19, 16, -3], "size": [4, 4, 5], "pivot": [0, 0, 0], "rotation": [0, 0, 25], "uv": [44, 0]},
						{"origin": [-19, 0, -15], "size": [4, 11, 3], "pivot": [0, 0, 0], "rotation": [-52.5, 0, 25], "uv": [50, 50]}
					]
				}
			]
		}
	]
}