{"format_version":"1.16.100","minecraft:item":{"components":{"minecraft:armor":{"protection":40},"minecraft:creative_category":{"parent":"itemGroup.name.helmet"},"minecraft:display_name":{},"minecraft:durability":{"damage_chance":{"max":20000000,"min":10000000},"max_durability":270000000},"minecraft:enchantable":{"slot":"armor_head","value":10},"minecraft:icon":{"texture":"armor_denki"},"minecraft:knockback_resistance":{"protection":0.25},"minecraft:max_stack_size":1,"minecraft:mining_speed":5,"minecraft:render_offsets":"helmets","minecraft:repairable":{"repair_items":[]},"minecraft:wearable":{"slot":"slot.armor.head"}},"description":{"category":"Equipment","identifier":"armor:denki"}}}