{
    "pools": [
        {
            "rolls": 1,
            "entries": [
                {
                    "type": "item",
                    "name": "rai:gokumonkyou"
                }
            ]
        },
        {
            "conditions": [
                {
                    "condition": "random_chance_with_looting",
                    "chance": 0.5
                }
            ],
            "rolls": 1,
            "entries": [
                {
                    "type": "item",
                    "name": "rai:rikugan"
                }
            ]
        }
    ]
}