{
    "pools": [
        {
            "conditions": [
                {
                    "condition": "random_chance_with_looting",
                    "chance": 0.25
                }
            ],
            "rolls": 1,
            "entries": [
                {
                    "type": "item",
                    "name": "rai:gyokuken"
                },
                {
                    "type": "item",
                    "name": "rai:gyokuken2"
                },
                {
                    "type": "item",
                    "name": "rai:gama"
                },
                {
                    "type": "item",
                    "name": "rai:nue"
                }
            ]
        }
    ]
}