{
  "format_version": "1.8.0",
  "minecraft:spawn_rules": {
    "description": {
      "identifier": "rai:okkotsu",
      "population_control": "animal"
    },
    "conditions": [
      {
        "minecraft:spawns_on_surface": {},
        "minecraft:spawns_on_block_filter": "minecraft:stone",
        "minecraft:brightness_filter": {
          "min": 7,
          "max": 15,
          "adjust_for_weather": true
        },
        "minecraft:weight": {
          "default": 1
        },
        "minecraft:biome_filter": {
          "test": "has_biome_tag", "operator": "==", "value": "extreme_hills"
        }
      }
    ]
  }
}