{
    "format_version": "1.16.100",
    "minecraft:item": {
        "description": {
            "identifier": "rai:gyokuken2",
            "category": "Items"
        },
        "components": {
            "minecraft:on_use":{
                "on_use": {
                    "condition": "q.variant != 3",
                    "event": "shikigami"
                }
            },
            "minecraft:creative_category": {
                "parent": "itemGroup.name.jujutsu"
            },
            "minecraft:icon": {
                "texture": "gyokuken2"
            },
            "minecraft:render_offsets": {
				"main_hand": {
					"third_person": {
						"scale": [0.045, 0.045, 0.045]
					},
					"first_person": {
						"scale": [0.017, 0.017, 0.017]
					}
				}
			},
            "minecraft:max_stack_size": 1,
            "minecraft:can_destroy_in_creative": false
        },
        "events": {
            "shikigami": {
                "swing": {},
                "run_command": {
                    "command": [
                        "summon rai:gyokuken2",
                        "replaceitem entity @s slot.weapon.mainhand 0 rai:gyokuken4"
                    ]
                }
            }
        }
    }
}