{
    "format_version": "1.16.100",
    "minecraft:item": {
        "description": {
            "identifier": "rai:hammer",
            "category": "Equipment"
        },
        "components": {
            "minecraft:durability": {
				"max_durability": 500
			},
            "minecraft:damage": -1,
            "minecraft:weapon": {
                "on_hurt_entity": {
                    "event": "on_attack",
                    "target": "self"
                }
            },
            "minecraft:on_use":{
                "on_use": {
                    "condition": "q.get_equipped_item_name(1) == 'nail2' && q.variant != 3 && q.scoreboard('juryoku') > 20",
                    "event": "hammer"
                }
            },
            "minecraft:creative_category": {
                "parent": "itemGroup.name.jujutsu"
            },
            "minecraft:icon": {
                "texture": "hammer"
            },
            "minecraft:max_stack_size": 1,
            "minecraft:hand_equipped": true
        },
        "events": {
            "on_attack": {
                "sequence": [
                    {
                        "randomize": [
                            {
                                "weight": 1,
                                "sequence": [
                                    {
                                        "run_command": {
                                            "command": [
                                                "effect @s speed 15 4 true",
                                                "effect @s jump_boost 15 4 true",
                                                "effect @s regeneration 15 2 true",
                                                "summon rai:kokusen"
                                            ]
                                        }
                                    },
                                    {
                                        "damage": {
                                            "type": "entity_attack",
                                            "target": "other",
                                            "amount": 200
                                        },
                                        "run_command": {
                                            "command": [
                                                "particle jujutsu:kokusen ~~1~",
                                                "tag @s add kokusen2",
                                                "scoreboard players set @s kokusen2 3"
                                            ],
                                            "target": "other"
                                        }
                                    }
                                ]
                            },
                            {
                                "weight": 99
                            }
                        ]
                    },
                    {
                        "damage": {
                            "type": "magic",
                            "amount": 1
                        }
                    }
                ]
            },
            "hammer": {
                "swing": {},
                "damage": {
                    "type": "magic",
                    "amount": 2
                },
                "run_command": {
                    "command": [
                        "scoreboard players remove @s[scores={hammer=0},m=!c] juryoku 6",
                        "scoreboard players remove @s[scores={hammer=1},m=!c] juryoku 20",
                        "scoreboard players set @s cooltime2 10",
                        "event entity @s[scores={hammer=0}] nail",
                        "event entity @s[scores={hammer=1}] nail2",
                        "clear @s[m=!c] rai:nail2 0 1"
                    ]
                }
            }
        }
    }
}