{
    "format_version": "1.16.100",
    "minecraft:item": {
        "description": {
            "identifier": "rai:huga",
            "category": "Items"
        },
        "components": {
            "minecraft:durability": {
				"max_durability": 50
			},
            "minecraft:weapon": {
            },
            "minecraft:on_use":{
                "on_use": {
                    "condition": "q.variant != 3 && q.mark_variant == 1 && q.scoreboard('juryoku') > 100",
                    "event": "huga"
                }
            },
            "minecraft:creative_category": {
                "parent": "itemGroup.name.jujutsu"
            },
            "minecraft:icon": {
                "texture": "huga"
            },
            "minecraft:render_offsets": {
				"main_hand": {
					"third_person": {
						"scale": [0.045, 0.045, 0.045]
					},
					"first_person": {
						"scale": [0.017, 0.017, 0.017]
					}
				}
			},
            "minecraft:max_stack_size": 1,
            "minecraft:can_destroy_in_creative": false
        },
        "events": {
            "huga": {
                "swing": {},
                "damage": {
                    "type": "magic",
                    "amount": 1
                },
                "run_command": {
                    "command": [
                        "scoreboard players remove @s[m=!c] juryoku 100",
                        "scoreboard players set @s cooltime 30",
                        "tellraw @a[r=8] {\"rawtext\":[{\"text\":\"<\"},{\"selector\":\"@s\"},{\"text\":\"> \"},{\"translate\":\"entity.rai:huga.name\"}]}",
                        "scoreboard players set @s cooltime2 30",
                        "event entity @s huga"
                    ]
                }
            }
        }
    }
}