{
    "format_version": "1.16.100",
    "minecraft:item": {
        "description": {
            "identifier": "rai:jurei_ball4",
            "category": "Items"
        },
        "components": {
            "minecraft:entity_placer": {
                "entity": "rai:jurei4_soujutsu"
            },
            "minecraft:food":{
                "nutrition": -3,
                "can_always_eat": true,
                "saturation_modifier": "poor",
                "on_consume": {
                    "event": "jurei_ball"
                }
            },
            "minecraft:creative_category": {
                "parent": "itemGroup.name.jujutsu"
            },
            "minecraft:icon": {
                "texture": "jurei_ball"
            },
            "minecraft:render_offsets": {
				"main_hand": {
					"third_person": {
						"scale": [0.045, 0.045, 0.045]
					},
					"first_person": {
						"scale": [0.017, 0.017, 0.017]
					}
				}
			},
            "minecraft:use_animation": "eat",
            "minecraft:use_duration": 1.5,
            "minecraft:max_stack_size": 16,
            "minecraft:can_destroy_in_creative": false
        },
        "events": {
            "jurei_ball": {
                "run_command": {
                    "command": [
                        "scoreboard players add @s jujutsushi_level 1",
                        "effect @s strength 600 0 true"
                    ]
                }
            }
        }
    }
}