{
    "format_version": "1.16.100",
    "minecraft:item": {
        "description": {
            "identifier": "rai:kasukuto",
            "category": "Nature"
        },
        "components": {
            "minecraft:creative_category": {
                "parent": "itemGroup.name.jujutsu"
            },
            "minecraft:icon": {
                "texture": "kasukuto"
            },
			"minecraft:render_offsets": {
				"main_hand": {
					"third_person": {
						"scale": [0.03, 0.03, 0.03]
					},
					"first_person": {
						"scale": [0.0085, 0.0085, 0.0085]
					}
				}
			},
            "minecraft:food":{
                "nutrition": 8,
                "saturation_modifier": "good"
            },
            "minecraft:use_animation": "eat",
            "minecraft:use_duration": 1.5,
            "minecraft:max_stack_size": 64,
            "minecraft:can_destroy_in_creative": false
        }
    }
}
