{
    "format_version": "1.16.100",
    "minecraft:item": {
        "description": {
            "identifier": "rai:murasaki",
            "category": "Items"
        },
        "components": {
            "minecraft:creative_category": {
                "parent": "itemGroup.name.jujutsu"
            },
            "minecraft:icon": {
                "texture": "murasaki"
            },
            "minecraft:render_offsets": {
				"main_hand": {
					"third_person": {
						"scale": [0.055, 0.055, 0.055]
					},
					"first_person": {
						"scale": [0.02, 0.02, 0.02]
					}
				}
			},
            "minecraft:on_use":{
                "on_use": {
                    "condition": "q.variant == 1 && q.scoreboard('juryoku') > 400 && q.scoreboard('cooltime2') <= 0",
                    "event": "murasaki"
                }
            },
            "minecraft:max_stack_size": 1,
            "minecraft:can_destroy_in_creative": false
        },
        "events": {
            "murasaki": {
                "swing": {},
                "run_command": {
                    "command": [
                        "scoreboard players remove @s[m=!c] juryoku 400",
                        "scoreboard players set @s cooltime2 100",
                        "tag @s add murasaki",
                        "scoreboard players set @s murasaki2 60",
                        "tellraw @a[r=30] {\"rawtext\":[{\"text\":\"<\"},{\"selector\":\"@s\"},{\"text\":\"> \"},{\"translate\":\"entity.rai:murasaki.name\"}]}",
                        "event entity @s murasaki"
                    ]
                }
            }
        }
    }
}