{
    "format_version": "1.16.100",
    "minecraft:item": {
        "description": {
            "identifier": "rai:muryokusho",
            "category": "Items"
        },
        "components": {
            "minecraft:on_use":{
                "on_use": {
                    "condition": "q.variant == 1 && q.scoreboard('cooltime2') <= 0",
                    "event": "muryokusho"
                }
            },
            "minecraft:creative_category": {
                "parent": "itemGroup.name.jujutsu"
            },
            "minecraft:icon": {
                "texture": "muryokusho"
            },
            "minecraft:render_offsets": {
				"main_hand": {
					"third_person": {
						"scale": [0.045, 0.045, 0.045]
					},
					"first_person": {
						"scale": [0.017, 0.017, 0.017]
					}
				}
			},
            "minecraft:max_stack_size": 1,
            "minecraft:can_destroy_in_creative": false
        },
        "events": {
            "muryokusho": {
                "swing": {},
                "run_command": {
                    "command": [
                        "scoreboard players remove @s[m=!c] juryoku 1000",
                        "scoreboard players set @s cooltime2 1200",
                        "tellraw @a[r=18] {\"rawtext\":[{\"text\":\"<\"},{\"selector\":\"@s\"},{\"text\":\"> \"},{\"translate\":\"item.rai:muryokusho\"}]}",
                        "tag @s add muryokusho",
                        "scoreboard players set @s muryokusho 1200",
                        "event entity @s muryokusho2",
                        "particle jujutsu:muryokusho ~~~"
                    ]
                }
            }
        }
    }
}