{
    "format_version": "1.16.100",
    "minecraft:item": {
        "description": {
            "identifier": "rai:nail2",
            "category": "Items"
        },
        "components": {
            "minecraft:creative_category": {
                "parent": "itemGroup.name.jujutsu"
            },
            "minecraft:icon": {
                "texture": "nail2"
            },
            "minecraft:render_offsets": {
				"main_hand": {
					"third_person": {
						"scale": [0.045, 0.045, 0.045],
                        "position": [0, 0.5, 0]
					},
					"first_person": {
						"scale": [0.0255, 0.0255, 0.0255]
					}
				},
				"off_hand": {
					"third_person": {
						"scale": [0.045, 0.045, 0.045],
                        "position": [0, 0.5, 0]
					},
					"first_person": {
						"scale": [0.0255, 0.0255, 0.0255]
					}
				}
			},
            "minecraft:foil": true,
            "minecraft:max_stack_size": 64,
            "minecraft:allow_off_hand": true,
            "minecraft:can_destroy_in_creative": false
        }
    }
}