{
	"format_version": "1.16.100",
	"minecraft:item": {
		"description": {
			"identifier": "rai:yuun",
            "category": "Equipment"
		},
        "components": {
            "minecraft:on_use":{
                "on_use": {
                    "condition": "q.scoreboard('cooltime2') <= 0",
                    "event": "yuun"
                }
            },
            "minecraft:durability": {
				"max_durability": 800
			},
            "minecraft:damage": 10,
            "minecraft:weapon": {
                "on_hurt_entity": {
                    "event": "on_attack",
                    "target": "self"
                }
            },
            "minecraft:creative_category": {
                "parent": "itemGroup.name.jujutsu"
            },
            "minecraft:icon": {
                "texture": "yuun"
            },
            "minecraft:max_stack_size": 1,
            "minecraft:can_destroy_in_creative": false
        },
        "events": {
            "on_attack": {
                "sequence": [
                    {
                        "randomize": [
                            {
                                "weight": 3,
                                "sequence": [
                                    {
                                        "run_command": {
                                            "command": [
                                                "effect @s speed 15 4 true",
                                                "effect @s jump_boost 15 4 true",
                                                "effect @s regeneration 15 2 true",
                                                "summon rai:kokusen"
                                            ]
                                        }
                                    },
                                    {
                                        "damage": {
                                            "type": "entity_attack",
                                            "target": "other",
                                            "amount": 200
                                        },
                                        "run_command": {
                                            "command": [
                                                "particle jujutsu:kokusen ~~1~",
                                                "tag @s add kokusen2",
                                                "scoreboard players set @s kokusen2 3"
                                            ],
                                            "target": "other"
                                        }
                                    }
                                ]
                            },
                            {
                                "weight": 97
                            }
                        ]
                    },
                    {
                        "damage": {
                            "type": "magic",
                            "amount": 1
                        }
                    }
                ]
            },
            "yuun": {
                "run_command": {
                    "command": [
                        "scoreboard players set @s cooltime2 120",
                        "event entity @s cooltime",
                        "scoreboard players set @s cooltime 10",
                        "tag @s add yuun_damage",
                        "scoreboard players set @s yuun_damage 3",
                        "execute @s ~~1~ summon rai:damage ^^^1 yuun_damage",
                        "playanimation @s animation.yuun_attack"
                    ]
                },
                "damage": {
                    "type": "magic",
                    "amount": 5
                }
            }
        }
	}
}