{
  "format_version": "1.10.0",
  "minecraft:attachable": {
    "description": {
      "identifier": "rai:guitar",
      "materials": {
        "default": "entity_alphatest",
        "enchanted": "entity_alphatest_glint"
      },
      "textures": {
        "default": "textures/entity/jujutsu/guitar",
        "enchanted": "textures/misc/enchanted_item_glint"
      },
      "geometry": {
        "default": "geometry.guitar"
      },
      "animations": {
        "item": "animation.guitar"
      },
      "scripts": {
        "animate": [
          "item"
        ]
      },
      "render_controllers": [ "controller.render.item_default" ]
    }
  }
}
