{
  "format_version": "1.10.0",
  "minecraft:attachable": {
    "description": {
      "identifier": "rai:inumaki_megaphone",
      "materials": {
        "default": "entity_alphatest",
        "enchanted": "entity_alphatest_glint"
      },
      "textures": {
        "default": "textures/entity/jujutsu/inumaki_megaphone",
        "enchanted": "textures/misc/enchanted_item_glint"
      },
      "geometry": {
        "default": "geometry.inumaki_megaphone"
      },
      "animations": {
        "item": "animation.inumaki_megaphone",
        "first_set": "animation.first_inumaki_megaphone"
      },
      "scripts": {
        "animate": [
          "item",
          {"first_set": "c.is_first_person"}
        ]
      },
      "render_controllers": [ "controller.render.item_default" ]
    }
  }
}
