{"animation_controllers":{"controller.animation.hif_mode":{"initial_state":"default","states":{"default":{"transitions":[{"shoot":"query.get_equipped_item_name=='modee' && query.item_remaining_use_duration > 0"}]},"shoot":{"on_entry":["/clear @s hif:ice","/clear @s hif:fire","/clear @s hif:removeb","/give @s hif:ice","/give @s hif:fire","/give @s hif:removeb","/effect @s fire_resistance 1000000 2 true","/scoreboard objectives add \"Half Cold\" dummy cold"],"on_exit":["/clear @s hif:modee"],"transitions":[{"default":"query.get_equipped_item_name=='modee' && query.item_remaining_use_duration > 0"}]}}}},"format_version":"1.10.0"}