{"animation_controllers":{"controller.animation.hif_removeb":{"initial_state":"default","states":{"default":{"transitions":[{"shoot":"query.get_equipped_item_name=='removeb' && query.item_remaining_use_duration > 0"}]},"shoot":{"on_entry":["/clear @s hif:fire","/clear @s hif:ice","/clear @s hif:mode","/clear @s hif:removeb","/give @s hif:modee","/effect @s clear"],"transitions":[{"default":"query.get_equipped_item_name=='removeb' && query.item_remaining_use_duration > 0"}]}}}},"format_version":"1.10.0"}