{"animation_controllers":{"controller.animation.ofa_oh":{"initial_state":"default","states":{"default":{"transitions":[{"shoot":"query.get_equipped_item_name=='oh' && query.item_remaining_use_duration > 0"}]},"shoot":{"on_entry":["/clear @s ofa:shoot_style","/give @s ofa:shoot_style","/clear @s ofa:smash","/give @s ofa:smash","/clear @s ofa:removea","/give @s ofa:removea","/clear @s ofa:last_hit","/give @s ofa:last_hit","/effect @s speed 1000000 4 true","/effect @s jump_boost 1000000 4 true"],"on_exit":["/clear @s ofa:oh"],"transitions":[{"default":"query.get_equipped_item_name=='oh' && query.item_remaining_use_duration > 0"}]}}}},"format_version":"1.10.0"}