{"animation_controllers":{"controller.animation.decay":{"initial_state":"default","states":{"decay":{"on_entry":["/kill @e[type=!player,r=3]"],"transitions":[{"default":"query.is_stunned && variable.attack_time > 0"}]},"default":{"on_entry":["/kill @e[type=!player,r=3]"],"transitions":[{"decay":"query.is_stunned && variable.attack_time >= 0"}]}}},"controller.animation.quirk_decay":{"initial_state":"default","states":{"default":{"transitions":[{"shoot":"query.get_equipped_item_name=='decay' && query.item_remaining_use_duration > 0"}]},"shoot":{"on_entry":["@s decay"],"on_exit":["/clear @s quirk:decay","/clear @s remove:quirk_decay","/give @s remove:quirk_decay"],"transitions":[{"default":"query.get_equipped_item_name=='decay' && query.item_remaining_use_duration > 0"}]}}}},"format_version":"1.10.0"}