{"animation_controllers":{"controller.animation.remove_quick_electric":{"initial_state":"default","states":{"default":{"transitions":[{"shoot":"query.get_equipped_item_name=='quick_electric' && query.item_remaining_use_duration > 0"}]},"shoot":{"on_entry":["/clear @s skill:elec_a","/clear @s skill:elec_b","/clear @s remove:quick_electric","/give @s quick:electric","/scoreboard objectives add elec dummy elec"],"transitions":[{"default":"query.get_equipped_item_name=='quick_electric' && query.item_remaining_use_duration > 0"}]}}}},"format_version":"1.10.0"}