{"animation_controllers":{"controller.animation.skill_elec_a":{"initial_state":"default","states":{"default":{"transitions":[{"shoot":"query.get_equipped_item_name=='elec_a' && query.item_remaining_use_duration > 0"}]},"shoot":{"on_entry":["/summon entity:full_nitro","/effect @e[rm=2] wither 10 3 true","/effect @s resistance 1 255 true","/effect @s fire_resistance 10 1 true","/effect @s hunger 2 24 true","/summon minecraft:lightning_bolt ~4~~","/summon minecraft:lightning_bolt ~-4~~","/summon minecraft:lightning_bolt ~~~4","/summon minecraft:lightning_bolt ~~~-4","/summon minecraft:lightning_bolt ~4~~-4","/summon minecraft:lightning_bolt ~-4~~4","/execute @e[rm=2] ~~~ summon lightning_bolt ~~~","/scoreboard objectives add elec dummy elec","/scoreboard players add @s elec 1","/execute @e[scores={elec=2..}] ~~~ effect @s nausea 20 255 true","/execute @e[scores={elec=2..}] ~~~ scoreboard players set @s elec 0"],"transitions":[{"default":"query.get_equipped_item_name=='elec_a' && query.item_remaining_use_duration > 0"}]}}}},"format_version":"1.10.0"}