{"animation_controllers":{"controller.animation.skill_elec_b":{"initial_state":"default","states":{"default":{"transitions":[{"shoot":"query.get_equipped_item_name=='elec_b' && query.item_remaining_use_duration > 0"}]},"shoot":{"on_entry":["/summon entity:full_nitro","/effect @s resistance 1 255 true","/effect @s fire_resistance 10 1 true","/effect @s hunger 2 24 true","/execute @e[rm=2] ~~~ summon lightning_bolt ~~~","/scoreboard objectives add elec dummy elec"],"transitions":[{"default":"query.get_equipped_item_name=='elec_b' && query.item_remaining_use_duration > 0"}]}}}},"format_version":"1.10.0"}