{
  "format_version": "1.8.0",
  "minecraft:client_entity": {
    "description": {
      "identifier": "rai:datto",
      "materials": {
        "default": "skeleton"
      },
      "textures": {
        "default": "textures/entity/jujutsu/datto"
      },
      "geometry": {
        "default": "geometry.datto"
      },
      "scripts": {
        "pre_animation": [
          "variable.tcos0 = (Math.cos(query.modified_distance_moved * 38.17) * query.modified_move_speed / variable.gliding_speed_value) * 57.3;"
        ]
      },
      "animations": {
        "look_at_target_default": "animation.humanoid.look_at_target.default",
        "move": "animation.humanoid.move",
        "attack.rotations": "animation.jujutsu.attack.rotations",
        "damage_nearby_mobs": "animation.humanoid.damage_nearby_mobs"
      },
      "animation_controllers": [
        { "look_at_target": "controller.animation.humanoid.look_at_target" },
        { "move": "controller.animation.humanoid.move" },
        { "attack": "controller.animation.humanoid.attack" },
        { "damage_nearby_mobs": "controller.animation.humanoid.damage_nearby_mobs" }
      ],
      "render_controllers": [ "controller.render.default" ]
    }
  }
}
