{
  "format_version": "1.10.0",
  "minecraft:client_entity": {
    "description": {
      "identifier": "rai:murasaki_particle",
      "materials": {
        "default": "slime_outer"
      },
      "textures": {
        "default": "textures/entity/jujutsu/murasaki",
        "test": "textures/entity/jujutsu/aka",
        "test2": "textures/entity/jujutsu/ao"
      },
      "geometry": {
        "default": "geometry.maru",
        "test": "geometry.aka",
        "test2": "geometry.ao"
      },
      "scripts": {
        "animate": [
          { "murasaki": "q.variant == 0" },
          { "gojo": "q.variant == 1" }
        ]
      },
      "animations": {
        "murasaki": "animation.murasaki",
        "gojo": "animation.murasaki2"
      },
      "render_controllers": [
        "controller.render.default",
        "controller.render.test",
        "controller.render.test2"
      ]
    }
  }
}
