{
  "format_version": "1.10.0",
  "minecraft:client_entity": {
    "description": {
      "identifier": "rai:nail2",
      "materials": {
        "default": "skeleton"
      },
      "textures": {
        "default": "textures/entity/jujutsu/nail"
      },
      "geometry": {
        "default": "geometry.nail"
      },
      "scripts" : {
        "animate" : [
          "look"
        ]
      },
      "animations" : {
        "look" : "animation.jujutsu.look3"
      },
      "render_controllers": [ "controller.render.default" ]
    }
  }
}
