{
  "format_version": "1.12",
  "minecraft:recipe_shaped": {
    "description": {
      "identifier": "recipes_8ebd603a"
    },
    "tags": [
      "crafting_table"
    ],
    "pattern": [
      "ABC",
      "DED"
    ],
    "key": {
      "A": {
        "item": "minecraft:blaze_powder",
        "data": 0
      },
      "B": {
        "item": "minecraft:dye",
        "data": 11
      },
      "C": {
        "item": "minecraft:redstone_block",
        "data": 0
      },
      "D": {
        "item": "minecraft:wool",
        "data": 4
      },
      "E": {
        "item": "minecraft:wool",
        "data": 0
      }
    },
    "result": {
      "item": "armor:denki",
      "count": 1,
      "data": 0
    }
  }
}