{
  "format_version": "1.12",
  "minecraft:recipe_shaped": {
    "description": {
      "identifier": "armor_4f531854"
    },
    "tags": [
      "crafting_table"
    ],
    "pattern": [
      " A ",
      "BCB",
      "B B"
    ],
    "key": {
      "A": {
        "item": "minecraft:dye",
        "data": 2
      },
      "B": {
        "item": "minecraft:iron_ingot",
        "data": 0
      },
      "C": {
        "item": "minecraft:emerald",
        "data": 0
      }
    },
    "result": {
      "item": "ofa:armor",
      "count": 1
    }
  }
}